frame,qpos_max_abs_difference,reference_tip_mean_error_m,candidate_tip_mean_error_m,reference_wrist_mean_error_rad,candidate_wrist_mean_error_rad,reference_self_minimum_m,candidate_self_minimum_m,reference_native_minimum_m,candidate_native_minimum_m
0,0.0,0.01415258435670957,0.01415258435670957,0.07946637475846591,0.07946637475846591,8.44554645683046e-06,8.44554645683046e-06,-1.1102230246251565e-16,-1.1102230246251565e-16
1,0.0,0.012521303599504638,0.012521303599504638,0.10426231599671786,0.10426231599671786,3.0932845158371247e-06,3.0932845158371247e-06,1.653122083666858e-11,1.653122083666858e-11
2,0.0,0.012261291879297833,0.012261291879297833,0.10996028568488442,0.10996028568488442,1.999999410109282e-06,1.999999410109282e-06,8.19366796633858e-12,8.19366796633858e-12
3,0.0,0.0126790692980838,0.0126790692980838,0.0849709204655863,0.0849709204655863,2.000006049107661e-06,2.000006049107661e-06,4.2237324748839455e-12,4.2237324748839455e-12
4,0.0,0.014092904127973515,0.014092904127973515,0.09303984618493027,0.09303984618493027,-7.28583859910259e-17,-7.28583859910259e-17,-1.543354333222169e-11,-1.543354333222169e-11
5,0.0,0.01602365970075059,0.01602365970075059,0.1263654673699751,0.1263654673699751,-6.938893903907228e-18,-6.938893903907228e-18,-9.54059053981382e-12,-9.54059053981382e-12
6,0.0,0.01797093541654999,0.01797093541654999,0.19558444470463265,0.19558444470463265,5.204170427930421e-17,5.204170427930421e-17,3.6798009084293426e-11,3.6798009084293426e-11
7,0.0,0.01959044953253671,0.01959044953253671,0.27519892247859545,0.27519892247859545,-1.1796119636642288e-16,-1.1796119636642288e-16,4.0829450931312294e-11,4.0829450931312294e-11
8,0.0,0.02163015236281069,0.02163015236281069,0.33607697214512394,0.33607697214512394,2.7755575615628914e-17,2.7755575615628914e-17,2.3957502648386253e-11,2.3957502648386253e-11
9,0.0,0.023887709834709985,0.023887709834709985,0.3695525339055998,0.3695525339055998,-2.3245294578089215e-16,-2.3245294578089215e-16,1.443312136473196e-11,1.443312136473196e-11
10,0.0,0.026626012271545384,0.026626012271545384,0.37659446731178275,0.37659446731178275,-1.734723475976807e-17,-1.734723475976807e-17,2.7685853609682454e-11,2.7685853609682454e-11
11,0.0,0.02889459012158534,0.02889459012158534,0.3614113336453083,0.3614113336453083,1.9995696618688164e-06,1.9995696618688164e-06,2.1486923351687892e-11,2.1486923351687892e-11
12,0.0,0.02959168569256687,0.02959168569256687,0.33556702424631435,0.33556702424631435,1.9998871216061337e-06,1.9998871216061337e-06,4.2246539599943844e-11,4.2246539599943844e-11
13,8.478507737674779e-05,0.028594068010887996,0.028622152576413307,0.3079184359305452,0.3079156994365878,1.9997518393155556e-06,1.9997518393155556e-06,-0.00010077589910284512,-1.5116381758661923e-05
