bend_rad,closeup,contact_max_distance_from_rota1_joint_m,contact_reaches_beyond_rota1_rota2_span,contact_thumb_local_x_max_m,contact_thumb_local_x_min_m,native_contact_count,native_intersection,native_max_penetration_depth_m,rota1_rad,rota1_to_rota2_joint_span_m,runtime_guard_min_distance_m,sample_family,sample_id
0.0,grid_b00_r00.png,0.0,False,,,0,False,0.0,-1.05,0.05529999999999995,0.03162035047543874,LEGAL_JOINT_GRID,grid_b00_r00
0.0,grid_b00_r01.png,0.0,False,,,0,False,0.0,-0.788,0.055300000000000016,0.030345427629899065,LEGAL_JOINT_GRID,grid_b00_r01
0.0,grid_b00_r02.png,0.0,False,,,0,False,0.0,-0.526,0.05529999999999996,0.02860942097960433,LEGAL_JOINT_GRID,grid_b00_r02
0.0,grid_b00_r03.png,0.0,False,,,0,False,0.0,-0.264,0.05529999999999996,0.02610575526762482,LEGAL_JOINT_GRID,grid_b00_r03
0.0,grid_b00_r04.png,0.0,False,,,0,False,0.0,-0.002,0.055299999999999974,0.022773381501135097,LEGAL_JOINT_GRID,grid_b00_r04
0.0,grid_b00_r05.png,0.0,False,,,0,False,0.0,0.26,0.055300000000000016,0.0189215341411438,LEGAL_JOINT_GRID,grid_b00_r05
0.0,grid_b00_r06.png,0.0,False,,,0,False,0.0,0.522,0.05530000000000002,0.014826792464133492,LEGAL_JOINT_GRID,grid_b00_r06
0.0,grid_b00_r07.png,0.0,False,,,0,False,0.0,0.784,0.05529999999999995,0.010790182046445867,LEGAL_JOINT_GRID,grid_b00_r07
0.0,grid_b00_r08.png,0.0,False,,,0,False,0.0,1.046,0.055299999999999974,0.0068504617703222335,LEGAL_JOINT_GRID,grid_b00_r08
0.0,grid_b00_r09.png,0.0,False,,,0,False,0.0,1.308,0.05529999999999996,0.002499082809436604,LEGAL_JOINT_GRID,grid_b00_r09
0.0,grid_b00_r10.png,0.051896276119876156,False,0.0480000041425228,0.008976368969331893,234,True,0.00226311731212165,1.57,0.05529999999999999,-0.0005922861656478759,LEGAL_JOINT_GRID,grid_b00_r10
0.305,grid_b01_r00.png,0.0,False,,,0,False,0.0,-1.05,0.05529999999999997,0.03268060940513873,LEGAL_JOINT_GRID,grid_b01_r00
0.305,grid_b01_r01.png,0.0,False,,,0,False,0.0,-0.788,0.055300000000000016,0.03067215416325118,LEGAL_JOINT_GRID,grid_b01_r01
0.305,grid_b01_r02.png,0.0,False,,,0,False,0.0,-0.526,0.055299999999999926,0.028145516214601447,LEGAL_JOINT_GRID,grid_b01_r02
0.305,grid_b01_r03.png,0.0,False,,,0,False,0.0,-0.264,0.055299999999999995,0.02514766625374496,LEGAL_JOINT_GRID,grid_b01_r03
0.305,grid_b01_r04.png,0.0,False,,,0,False,0.0,-0.002,0.05529999999999997,0.021739434021936604,LEGAL_JOINT_GRID,grid_b01_r04
0.305,grid_b01_r05.png,0.0,False,,,0,False,0.0,0.26,0.055300000000000016,0.017990846432446417,LEGAL_JOINT_GRID,grid_b01_r05
0.305,grid_b01_r06.png,0.0,False,,,0,False,0.0,0.522,0.055299999999999946,0.013990685697172272,LEGAL_JOINT_GRID,grid_b01_r06
0.305,grid_b01_r07.png,0.0,False,,,0,False,0.0,0.784,0.055299999999999974,0.00975553248484203,LEGAL_JOINT_GRID,grid_b01_r07
0.305,grid_b01_r08.png,0.0,False,,,0,False,0.0,1.046,0.05530000000000001,0.005599271415746099,LEGAL_JOINT_GRID,grid_b01_r08
0.305,grid_b01_r09.png,0.0,False,,,0,False,0.0,1.308,0.055299999999999974,0.0018808852951157475,LEGAL_JOINT_GRID,grid_b01_r09
0.305,grid_b01_r10.png,0.051896276119876156,False,0.04800000414252279,0.009841198101639742,226,True,0.004621203235264326,1.57,0.05529999999999998,0.001430375012007443,LEGAL_JOINT_GRID,grid_b01_r10
0.61,grid_b02_r00.png,0.0,False,,,0,False,0.0,-1.05,0.055300000000000016,0.031583098903505975,LEGAL_JOINT_GRID,grid_b02_r00
0.61,grid_b02_r01.png,0.0,False,,,0,False,0.0,-0.788,0.05529999999999999,0.02968323509036773,LEGAL_JOINT_GRID,grid_b02_r01
0.61,grid_b02_r02.png,0.0,False,,,0,False,0.0,-0.526,0.05529999999999999,0.027277717769232514,LEGAL_JOINT_GRID,grid_b02_r02
0.61,grid_b02_r03.png,0.0,False,,,0,False,0.0,-0.264,0.05530000000000006,0.02440737315804229,LEGAL_JOINT_GRID,grid_b02_r03
0.61,grid_b02_r04.png,0.0,False,,,0,False,0.0,-0.002,0.05529999999999999,0.021128891584767044,LEGAL_JOINT_GRID,grid_b02_r04
0.61,grid_b02_r05.png,0.0,False,,,0,False,0.0,0.26,0.05530000000000005,0.01750408988779448,LEGAL_JOINT_GRID,grid_b02_r05
0.61,grid_b02_r06.png,0.0,False,,,0,False,0.0,0.522,0.05529999999999998,0.013604112630926259,LEGAL_JOINT_GRID,grid_b02_r06
0.61,grid_b02_r07.png,0.0,False,,,0,False,0.0,0.784,0.05530000000000004,0.00952361641602508,LEGAL_JOINT_GRID,grid_b02_r07
0.61,grid_b02_r08.png,0.0,False,,,0,False,0.0,1.046,0.0553,0.0055128858787289615,LEGAL_JOINT_GRID,grid_b02_r08
0.61,grid_b02_r09.png,0.0,False,,,0,False,0.0,1.308,0.05529999999999999,0.001954150485418244,LEGAL_JOINT_GRID,grid_b02_r09
0.61,grid_b02_r10.png,0.045160675637981894,False,0.040420830249786384,0.009999998845160014,133,True,0.0019418482929690062,1.57,0.055299999999999995,0.0017561805873984242,LEGAL_JOINT_GRID,grid_b02_r10
0.915,grid_b03_r00.png,0.0,False,,,0,False,0.0,-1.05,0.05529999999999998,0.03209914375926553,LEGAL_JOINT_GRID,grid_b03_r00
0.915,grid_b03_r01.png,0.0,False,,,0,False,0.0,-0.788,0.0553,0.030447867073055645,LEGAL_JOINT_GRID,grid_b03_r01
0.915,grid_b03_r02.png,0.0,False,,,0,False,0.0,-0.526,0.05529999999999995,0.028282676375213433,LEGAL_JOINT_GRID,grid_b03_r02
0.915,grid_b03_r03.png,0.0,False,,,0,False,0.0,-0.264,0.05529999999999995,0.02563650971016304,LEGAL_JOINT_GRID,grid_b03_r03
0.915,grid_b03_r04.png,0.0,False,,,0,False,0.0,-0.002,0.055300000000000016,0.02256492595738089,LEGAL_JOINT_GRID,grid_b03_r04
0.915,grid_b03_r05.png,0.0,False,,,0,False,0.0,0.26,0.055299999999999946,0.019127221693571398,LEGAL_JOINT_GRID,grid_b03_r05
0.915,grid_b03_r06.png,0.0,False,,,0,False,0.0,0.522,0.05529999999999995,0.015393251035432619,LEGAL_JOINT_GRID,grid_b03_r06
0.915,grid_b03_r07.png,0.0,False,,,0,False,0.0,0.784,0.055300000000000044,0.011427845774807722,LEGAL_JOINT_GRID,grid_b03_r07
0.915,grid_b03_r08.png,0.0,False,,,0,False,0.0,1.046,0.05529999999999997,0.0074428131248706515,LEGAL_JOINT_GRID,grid_b03_r08
0.915,grid_b03_r09.png,0.0,False,,,0,False,0.0,1.308,0.05529999999999996,0.003864877772859066,LEGAL_JOINT_GRID,grid_b03_r09
0.915,grid_b03_r10.png,0.0,False,,,0,False,0.0,1.57,0.05530000000000002,7.637113628085046e-05,LEGAL_JOINT_GRID,grid_b03_r10
1.22,grid_b04_r00.png,0.0,False,,,0,False,0.0,-1.05,0.05529999999999991,0.03373640601060385,LEGAL_JOINT_GRID,grid_b04_r00
1.22,grid_b04_r01.png,0.0,False,,,0,False,0.0,-0.788,0.055299999999999995,0.032388205328938866,LEGAL_JOINT_GRID,grid_b04_r01
1.22,grid_b04_r02.png,0.0,False,,,0,False,0.0,-0.526,0.055299999999999946,0.030494153358394897,LEGAL_JOINT_GRID,grid_b04_r02
1.22,grid_b04_r03.png,0.0,False,,,0,False,0.0,-0.264,0.055300000000000016,0.028084742919885955,LEGAL_JOINT_GRID,grid_b04_r03
1.22,grid_b04_r04.png,0.0,False,,,0,False,0.0,-0.002,0.05529999999999998,0.025204430488865802,LEGAL_JOINT_GRID,grid_b04_r04
1.22,grid_b04_r05.png,0.0,False,,,0,False,0.0,0.26,0.05529999999999996,0.021910715747370923,LEGAL_JOINT_GRID,grid_b04_r05
1.22,grid_b04_r06.png,0.0,False,,,0,False,0.0,0.522,0.05529999999999996,0.018266203989759797,LEGAL_JOINT_GRID,grid_b04_r06
1.22,grid_b04_r07.png,0.0,False,,,0,False,0.0,0.784,0.05529999999999996,0.014363126882607165,LEGAL_JOINT_GRID,grid_b04_r07
1.22,grid_b04_r08.png,0.0,False,,,0,False,0.0,1.046,0.0553,0.010333871426234063,LEGAL_JOINT_GRID,grid_b04_r08
1.22,grid_b04_r09.png,0.0,False,,,0,False,0.0,1.308,0.055299999999999974,0.0064522106374767805,LEGAL_JOINT_GRID,grid_b04_r09
1.22,grid_b04_r10.png,0.0,False,,,0,False,0.0,1.57,0.0553,0.0030572110401768274,LEGAL_JOINT_GRID,grid_b04_r10
1.525,grid_b05_r00.png,0.0,False,,,0,False,0.0,-1.05,0.05529999999999995,0.035898821459480625,LEGAL_JOINT_GRID,grid_b05_r00
1.525,grid_b05_r01.png,0.0,False,,,0,False,0.0,-0.788,0.05529999999999998,0.03481221668629687,LEGAL_JOINT_GRID,grid_b05_r01
1.525,grid_b05_r02.png,0.0,False,,,0,False,0.0,-0.526,0.05529999999999996,0.03309197147448365,LEGAL_JOINT_GRID,grid_b05_r02
1.525,grid_b05_r03.png,0.0,False,,,0,False,0.0,-0.264,0.05530000000000001,0.030478917350941152,LEGAL_JOINT_GRID,grid_b05_r03
1.525,grid_b05_r04.png,0.0,False,,,0,False,0.0,-0.002,0.05529999999999999,0.02733366811986222,LEGAL_JOINT_GRID,grid_b05_r04
1.525,grid_b05_r05.png,0.0,False,,,0,False,0.0,0.26,0.05530000000000002,0.023806338668704567,LEGAL_JOINT_GRID,grid_b05_r05
1.525,grid_b05_r06.png,0.0,False,,,0,False,0.0,0.522,0.05529999999999995,0.020060031057840745,LEGAL_JOINT_GRID,grid_b05_r06
1.525,grid_b05_r07.png,0.0,False,,,0,False,0.0,0.784,0.0553,0.016302240900976612,LEGAL_JOINT_GRID,grid_b05_r07
1.525,grid_b05_r08.png,0.0,False,,,0,False,0.0,1.046,0.05529999999999999,0.01289901426719949,LEGAL_JOINT_GRID,grid_b05_r08
1.525,grid_b05_r09.png,0.0,False,,,0,False,0.0,1.308,0.055300000000000016,0.009321912877234561,LEGAL_JOINT_GRID,grid_b05_r09
1.525,grid_b05_r10.png,0.0,False,,,0,False,0.0,1.57,0.0553,0.003925012526085484,LEGAL_JOINT_GRID,grid_b05_r10
1.83,grid_b06_r00.png,0.0,False,,,0,False,0.0,-1.05,0.0553,0.027145929664796734,LEGAL_JOINT_GRID,grid_b06_r00
1.83,grid_b06_r01.png,0.0,False,,,0,False,0.0,-0.788,0.05529999999999997,0.025160822354398073,LEGAL_JOINT_GRID,grid_b06_r01
1.83,grid_b06_r02.png,0.0,False,,,0,False,0.0,-0.526,0.05529999999999995,0.022772259870896545,LEGAL_JOINT_GRID,grid_b06_r02
1.83,grid_b06_r03.png,0.0,False,,,0,False,0.0,-0.264,0.05529999999999997,0.02003103314384169,LEGAL_JOINT_GRID,grid_b06_r03
1.83,grid_b06_r04.png,0.0,False,,,0,False,0.0,-0.002,0.05529999999999994,0.017002195867682014,LEGAL_JOINT_GRID,grid_b06_r04
1.83,grid_b06_r05.png,0.0,False,,,0,False,0.0,0.26,0.05530000000000004,0.013756012974832024,LEGAL_JOINT_GRID,grid_b06_r05
1.83,grid_b06_r06.png,0.0,False,,,0,False,0.0,0.522,0.05529999999999996,0.01029075545665282,LEGAL_JOINT_GRID,grid_b06_r06
1.83,grid_b06_r07.png,0.0,False,,,0,False,0.0,0.784,0.05530000000000002,0.006735850627842092,LEGAL_JOINT_GRID,grid_b06_r07
1.83,grid_b06_r08.png,0.0,False,,,0,False,0.0,1.046,0.0553,0.003570800496105551,LEGAL_JOINT_GRID,grid_b06_r08
1.83,grid_b06_r09.png,0.0,False,,,0,False,0.0,1.308,0.05529999999999999,0.0001239495740298878,LEGAL_JOINT_GRID,grid_b06_r09
1.83,grid_b06_r10.png,0.0657710014435828,True,0.06459646824540717,0.005965335760265591,638,True,0.008628776426021008,1.57,0.0553,0.0035193515882900837,LEGAL_JOINT_GRID,grid_b06_r10
0.4506393364843487,old_mink_reference_e00.png,0.02868035876675038,False,0.02154292198224247,0.014728963725727474,4,True,6.192876777417339e-05,1.412043648096379,0.05529999999999999,-2.401717323794335e-07,OLD_MINK_REFERENCE,OLD_MINK_REFERENCE_e00
0.5353325591585231,old_mink_reference_e20.png,0.03534643629418389,False,0.02907980233430865,0.011708388105034842,72,True,0.0007795975531786001,1.461340606030273,0.05530000000000004,-6.5324014336517065e-09,OLD_MINK_REFERENCE,OLD_MINK_REFERENCE_e20
0.45064207911491394,accepted_a_replay_e00.png,0.0,False,,,0,False,0.0,1.4119333028793335,0.05530000000000003,1.9994679309259256e-06,ACCEPTED_A_REPLAY,ACCEPTED_A_REPLAY_e00
0.5502067804336548,accepted_a_replay_e20.png,0.03534643629418387,False,0.02907980233430862,0.011327133513987063,74,True,0.0007088502604492841,1.4626888036727905,0.05529999999999998,2.1780108472843e-05,ACCEPTED_A_REPLAY,ACCEPTED_A_REPLAY_e20
