camera_depth_m,endpoint,independent_2d_ground_truth_available,inside_image,landmark,pixel_x,pixel_y,reprojection_error_px,rgb_frame_zero_based,timestamp_s
0.6160569442647642,0,False,True,wrist,509.02856211318215,1061.8430783666847,,0,0.0
0.6418429360364344,0,False,True,ring_mcp,514.7589307469106,864.7349659936602,,0,0.0
0.65539943735865,0,False,True,ring_pip,534.6958686482554,805.3383832387567,,0,0.0
0.6722829348455213,0,False,True,ring_dip,554.614478748684,762.3132859410546,,0,0.0
0.6899957453369269,0,False,True,ring_tip,578.195775164552,726.526733277125,,0,0.0
0.6486036677591054,0,False,True,pinky_mcp,481.6592086640016,883.8402800317393,,0,0.0
0.658177787011682,0,False,True,pinky_pip,493.9094885834879,839.644723277584,,0,0.0
0.6689723469321858,0,False,True,pinky_dip,513.6667173965722,804.9395339362716,,0,0.0
0.6804381682022032,0,False,True,pinky_tip,535.0898802044059,777.6238903826458,,0,0.0
0.5861320615972678,14,False,True,wrist,427.4420279353999,1063.0047051007516,,14,0.4666666666666667
0.604795855339074,14,False,True,ring_mcp,349.5320338257723,880.2784713609169,,14,0.4666666666666667
0.6240319167401166,14,False,True,ring_pip,383.69913343359855,824.454397371472,,14,0.4666666666666667
0.6412668650053776,14,False,True,ring_dip,435.9510723803814,805.2284617700603,,14,0.4666666666666667
0.647316089092368,14,False,True,ring_tip,485.68530474385,820.5460811265866,,14,0.4666666666666667
0.6184178668137772,14,False,True,pinky_mcp,347.6190271234152,907.1614171959665,,14,0.4666666666666667
0.6318199134200095,14,False,True,pinky_pip,372.3266047056848,865.4912051667018,,14,0.4666666666666667
0.6408185504556615,14,False,True,pinky_dip,407.3541523845086,836.8262741620626,,14,0.4666666666666667
0.6448438430397844,14,False,True,pinky_tip,443.3713825413799,828.5777062553458,,14,0.4666666666666667
0.5801898301733643,15,False,True,wrist,403.13006853347207,1047.1824902955245,,15,0.5
0.6001346473477556,15,False,True,ring_mcp,307.87293278953086,875.3769311382152,,15,0.5
0.620579520646225,15,False,True,ring_pip,337.43341167037653,819.455149083154,,15,0.5
0.6385343483815882,15,False,True,ring_dip,389.76623474081043,798.6068158594115,,15,0.5
0.6435810761988595,15,False,True,ring_tip,440.2649093516146,813.1397503135881,,15,0.5
0.6129015097148716,15,False,True,pinky_mcp,308.851467486878,905.7983087719198,,15,0.5
0.6272592983972014,15,False,True,pinky_pip,330.70128313694136,863.8450898076518,,15,0.5
0.6371661118598233,15,False,True,pinky_dip,364.0888858473018,832.8011814248597,,15,0.5
0.641501372281108,15,False,True,pinky_tip,400.00372112156515,822.2509641567752,,15,0.5
0.5766113998525492,16,False,True,wrist,379.6953908371603,1027.702507317012,,16,0.5333333333333333
0.5988095924338573,16,False,True,ring_mcp,273.6617878157375,867.0152521242649,,16,0.5333333333333333
0.6204978028688932,16,False,True,ring_pip,298.3750629109685,812.9512295781348,,16,0.5333333333333333
0.6395224444839336,16,False,True,ring_dip,349.69716668562876,790.9136484980854,,16,0.5333333333333333
0.6442314727319178,16,False,True,ring_tip,400.9181124678295,803.4826047497132,,16,0.5333333333333333
0.6103218717025065,16,False,True,pinky_mcp,276.16238526656906,901.0825062922672,,16,0.5333333333333333
0.6256579844763039,16,False,True,pinky_pip,295.34996050460614,860.0714885562176,,16,0.5333333333333333
0.6366443931097887,16,False,True,pinky_dip,327.07080154131495,827.6927573825653,,16,0.5333333333333333
0.6414972505994145,16,False,True,pinky_tip,362.7977024055556,815.4288564496526,,16,0.5333333333333333
0.5746221277020404,17,False,True,wrist,360.8398958899631,1003.98219208266,,17,0.5666666666666667
0.6003929709935326,17,False,True,ring_mcp,251.04762615312467,853.1369462467723,,17,0.5666666666666667
0.6231032853821203,17,False,True,ring_pip,271.9805385837514,802.3118449064269,,17,0.5666666666666667
0.643054593066342,17,False,True,ring_dip,321.9039806311528,780.0473067095761,,17,0.5666666666666667
0.6476756473691644,17,False,True,ring_tip,373.58086825093704,790.4083138870391,,17,0.5666666666666667
0.6105775717235377,17,False,True,pinky_mcp,254.56107664894583,890.4108873339504,,17,0.5666666666666667
0.6267581449181512,17,False,True,pinky_pip,272.2040535342162,851.2565759574929,,17,0.5666666666666667
0.6386029369865306,17,False,True,pinky_dip,302.88449583074765,818.7862720091762,,17,0.5666666666666667
0.6437069740566715,17,False,True,pinky_tip,338.4037099154596,805.944775342265,,17,0.5666666666666667
0.5786723759504597,20,False,True,wrist,322.66548076458645,933.249868344757,,20,0.6666666666666666
0.6185330980383141,20,False,True,ring_mcp,227.75210958914815,806.0907284362545,,20,0.6666666666666666
0.6437150783071318,20,False,True,ring_pip,247.57220344219434,766.511606099465,,20,0.6666666666666666
0.6646734484643969,20,False,True,ring_dip,296.0206664518319,749.5477998577713,,20,0.6666666666666666
0.6683513049028922,20,False,True,ring_tip,346.11391161884563,758.0412076405196,,20,0.6666666666666666
0.6249874526014763,20,False,True,pinky_mcp,232.0417453867626,849.024163057306,,20,0.6666666666666666
0.6431701183892057,20,False,True,pinky_pip,250.31958547090795,817.0968258659672,,20,0.6666666666666666
0.656473329729138,20,False,True,pinky_dip,281.7523668260012,788.5279405561857,,20,0.6666666666666666
0.6608825406377536,20,False,True,pinky_tip,316.71929689695054,779.0501233789819,,20,0.6666666666666666
