frame,side,finger,baseline_fingertip_position_error_m,candidate_fingertip_position_error_m,delta_fingertip_position_error_m,baseline_fingertip_orientation_error_rad,candidate_fingertip_orientation_error_rad,delta_fingertip_orientation_error_rad,baseline_wrist_orientation_error_rad,candidate_wrist_orientation_error_rad,delta_wrist_orientation_error_rad,baseline_frame_velocity_ratio,candidate_frame_velocity_ratio,baseline_joint_limit_margin,candidate_joint_limit_margin,baseline_native_floor_minimum_m,candidate_native_floor_minimum_m
0,right,thumb,0.007158508038377299,0.011579407098789534,0.004420899060412235,0.10275727364100815,0.21820456711985078,0.11544729347884264,0.09753590531726122,0.09894832183484362,0.0014124165175823933,,,0.0,-5.551115123125783e-17,-0.020878212143358388,-1.1102230246251565e-16
0,right,index,0.006363528483439842,0.010751623203184587,0.004388094719744745,0.1151257078684787,0.12055437518783144,0.005428667319352737,0.09753590531726122,0.09894832183484362,0.0014124165175823933,,,0.0,-5.551115123125783e-17,-0.020878212143358388,-1.1102230246251565e-16
0,right,middle,0.012638250458668678,0.01563783865041281,0.0029995881917441337,0.40105118982240134,0.39954846892796386,-0.0015027208944374815,0.09753590531726122,0.09894832183484362,0.0014124165175823933,,,0.0,-5.551115123125783e-17,-0.020878212143358388,-1.1102230246251565e-16
0,right,ring,0.00737449188734129,0.010087508498927004,0.002713016611585714,0.4947771407250377,0.49342079699440067,-0.001356343730637033,0.09753590531726122,0.09894832183484362,0.0014124165175823933,,,0.0,-5.551115123125783e-17,-0.020878212143358388,-1.1102230246251565e-16
0,right,pinky,0.020993035702872354,0.019905966660890617,-0.001087069041981737,0.14597966629293893,0.15950001238695277,0.013520346094013841,0.09753590531726122,0.09894832183484362,0.0014124165175823933,,,0.0,-5.551115123125783e-17,-0.020878212143358388,-1.1102230246251565e-16
0,left,thumb,0.014416143484350179,0.010630173124338874,-0.003785970360011305,0.1136362241345658,0.2474151355651067,0.13377891143054088,0.057710783926643694,0.059984427682088205,0.0022736437554445113,,,0.0,-5.551115123125783e-17,-0.020878212143358388,-1.1102230246251565e-16
0,left,index,0.011172758775997353,0.016474686148226742,0.005301927372229389,0.3663609861794421,0.3739330146917428,0.007572028512300655,0.057710783926643694,0.059984427682088205,0.0022736437554445113,,,0.0,-5.551115123125783e-17,-0.020878212143358388,-1.1102230246251565e-16
0,left,middle,0.010990157488773876,0.014418583060847574,0.003428425572073698,0.42748348799313973,0.4244478196219951,-0.0030356683711446064,0.057710783926643694,0.059984427682088205,0.0022736437554445113,,,0.0,-5.551115123125783e-17,-0.020878212143358388,-1.1102230246251565e-16
0,left,ring,0.003985000301002706,0.009639419177390616,0.00565441887638791,0.6818676381071599,0.6806787680542228,-0.0011888700529371077,0.057710783926643694,0.059984427682088205,0.0022736437554445113,,,0.0,-5.551115123125783e-17,-0.020878212143358388,-1.1102230246251565e-16
0,left,pinky,0.021572597444541285,0.022400637944087337,0.0008280404995460525,0.5681621383603985,0.5793584682457331,0.011196329885334588,0.057710783926643694,0.059984427682088205,0.0022736437554445113,,,0.0,-5.551115123125783e-17,-0.020878212143358388,-1.1102230246251565e-16
1,right,thumb,0.003910444448984066,0.006409537869711263,0.002499093420727197,0.023130669615139463,0.05943013449624115,0.03629946488110168,0.14563955679079124,0.14972855238374547,0.004088995592954225,0.9999925000000004,0.9999925000000004,-5.551115123125783e-17,-1.1102230246251565e-16,-0.02198338576969694,1.653122083666858e-11
1,right,index,0.004608585321179861,0.005856330404308621,0.0012477450831287606,0.12137688437923817,0.12197692440317819,0.0006000400239400128,0.14563955679079124,0.14972855238374547,0.004088995592954225,0.9999925000000004,0.9999925000000004,-5.551115123125783e-17,-1.1102230246251565e-16,-0.02198338576969694,1.653122083666858e-11
1,right,middle,0.010888356790671051,0.011671614681847927,0.0007832578911768761,0.38487770782458647,0.38322807250862645,-0.0016496353159600186,0.14563955679079124,0.14972855238374547,0.004088995592954225,0.9999925000000004,0.9999925000000004,-5.551115123125783e-17,-1.1102230246251565e-16,-0.02198338576969694,1.653122083666858e-11
1,right,ring,0.004437780694856055,0.005312997489843712,0.0008752167949876571,0.4381468029038582,0.4367314291583071,-0.0014153737455511184,0.14563955679079124,0.14972855238374547,0.004088995592954225,0.9999925000000004,0.9999925000000004,-5.551115123125783e-17,-1.1102230246251565e-16,-0.02198338576969694,1.653122083666858e-11
1,right,pinky,0.02057103653274937,0.019874393976884733,-0.0006966425558646364,0.10414982964964477,0.10767552404516491,0.0035256943955201403,0.14563955679079124,0.14972855238374547,0.004088995592954225,0.9999925000000004,0.9999925000000004,-5.551115123125783e-17,-1.1102230246251565e-16,-0.02198338576969694,1.653122083666858e-11
1,left,thumb,0.015247294260270222,0.011283891183037995,-0.003963403077232227,0.11967093036900832,0.25914066118560514,0.1394697308165968,0.05672253034364177,0.05879607960969024,0.002073549266048469,0.9999925000000004,0.9999925000000004,-5.551115123125783e-17,-1.1102230246251565e-16,-0.02198338576969694,1.653122083666858e-11
1,left,index,0.011763137524870954,0.01745842535272146,0.005695287827850505,0.382334418392911,0.3913015358868785,0.008967117493967502,0.05672253034364177,0.05879607960969024,0.002073549266048469,0.9999925000000004,0.9999925000000004,-5.551115123125783e-17,-1.1102230246251565e-16,-0.02198338576969694,1.653122083666858e-11
1,left,middle,0.011050746053935348,0.014731781526633129,0.003681035472697781,0.4261799420858864,0.423090221731761,-0.0030897203541254137,0.05672253034364177,0.05879607960969024,0.002073549266048469,0.9999925000000004,0.9999925000000004,-5.551115123125783e-17,-1.1102230246251565e-16,-0.02198338576969694,1.653122083666858e-11
1,left,ring,0.004033304252130623,0.010093180305567514,0.006059876053436891,0.691260020690038,0.6901840562530484,-0.0010759644369896515,0.05672253034364177,0.05879607960969024,0.002073549266048469,0.9999925000000004,0.9999925000000004,-5.551115123125783e-17,-1.1102230246251565e-16,-0.02198338576969694,1.653122083666858e-11
1,left,pinky,0.02153400743569087,0.02252088320449004,0.0009868757687991718,0.5763067644087471,0.5882741524488238,0.011967388040076687,0.05672253034364177,0.05879607960969024,0.002073549266048469,0.9999925000000004,0.9999925000000004,-5.551115123125783e-17,-1.1102230246251565e-16,-0.02198338576969694,1.653122083666858e-11
2,right,thumb,0.004084295118527103,0.006991029922200024,0.002906734803672921,0.08717612728745021,0.0802286298497684,-0.006947497437681804,0.1565997004990014,0.16231592280369894,0.005716222304697538,0.9999962500000001,0.9999924999999987,0.0,-1.1102230246251565e-16,-0.022685849608304,8.19366796633858e-12
2,right,index,0.0034727767113962777,0.004236900782347508,0.0007641240709512303,0.1187590480144103,0.11941145154470056,0.0006524035302902659,0.1565997004990014,0.16231592280369894,0.005716222304697538,0.9999962500000001,0.9999924999999987,0.0,-1.1102230246251565e-16,-0.022685849608304,8.19366796633858e-12
2,right,middle,0.01009207434231725,0.01031302806702255,0.0002209537247053004,0.38185717822194104,0.3789038835319845,-0.0029532946899565315,0.1565997004990014,0.16231592280369894,0.005716222304697538,0.9999962500000001,0.9999924999999987,0.0,-1.1102230246251565e-16,-0.022685849608304,8.19366796633858e-12
2,right,ring,0.0028839957616365285,0.0028858533150358475,1.8575533993190653e-06,0.4011636552379711,0.3981618166859976,-0.0030018385519735014,0.1565997004990014,0.16231592280369894,0.005716222304697538,0.9999962500000001,0.9999924999999987,0.0,-1.1102230246251565e-16,-0.022685849608304,8.19366796633858e-12
2,right,pinky,0.02016404124649403,0.019984550180951615,-0.00017949106554241562,0.10328399443011037,0.10531705000790112,0.0020330555777907516,0.1565997004990014,0.16231592280369894,0.005716222304697538,0.9999962500000001,0.9999924999999987,0.0,-1.1102230246251565e-16,-0.022685849608304,8.19366796633858e-12
2,left,thumb,0.016061708408023713,0.011793269265587924,-0.0042684391424357895,0.12680305243284742,0.2688282673759433,0.14202521494309586,0.055778207415966015,0.0576046485660699,0.0018264411501038857,0.9999962500000001,0.9999924999999987,0.0,-1.1102230246251565e-16,-0.022685849608304,8.19366796633858e-12
2,left,index,0.012362529589607277,0.018309254738356928,0.005946725148749651,0.3970942736483246,0.40700389718153585,0.009909623533211231,0.055778207415966015,0.0576046485660699,0.0018264411501038857,0.9999962500000001,0.9999924999999987,0.0,-1.1102230246251565e-16,-0.022685849608304,8.19366796633858e-12
2,left,middle,0.011117102208027271,0.015002505889741306,0.003885403681714035,0.4251542735232544,0.42206878424416405,-0.0030854892790903587,0.055778207415966015,0.0576046485660699,0.0018264411501038857,0.9999962500000001,0.9999924999999987,0.0,-1.1102230246251565e-16,-0.022685849608304,8.19366796633858e-12
2,left,ring,0.004086916136961481,0.010494969666277292,0.006408053529315811,0.7006101689144485,0.6996873010018241,-0.0009228679126244144,0.055778207415966015,0.0576046485660699,0.0018264411501038857,0.9999962500000001,0.9999924999999987,0.0,-1.1102230246251565e-16,-0.022685849608304,8.19366796633858e-12
2,left,pinky,0.02153319700283872,0.022601556965457324,0.0010683599626186042,0.5845009163600646,0.5969089128460549,0.012407996485990225,0.055778207415966015,0.0576046485660699,0.0018264411501038857,0.9999962500000001,0.9999924999999987,0.0,-1.1102230246251565e-16,-0.022685849608304,8.19366796633858e-12
3,right,thumb,0.008751760203023993,0.009224713733125478,0.0004729535301014852,0.21496370048331942,0.21441333991892347,-0.0005503605643959464,0.11242614923437101,0.11344230776831868,0.001016158533947667,0.9999962500000003,0.9999962500000001,-1.1102230246251565e-16,-1.1102230246251565e-16,-0.023801086549743222,4.2237324748839455e-12
3,right,index,0.0030131359530328177,0.003192456200363114,0.00017932024733029617,0.06388459858459138,0.06182419231077444,-0.002060406273816935,0.11242614923437101,0.11344230776831868,0.001016158533947667,0.9999962500000003,0.9999962500000001,-1.1102230246251565e-16,-1.1102230246251565e-16,-0.023801086549743222,4.2237324748839455e-12
3,right,middle,0.009040345302897454,0.009212877728392199,0.0001725324254947449,0.4023070196330056,0.40250295602356195,0.00019593639055637269,0.11242614923437101,0.11344230776831868,0.001016158533947667,0.9999962500000003,0.9999962500000001,-1.1102230246251565e-16,-1.1102230246251565e-16,-0.023801086549743222,4.2237324748839455e-12
3,right,ring,0.00410549265797237,0.003549298242347181,-0.0005561944156251887,0.434146248225932,0.4355739153475634,0.001427667121631393,0.11242614923437101,0.11344230776831868,0.001016158533947667,0.9999962500000003,0.9999962500000001,-1.1102230246251565e-16,-1.1102230246251565e-16,-0.023801086549743222,4.2237324748839455e-12
3,right,pinky,0.020797086515390476,0.02075810761006612,-3.897890532435569e-05,0.18926424134450087,0.19019656634622323,0.0009323250017223561,0.11242614923437101,0.11344230776831868,0.001016158533947667,0.9999962500000003,0.9999962500000001,-1.1102230246251565e-16,-1.1102230246251565e-16,-0.023801086549743222,4.2237324748839455e-12
3,left,thumb,0.01689483842069963,0.012514757415432143,-0.004380081005267487,0.1345460917263565,0.2814175735111786,0.14687148178482207,0.05490440258420168,0.056499533162853915,0.0015951305786522374,0.9999962500000003,0.9999962500000001,-1.1102230246251565e-16,-1.1102230246251565e-16,-0.023801086549743222,4.2237324748839455e-12
3,left,index,0.012941969314521108,0.019197232627958267,0.006255263313437159,0.41132779365729555,0.4220389013167102,0.010711107659414631,0.05490440258420168,0.056499533162853915,0.0015951305786522374,0.9999962500000003,0.9999962500000001,-1.1102230246251565e-16,-1.1102230246251565e-16,-0.023801086549743222,4.2237324748839455e-12
3,left,middle,0.011181277622899416,0.015357138598211797,0.004175860975312381,0.4252749661694673,0.4221584730786421,-0.0031164930908251787,0.05490440258420168,0.056499533162853915,0.0015951305786522374,0.9999962500000003,0.9999962500000001,-1.1102230246251565e-16,-1.1102230246251565e-16,-0.023801086549743222,4.2237324748839455e-12
3,left,ring,0.004153734983065368,0.011043460356725116,0.006889725373659748,0.7097255733441707,0.7090673629385771,-0.0006582104055936622,0.05490440258420168,0.056499533162853915,0.0015951305786522374,0.9999962500000003,0.9999962500000001,-1.1102230246251565e-16,-1.1102230246251565e-16,-0.023801086549743222,4.2237324748839455e-12
3,left,pinky,0.02154577818636727,0.022740650468216606,0.0011948722818493351,0.5925871891027752,0.6056856686618503,0.01309847955907506,0.05490440258420168,0.056499533162853915,0.0015951305786522374,0.9999962500000003,0.9999962500000001,-1.1102230246251565e-16,-1.1102230246251565e-16,-0.023801086549743222,4.2237324748839455e-12
4,right,thumb,0.014856626933261799,0.015039147771792301,0.00018252083853050223,0.27490775445021287,0.27388383542382205,-0.0010239190263908182,0.1285461327638487,0.1304855995258852,0.001939466762036518,0.9999962500000001,0.9999962500000001,-5.551115123125783e-17,0.0,-0.02503814650180458,-1.543354333222169e-11
4,right,index,0.0056243345790713,0.005644444910988965,2.0110331917664627e-05,0.08406526786771269,0.08294588479290012,-0.0011193830748125744,0.1285461327638487,0.1304855995258852,0.001939466762036518,0.9999962500000001,0.9999962500000001,-5.551115123125783e-17,0.0,-0.02503814650180458,-1.543354333222169e-11
4,right,middle,0.008642532289329957,0.00872856251114487,8.603022181491275e-05,0.4047634286503677,0.40510776188156095,0.0003443332311932612,0.1285461327638487,0.1304855995258852,0.001939466762036518,0.9999962500000001,0.9999962500000001,-5.551115123125783e-17,0.0,-0.02503814650180458,-1.543354333222169e-11
4,right,ring,0.005338653548593623,0.005365095218463186,2.644166986956291e-05,0.46653354214416354,0.4677600399281348,0.0012264977839712699,0.1285461327638487,0.1304855995258852,0.001939466762036518,0.9999962500000001,0.9999962500000001,-5.551115123125783e-17,0.0,-0.02503814650180458,-1.543354333222169e-11
4,right,pinky,0.02238812869507883,0.022448474919554616,6.03462244757845e-05,0.3569206495375544,0.3582363256964571,0.0013156761589026567,0.1285461327638487,0.1304855995258852,0.001939466762036518,0.9999962500000001,0.9999962500000001,-5.551115123125783e-17,0.0,-0.02503814650180458,-1.543354333222169e-11
4,left,thumb,0.017749216900587034,0.013344009674198045,-0.004405207226388989,0.14277566506416797,0.29504388152450856,0.15226821646034058,0.05421618713610323,0.05559409284397533,0.0013779057078721,0.9999962500000001,0.9999962500000001,-5.551115123125783e-17,0.0,-0.02503814650180458,-1.543354333222169e-11
4,left,index,0.013480047175197385,0.020033723224564884,0.006553676049367499,0.42526955275891637,0.4365613815969815,0.011291828838065121,0.05421618713610323,0.05559409284397533,0.0013779057078721,0.9999962500000001,0.9999962500000001,-5.551115123125783e-17,0.0,-0.02503814650180458,-1.543354333222169e-11
4,left,middle,0.011247224265496032,0.01575481101725051,0.004507586751754479,0.4264508816510578,0.42329849860820984,-0.0031523830428479838,0.05421618713610323,0.05559409284397533,0.0013779057078721,0.9999962500000001,0.9999962500000001,-5.551115123125783e-17,0.0,-0.02503814650180458,-1.543354333222169e-11
4,left,ring,0.0042478353439968815,0.011659397370996511,0.00741156202699963,0.7179091960422078,0.7175990543009823,-0.0003101417412255669,0.05421618713610323,0.05559409284397533,0.0013779057078721,0.9999962500000001,0.9999962500000001,-5.551115123125783e-17,0.0,-0.02503814650180458,-1.543354333222169e-11
4,left,pinky,0.02156606583969463,0.02291137466078125,0.0013453088210866222,0.6003980550894001,0.6142521934932551,0.013854138403854965,0.05421618713610323,0.05559409284397533,0.0013779057078721,0.9999962500000001,0.9999962500000001,-5.551115123125783e-17,0.0,-0.02503814650180458,-1.543354333222169e-11
5,right,thumb,0.02155839219505357,0.02167448179842013,0.00011608960336656135,0.3647881929056343,0.3640450974312892,-0.0007430954743450902,0.1957446010511421,0.19786326578272612,0.002118664731584008,0.9999925000000004,0.9999925000000004,-2.7755575615628914e-17,-1.942890293094024e-16,-0.025866538886442303,-9.54059053981382e-12
5,right,index,0.008839108003537524,0.008668582618230856,-0.000170525385306668,0.11675781901211983,0.11853447286815709,0.001776653856037258,0.1957446010511421,0.19786326578272612,0.002118664731584008,0.9999925000000004,0.9999925000000004,-2.7755575615628914e-17,-1.942890293094024e-16,-0.025866538886442303,-9.54059053981382e-12
5,right,middle,0.011942110999831576,0.01190937380615468,-3.27371936768954e-05,0.4479089009050838,0.4481063788148415,0.00019747790975771506,0.1957446010511421,0.19786326578272612,0.002118664731584008,0.9999925000000004,0.9999925000000004,-2.7755575615628914e-17,-1.942890293094024e-16,-0.025866538886442303,-9.54059053981382e-12
5,right,ring,0.006404592996435717,0.00641330891718698,8.715920751263713e-06,0.5412672035016443,0.5423718861924828,0.001104682690838521,0.1957446010511421,0.19786326578272612,0.002118664731584008,0.9999925000000004,0.9999925000000004,-2.7755575615628914e-17,-1.942890293094024e-16,-0.025866538886442303,-9.54059053981382e-12
5,right,pinky,0.02548501583327241,0.025449936101099038,-3.50797321733709e-05,0.5544389812952545,0.5563614123750951,0.0019224310798405808,0.1957446010511421,0.19786326578272612,0.002118664731584008,0.9999925000000004,0.9999925000000004,-2.7755575615628914e-17,-1.942890293094024e-16,-0.025866538886442303,-9.54059053981382e-12
5,left,thumb,0.018597410943473645,0.01413928112264624,-0.004458129820827404,0.1505677800686311,0.3046485479527273,0.15408076788409616,0.05370052217077065,0.05486766895722407,0.001167146786453424,0.9999925000000004,0.9999925000000004,-2.7755575615628914e-17,-1.942890293094024e-16,-0.025866538886442303,-9.54059053981382e-12
5,left,index,0.014004573469662492,0.020706716785576618,0.006702143315914125,0.4395844926192517,0.45102512374584636,0.011440631126594658,0.05370052217077065,0.05486766895722407,0.001167146786453424,0.9999925000000004,0.9999925000000004,-2.7755575615628914e-17,-1.942890293094024e-16,-0.025866538886442303,-9.54059053981382e-12
5,left,middle,0.01132353953721597,0.01607589384452708,0.004752354307311111,0.4280535926713329,0.42494764968314225,-0.0031059429881906686,0.05370052217077065,0.05486766895722407,0.001167146786453424,0.9999925000000004,0.9999925000000004,-2.7755575615628914e-17,-1.942890293094024e-16,-0.025866538886442303,-9.54059053981382e-12
5,left,ring,0.004361744996967477,0.012153276752976882,0.007791531756009404,0.72497137409166,0.7250251291842633,5.375509260330258e-05,0.05370052217077065,0.05486766895722407,0.001167146786453424,0.9999925000000004,0.9999925000000004,-2.7755575615628914e-17,-1.942890293094024e-16,-0.025866538886442303,-9.54059053981382e-12
5,left,pinky,0.021594265036387863,0.02304574526068737,0.0014514802242995076,0.6079680911715183,0.6221993728113904,0.014231281639872084,0.05370052217077065,0.05486766895722407,0.001167146786453424,0.9999925000000004,0.9999925000000004,-2.7755575615628914e-17,-1.942890293094024e-16,-0.025866538886442303,-9.54059053981382e-12
6,right,thumb,0.029658905044000723,0.029715571787915566,5.6666743914843276e-05,0.47682737182514107,0.47683981118786867,1.2439362727600933e-05,0.3350706208126493,0.336849955010159,0.0017793341975096966,0.9999962500000001,0.9999962500000003,0.0,-5.551115123125783e-17,-0.027318101522546434,3.6798009084293426e-11
6,right,index,0.008119090430620677,0.00806447926783847,-5.46111627822074e-05,0.2548298293112496,0.25592133999802086,0.0010915106867712687,0.3350706208126493,0.336849955010159,0.0017793341975096966,0.9999962500000001,0.9999962500000003,0.0,-5.551115123125783e-17,-0.027318101522546434,3.6798009084293426e-11
6,right,middle,0.010928179811410116,0.010824892858436104,-0.00010328695297401151,0.5405618162194796,0.5405658049569929,3.988737513282992e-06,0.3350706208126493,0.336849955010159,0.0017793341975096966,0.9999962500000001,0.9999962500000003,0.0,-5.551115123125783e-17,-0.027318101522546434,3.6798009084293426e-11
6,right,ring,0.01062149876112824,0.010607562811382634,-1.3935949745606455e-05,0.6452743437685025,0.6461111714295065,0.0008368276610040137,0.3350706208126493,0.336849955010159,0.0017793341975096966,0.9999962500000001,0.9999962500000003,0.0,-5.551115123125783e-17,-0.027318101522546434,3.6798009084293426e-11
6,right,pinky,0.03087253874932774,0.030779494397745674,-9.3044351582066e-05,0.7821181163089119,0.7841434759297408,0.002025359620828837,0.3350706208126493,0.336849955010159,0.0017793341975096966,0.9999962500000001,0.9999962500000003,0.0,-5.551115123125783e-17,-0.027318101522546434,3.6798009084293426e-11
6,left,thumb,0.019438575488842577,0.015416081362729643,-0.004022494126112934,0.15733334120116266,0.31737464628919776,0.1600413050880351,0.053371755574709176,0.05431893439910632,0.0009471788243971407,0.9999962500000001,0.9999962500000003,0.0,-5.551115123125783e-17,-0.027318101522546434,3.6798009084293426e-11
6,left,index,0.014514728503410174,0.02156190168117122,0.0070471731777610475,0.45361078288475076,0.4655401816549927,0.011929398770241961,0.053371755574709176,0.05431893439910632,0.0009471788243971407,0.9999962500000001,0.9999962500000003,0.0,-5.551115123125783e-17,-0.027318101522546434,3.6798009084293426e-11
6,left,middle,0.011401886927996084,0.016581589295947573,0.005179702367951488,0.42989359065689386,0.42680896187662926,-0.003084628780264609,0.053371755574709176,0.05431893439910632,0.0009471788243971407,0.9999962500000001,0.9999962500000003,0.0,-5.551115123125783e-17,-0.027318101522546434,3.6798009084293426e-11
6,left,ring,0.004477867176881238,0.012872928621041552,0.008395061444160315,0.7307292164636647,0.7312538528199808,0.000524636356316055,0.053371755574709176,0.05431893439910632,0.0009471788243971407,0.9999962500000001,0.9999962500000003,0.0,-5.551115123125783e-17,-0.027318101522546434,3.6798009084293426e-11
6,left,pinky,0.021625687944397426,0.02328485208129143,0.0016591641368940042,0.6153363828866838,0.6304122054699246,0.015075822583240805,0.053371755574709176,0.05431893439910632,0.0009471788243971407,0.9999962500000001,0.9999962500000003,0.0,-5.551115123125783e-17,-0.027318101522546434,3.6798009084293426e-11
7,right,thumb,0.03261728185450865,0.0326182400958427,9.582413340522566e-07,0.6569963250822878,0.6586110489974082,0.0016147239151204085,0.4944037234679116,0.49600934646184874,0.001605622993937128,0.9999962500000001,0.9999962500000009,-5.551115123125783e-17,-1.1102230246251565e-16,-0.02741507497006135,4.0829450931312294e-11
7,right,index,0.011666402012966176,0.011628338345748356,-3.806366721782056e-05,0.3894138482372379,0.3899490687696517,0.0005352205324137826,0.4944037234679116,0.49600934646184874,0.001605622993937128,0.9999962500000001,0.9999962500000009,-5.551115123125783e-17,-1.1102230246251565e-16,-0.02741507497006135,4.0829450931312294e-11
7,right,middle,0.010666100653308148,0.01056654812522172,-9.955252808642803e-05,0.6633962032645222,0.6631917652994278,-0.00020443796509439505,0.4944037234679116,0.49600934646184874,0.001605622993937128,0.9999962500000001,0.9999962500000009,-5.551115123125783e-17,-1.1102230246251565e-16,-0.02741507497006135,4.0829450931312294e-11
7,right,ring,0.014440560546448674,0.014407122516347098,-3.3438030101575963e-05,0.7597264879797201,0.7602651805066558,0.0005386925269357246,0.4944037234679116,0.49600934646184874,0.001605622993937128,0.9999962500000001,0.9999962500000009,-5.551115123125783e-17,-1.1102230246251565e-16,-0.02741507497006135,4.0829450931312294e-11
7,right,pinky,0.035762127979358974,0.035609187539720054,-0.00015294043963891973,1.0211887659011276,1.0229813591146755,0.001792593213547855,0.4944037234679116,0.49600934646184874,0.001605622993937128,0.9999962500000001,0.9999962500000009,-5.551115123125783e-17,-1.1102230246251565e-16,-0.02741507497006135,4.0829450931312294e-11
7,left,thumb,0.020220923005466105,0.015920358713544955,-0.00430056429192115,0.16317191801748168,0.32043766509333843,0.15726574707585675,0.05359460132708802,0.0543884984953422,0.0007938971682541762,0.9999962500000001,0.9999962500000009,-5.551115123125783e-17,-1.1102230246251565e-16,-0.02741507497006135,4.0829450931312294e-11
7,left,index,0.0149662017001702,0.021933629706916192,0.006967428006745992,0.46725100864814867,0.4788012393327286,0.011550230684579943,0.05359460132708802,0.0543884984953422,0.0007938971682541762,0.9999962500000001,0.9999962500000009,-5.551115123125783e-17,-1.1102230246251565e-16,-0.02741507497006135,4.0829450931312294e-11
7,left,middle,0.011476489914131291,0.016854243755359023,0.005377753841227732,0.4329053041916282,0.4299881210033063,-0.0029171831883219035,0.05359460132708802,0.0543884984953422,0.0007938971682541762,0.9999962500000001,0.9999962500000009,-5.551115123125783e-17,-1.1102230246251565e-16,-0.02741507497006135,4.0829450931312294e-11
7,left,ring,0.004603100167372273,0.013121254750096524,0.00851815458272425,0.7351386767472403,0.7358953174150308,0.0007566406677904647,0.05359460132708802,0.0543884984953422,0.0007938971682541762,0.9999962500000001,0.9999962500000009,-5.551115123125783e-17,-1.1102230246251565e-16,-0.02741507497006135,4.0829450931312294e-11
7,left,pinky,0.02163897257860073,0.02324557177657046,0.001606599197969731,0.6226570758283573,0.6373546764816329,0.014697600653275633,0.05359460132708802,0.0543884984953422,0.0007938971682541762,0.9999962500000001,0.9999962500000009,-5.551115123125783e-17,-1.1102230246251565e-16,-0.02741507497006135,4.0829450931312294e-11
8,right,thumb,0.03489106049437987,0.03486756792430613,-2.349257007374511e-05,0.8486173063023859,0.8509164171308505,0.002299110828464679,0.6159949765667141,0.6174253300990515,0.0014303535323374472,0.9999962500000001,0.9999962499999993,-1.6653345369377348e-16,-5.551115123125783e-17,-0.027832396669219106,2.3957502648386253e-11
8,right,index,0.017715782752506362,0.017698731252932313,-1.705149957404936e-05,0.4961429856541387,0.49614686179486417,3.876140725445065e-06,0.6159949765667141,0.6174253300990515,0.0014303535323374472,0.9999962500000001,0.9999962499999993,-1.6653345369377348e-16,-5.551115123125783e-17,-0.027832396669219106,2.3957502648386253e-11
8,right,middle,0.011955339158776293,0.01186580600928821,-8.953314948808265e-05,0.7908506882329123,0.7904043566227285,-0.0004463316101838144,0.6159949765667141,0.6174253300990515,0.0014303535323374472,0.9999962500000001,0.9999962499999993,-1.6653345369377348e-16,-5.551115123125783e-17,-0.027832396669219106,2.3957502648386253e-11
8,right,ring,0.018415195568340814,0.018364673253743923,-5.0522314596890966e-05,0.8593044457997367,0.8595529834186435,0.0002485376189067523,0.6159949765667141,0.6174253300990515,0.0014303535323374472,0.9999962500000001,0.9999962499999993,-1.6653345369377348e-16,-5.551115123125783e-17,-0.027832396669219106,2.3957502648386253e-11
8,right,pinky,0.04094317234426379,0.040759133458914125,-0.00018403888534966606,1.203099366930141,1.2044938643540966,0.0013944974239554764,0.6159949765667141,0.6174253300990515,0.0014303535323374472,0.9999962500000001,0.9999962499999993,-1.6653345369377348e-16,-5.551115123125783e-17,-0.027832396669219106,2.3957502648386253e-11
8,left,thumb,0.020933549537385646,0.016490786224895162,-0.004442763312490484,0.1679664461634623,0.32658108059158775,0.15861463442812546,0.05394333347428834,0.0547286141911963,0.0007852807169079559,0.9999962500000001,0.9999962499999993,-1.6653345369377348e-16,-5.551115123125783e-17,-0.027832396669219106,2.3957502648386253e-11
8,left,index,0.015359149632249613,0.022332262080525724,0.006973112448276111,0.4808523009379162,0.4922125315395226,0.011360230601606403,0.05394333347428834,0.0547286141911963,0.0007852807169079559,0.9999962500000001,0.9999962499999993,-1.6653345369377348e-16,-5.551115123125783e-17,-0.027832396669219106,2.3957502648386253e-11
8,left,middle,0.011565196144969963,0.01725576772946286,0.005690571584492897,0.4359510971167714,0.43309281693900353,-0.002858280177767847,0.05394333347428834,0.0547286141911963,0.0007852807169079559,0.9999962500000001,0.9999962499999993,-1.6653345369377348e-16,-5.551115123125783e-17,-0.027832396669219106,2.3957502648386253e-11
8,left,ring,0.004716542423003821,0.013442978165238999,0.008726435742235177,0.738062999299031,0.7389744568002049,0.0009114575011739401,0.05394333347428834,0.0547286141911963,0.0007852807169079559,0.9999962500000001,0.9999962499999993,-1.6653345369377348e-16,-5.551115123125783e-17,-0.027832396669219106,2.3957502648386253e-11
8,left,pinky,0.021651652511754965,0.023223817528799418,0.001572165017044453,0.6300108739306125,0.6445126920224737,0.01450181809186124,0.05394333347428834,0.0547286141911963,0.0007852807169079559,0.9999962500000001,0.9999962499999993,-1.6653345369377348e-16,-5.551115123125783e-17,-0.027832396669219106,2.3957502648386253e-11
9,right,thumb,0.03745189029643773,0.037410619955431594,-4.1270341006136024e-05,0.973389642281498,0.9757392637233906,0.0023496214418925465,0.6828868008818978,0.6840806055771562,0.001193804695258427,0.9999962500000001,0.9999962499999993,-1.1102230246251565e-16,-1.7416690413532541e-16,-0.027834710448925937,1.443312136473196e-11
9,right,index,0.02462291754416165,0.02464039408180946,1.7476537647810597e-05,0.5746528070983061,0.5744173392646583,-0.00023546783364780666,0.6828868008818978,0.6840806055771562,0.001193804695258427,0.9999962500000001,0.9999962499999993,-1.1102230246251565e-16,-1.7416690413532541e-16,-0.027834710448925937,1.443312136473196e-11
9,right,middle,0.01508132005513185,0.015004027460737649,-7.729259439420016e-05,0.9011494059988369,0.9006620305797672,-0.00048737541906962445,0.6828868008818978,0.6840806055771562,0.001193804695258427,0.9999962500000001,0.9999962499999993,-1.1102230246251565e-16,-1.7416690413532541e-16,-0.027834710448925937,1.443312136473196e-11
9,right,ring,0.02244781278699017,0.022399725785143754,-4.8087001846414124e-05,0.9267025324459522,0.9268097057284036,0.00010717328245135604,0.6828868008818978,0.6840806055771562,0.001193804695258427,0.9999962500000001,0.9999962499999993,-1.1102230246251565e-16,-1.7416690413532541e-16,-0.027834710448925937,1.443312136473196e-11
9,right,pinky,0.046046182952075895,0.045853590831052324,-0.00019259212102357148,1.3132315776162546,1.3143229353336983,0.0010913577174436195,0.6828868008818978,0.6840806055771562,0.001193804695258427,0.9999962500000001,0.9999962499999993,-1.1102230246251565e-16,-1.7416690413532541e-16,-0.027834710448925937,1.443312136473196e-11
9,left,thumb,0.02163156946788895,0.016779848909930395,-0.004851720557958555,0.1743112025717856,0.33118429459564447,0.15687309202385888,0.05419740096402302,0.055024462234043385,0.0008270612700203642,0.9999962500000001,0.9999962499999993,-1.1102230246251565e-16,-1.7416690413532541e-16,-0.027834710448925937,1.443312136473196e-11
9,left,index,0.015649880628259588,0.022499587589397317,0.006849706961137729,0.4940231989047062,0.5050892350241298,0.011066036119423639,0.05419740096402302,0.055024462234043385,0.0008270612700203642,0.9999962500000001,0.9999962499999993,-1.1102230246251565e-16,-1.7416690413532541e-16,-0.027834710448925937,1.443312136473196e-11
9,left,middle,0.011686492407793443,0.017557368395662402,0.00587087598786896,0.43904725044160114,0.43627159002616533,-0.00277566041543581,0.05419740096402302,0.055024462234043385,0.0008270612700203642,0.9999962500000001,0.9999962499999993,-1.1102230246251565e-16,-1.7416690413532541e-16,-0.027834710448925937,1.443312136473196e-11
9,left,ring,0.004828714379988065,0.01355990794655215,0.008731193566564086,0.739549695802774,0.7404587358239443,0.0009090400211703153,0.05419740096402302,0.055024462234043385,0.0008270612700203642,0.9999962500000001,0.9999962499999993,-1.1102230246251565e-16,-1.7416690413532541e-16,-0.027834710448925937,1.443312136473196e-11
9,left,pinky,0.021664984206677933,0.023172027391382806,0.0015070431847048725,0.6378739399572281,0.6519282306402171,0.014054290682989024,0.05419740096402302,0.055024462234043385,0.0008270612700203642,0.9999962500000001,0.9999962499999993,-1.1102230246251565e-16,-1.7416690413532541e-16,-0.027834710448925937,1.443312136473196e-11
10,right,thumb,0.04013827099110427,0.04012224408088133,-1.6026910222941004e-05,1.0315256269366793,1.033521484949671,0.001995858012991736,0.6974073373194529,0.6982662283139043,0.0008588909944513556,0.9999925000000004,0.9999925000000004,0.0,-1.6653345369377348e-16,-0.02833614660707684,2.7685853609682454e-11
10,right,index,0.030817620653946207,0.0308002487660553,-1.7371887890905297e-05,0.6196969907220554,0.6194725391055492,-0.00022445161650619383,0.6974073373194529,0.6982662283139043,0.0008588909944513556,0.9999925000000004,0.9999925000000004,0.0,-1.6653345369377348e-16,-0.02833614660707684,2.7685853609682454e-11
10,right,middle,0.020796907900988156,0.0207633588559084,-3.354904507975667e-05,0.9789880749567703,0.9786629103636166,-0.00032516459315368174,0.6974073373194529,0.6982662283139043,0.0008588909944513556,0.9999925000000004,0.9999925000000004,0.0,-1.6653345369377348e-16,-0.02833614660707684,2.7685853609682454e-11
10,right,ring,0.026575125786752817,0.026559306069442762,-1.5819717310055353e-05,0.9594410885287321,0.9595706290717058,0.00012954054297364959,0.6974073373194529,0.6982662283139043,0.0008588909944513556,0.9999925000000004,0.9999925000000004,0.0,-1.6653345369377348e-16,-0.02833614660707684,2.7685853609682454e-11
10,right,pinky,0.052817886998957175,0.05280098486265092,-1.6902136306257143e-05,1.3519621147532797,1.3530047291014737,0.001042614348194082,0.6974073373194529,0.6982662283139043,0.0008588909944513556,0.9999925000000004,0.9999925000000004,0.0,-1.6653345369377348e-16,-0.02833614660707684,2.7685853609682454e-11
10,left,thumb,0.02226336852224235,0.017350372632749363,-0.004912995889492986,0.1802995611290954,0.3387926034963846,0.15849304236728923,0.05411907864355755,0.0549227063096612,0.0008036276661036526,0.9999925000000004,0.9999925000000004,0.0,-1.6653345369377348e-16,-0.02833614660707684,2.7685853609682454e-11
10,left,index,0.01593056648988554,0.022821421026120278,0.006890854536234739,0.5050878585848937,0.5161570129253924,0.01106915434049871,0.05411907864355755,0.0549227063096612,0.0008036276661036526,0.9999925000000004,0.9999925000000004,0.0,-1.6653345369377348e-16,-0.02833614660707684,2.7685853609682454e-11
10,left,middle,0.011818463423179831,0.018003570695443987,0.006185107272264156,0.44234204223995804,0.4396905995331901,-0.002651442706767926,0.05411907864355755,0.0549227063096612,0.0008036276661036526,0.9999925000000004,0.9999925000000004,0.0,-1.6653345369377348e-16,-0.02833614660707684,2.7685853609682454e-11
10,left,ring,0.004930010942804931,0.013851669328410837,0.008921658385605907,0.7398615472032607,0.7408659974094692,0.0010044502062085403,0.05411907864355755,0.0549227063096612,0.0008036276661036526,0.9999925000000004,0.9999925000000004,0.0,-1.6653345369377348e-16,-0.02833614660707684,2.7685853609682454e-11
10,left,pinky,0.02170034074842172,0.023186946397790696,0.0014866056493689772,0.6461541109362686,0.6601529606051387,0.013998849668870106,0.05411907864355755,0.0549227063096612,0.0008036276661036526,0.9999925000000004,0.9999925000000004,0.0,-1.6653345369377348e-16,-0.02833614660707684,2.7685853609682454e-11
11,right,thumb,0.04256942056937038,0.04256244589005595,-6.974679314430965e-06,1.0232051014066028,1.02469961260966,0.0014945112030571028,0.6681347012180024,0.6685053133009526,0.00037061208295019465,0.9999925000000004,0.9999925000000021,-5.551115123125783e-17,-5.551115123125783e-17,-0.02929154287804625,2.1486923351687892e-11
11,right,index,0.03519918543646413,0.03520089897333086,1.713536866732035e-06,0.6181929002352655,0.6181092573068439,-8.364292842166776e-05,0.6681347012180024,0.6685053133009526,0.00037061208295019465,0.9999925000000004,0.9999925000000021,-5.551115123125783e-17,-5.551115123125783e-17,-0.02929154287804625,2.1486923351687892e-11
11,right,middle,0.026537973804938476,0.02650935974312464,-2.8614061813835023e-05,0.9936647134009376,0.9935661765875391,-9.853681339855314e-05,0.6681347012180024,0.6685053133009526,0.00037061208295019465,0.9999925000000004,0.9999925000000021,-5.551115123125783e-17,-5.551115123125783e-17,-0.02929154287804625,2.1486923351687892e-11
11,right,ring,0.028969556556718335,0.02896656952543412,-2.9870312842142366e-06,0.9572362262658557,0.9574602493367245,0.00022402307086877293,0.6681347012180024,0.6685053133009526,0.00037061208295019465,0.9999925000000004,0.9999925000000021,-5.551115123125783e-17,-5.551115123125783e-17,-0.02929154287804625,2.1486923351687892e-11
11,right,pinky,0.058176959037810644,0.05817758986982409,6.308320134457146e-07,1.3126566943882265,1.3136656664358537,0.0010089720476271768,0.6681347012180024,0.6685053133009526,0.00037061208295019465,0.9999925000000004,0.9999925000000021,-5.551115123125783e-17,-5.551115123125783e-17,-0.02929154287804625,2.1486923351687892e-11
11,left,thumb,0.022755425724039144,0.018122104197168778,-0.004633321526870366,0.1848441341213263,0.34849405945114464,0.16364992532981834,0.0535673976565493,0.05431735398966393,0.0007499563331146361,0.9999925000000004,0.9999925000000021,-5.551115123125783e-17,-5.551115123125783e-17,-0.02929154287804625,2.1486923351687892e-11
11,left,index,0.016236295168013122,0.023312187966915122,0.007075892798902,0.51394856746544,0.5252464312113428,0.011297863745902803,0.0535673976565493,0.05431735398966393,0.0007499563331146361,0.9999925000000004,0.9999925000000021,-5.551115123125783e-17,-5.551115123125783e-17,-0.02929154287804625,2.1486923351687892e-11
11,left,middle,0.011946952825287854,0.018555977979307216,0.0066090251540193625,0.4451792946618415,0.4427405664175439,-0.0024387282442975833,0.0535673976565493,0.05431735398966393,0.0007499563331146361,0.9999925000000004,0.9999925000000021,-5.551115123125783e-17,-5.551115123125783e-17,-0.02929154287804625,2.1486923351687892e-11
11,left,ring,0.005002170323471409,0.014271575228601232,0.009269404905129824,0.7392130709564741,0.7403959431588333,0.001182872202359131,0.0535673976565493,0.05431735398966393,0.0007499563331146361,0.9999925000000004,0.9999925000000021,-5.551115123125783e-17,-5.551115123125783e-17,-0.02929154287804625,2.1486923351687892e-11
11,left,pinky,0.02175500050476987,0.02326719184209134,0.0015121913373214724,0.6544437933916416,0.6687531260256859,0.014309332634044325,0.0535673976565493,0.05431735398966393,0.0007499563331146361,0.9999925000000004,0.9999925000000021,-5.551115123125783e-17,-5.551115123125783e-17,-0.02929154287804625,2.1486923351687892e-11
12,right,thumb,0.04330122924554097,0.04330377214525341,2.5428997124377073e-06,0.9861673281338351,0.987164405231595,0.0009970770977598686,0.6175971047424361,0.6173901064012582,-0.00020699834117787752,0.9999925000000002,0.9999925000000002,-3.0531133177191805e-16,-2.7755575615628914e-16,-0.029752424735077,4.2246539599943844e-11
12,right,index,0.03522529544423059,0.035233766902750305,8.4714585197182e-06,0.564821176955099,0.5648721579124428,5.09809573437936e-05,0.6175971047424361,0.6173901064012582,-0.00020699834117787752,0.9999925000000002,0.9999925000000002,-3.0531133177191805e-16,-2.7755575615628914e-16,-0.029752424735077,4.2246539599943844e-11
12,right,middle,0.030238116230431652,0.030212455032142083,-2.5661198289568532e-05,0.9289471338769733,0.9290124774503249,6.534357335163943e-05,0.6175971047424361,0.6173901064012582,-0.00020699834117787752,0.9999925000000002,0.9999925000000002,-3.0531133177191805e-16,-2.7755575615628914e-16,-0.029752424735077,4.2246539599943844e-11
12,right,ring,0.027776293412130313,0.027788319425009422,1.2026012879109288e-05,0.916542908929717,0.9168709134089224,0.00032800447920533493,0.6175971047424361,0.6173901064012582,-0.00020699834117787752,0.9999925000000002,0.9999925000000002,-3.0531133177191805e-16,-2.7755575615628914e-16,-0.029752424735077,4.2246539599943844e-11
12,right,pinky,0.06032102007857107,0.060335024167917604,1.4004089346535131e-05,1.2254991170423895,1.226475577759455,0.0009764607170654749,0.6175971047424361,0.6173901064012582,-0.00020699834117787752,0.9999925000000002,0.9999925000000002,-3.0531133177191805e-16,-2.7755575615628914e-16,-0.029752424735077,4.2246539599943844e-11
12,left,thumb,0.023133587932046867,0.018734642799556018,-0.0043989451324908495,0.18790352688404005,0.3527996357972205,0.16489610891318046,0.05301574394512213,0.05374394209137043,0.0007281981462482975,0.9999925000000002,0.9999925000000002,-3.0531133177191805e-16,-2.7755575615628914e-16,-0.029752424735077,4.2246539599943844e-11
12,left,index,0.016481535580708816,0.023610724495242468,0.007129188914533652,0.5203906993032555,0.5316882241962209,0.011297524892965316,0.05301574394512213,0.05374394209137043,0.0007281981462482975,0.9999925000000002,0.9999925000000002,-3.0531133177191805e-16,-2.7755575615628914e-16,-0.029752424735077,4.2246539599943844e-11
12,left,middle,0.012051523136212418,0.01889572659859118,0.006844203462378764,0.44724459625138063,0.4450692102194343,-0.002175386031946336,0.05301574394512213,0.05374394209137043,0.0007281981462482975,0.9999925000000002,0.9999925000000002,-3.0531133177191805e-16,-2.7755575615628914e-16,-0.029752424735077,4.2246539599943844e-11
12,left,ring,0.00507295882303642,0.014511855481850406,0.009438896658813985,0.7379651384136388,0.7392874499487849,0.00132231153514617,0.05301574394512213,0.05374394209137043,0.0007281981462482975,0.9999925000000002,0.9999925000000002,-3.0531133177191805e-16,-2.7755575615628914e-16,-0.029752424735077,4.2246539599943844e-11
12,left,pinky,0.021797919991900006,0.023290569877355758,0.0014926498854557525,0.6622665233480732,0.6765633425781848,0.014296819230111613,0.05301574394512213,0.05374394209137043,0.0007281981462482975,0.9999925000000002,0.9999925000000002,-3.0531133177191805e-16,-2.7755575615628914e-16,-0.029752424735077,4.2246539599943844e-11
13,right,thumb,0.042419536521038505,0.04241998976867191,4.5324763340431895e-07,0.9426177302104752,0.9433909697994115,0.0007732395889362698,0.5643900939209067,0.5635434495822609,-0.0008466443386457856,0.9999925000000004,0.9999925,-2.0122792321330962e-16,-2.7755575615628914e-16,-0.030208687794719302,-0.00010077589910284512
13,right,index,0.03182839679432456,0.031844071737141814,1.5674942817255066e-05,0.4722844581927001,0.4724073208722061,0.00012286267950600838,0.5643900939209067,0.5635434495822609,-0.0008466443386457856,0.9999925000000004,0.9999925,-2.0122792321330962e-16,-2.7755575615628914e-16,-0.030208687794719302,-0.00010077589910284512
13,right,middle,0.030627024999157728,0.030613077562504573,-1.3947436653154871e-05,0.8005229980749404,0.8006864712654631,0.00016347319052267828,0.5643900939209067,0.5635434495822609,-0.0008466443386457856,0.9999925000000004,0.9999925,-2.0122792321330962e-16,-2.7755575615628914e-16,-0.030208687794719302,-0.00010077589910284512
13,right,ring,0.02400355344881211,0.024016065327436185,1.2511878624076045e-05,0.8311970451987244,0.83159438687398,0.0003973416752556247,0.5643900939209067,0.5635434495822609,-0.0008466443386457856,0.9999925000000004,0.9999925,-2.0122792321330962e-16,-2.7755575615628914e-16,-0.030208687794719302,-0.00010077589910284512
13,right,pinky,0.05896933839857408,0.05898711987046131,1.7781471887232114e-05,1.1165864502523026,1.1175020424325024,0.0009155921801997646,0.5643900939209067,0.5635434495822609,-0.0008466443386457856,0.9999925000000004,0.9999925,-2.0122792321330962e-16,-2.7755575615628914e-16,-0.030208687794719302,-0.00010077589910284512
13,left,thumb,0.023384603117975297,0.018884427959136335,-0.0045001751588389614,0.1905234185849372,0.3744343977761446,0.1839109791912074,0.052503688963138874,0.052293422278829514,-0.0002102666843093598,0.9999925000000004,0.9999925,-2.0122792321330962e-16,-2.7755575615628914e-16,-0.030208687794719302,-0.00010077589910284512
13,left,index,0.016699636113164353,0.023411913509354922,0.006712277396190569,0.5241143477052699,0.5332685544829131,0.009154206777643226,0.052503688963138874,0.052293422278829514,-0.0002102666843093598,0.9999925000000004,0.9999925,-2.0122792321330962e-16,-2.7755575615628914e-16,-0.030208687794719302,-0.00010077589910284512
13,left,middle,0.012122862534444463,0.018736950937850577,0.006614088403406115,0.448691156278825,0.4479281711630743,-0.0007629851157506806,0.052503688963138874,0.052293422278829514,-0.0002102666843093598,0.9999925000000004,0.9999925,-2.0122792321330962e-16,-2.7755575615628914e-16,-0.030208687794719302,-0.00010077589910284512
13,left,ring,0.005181740519741535,0.014095910488094745,0.00891416996835321,0.7362748875680908,0.738572096439807,0.0022972088717162498,0.052503688963138874,0.052293422278829514,-0.0002102666843093598,0.9999925000000004,0.9999925,-2.0122792321330962e-16,-2.7755575615628914e-16,-0.030208687794719302,-0.00010077589910284512
13,left,pinky,0.021858282246953253,0.02293115294822763,0.001072870701274379,0.669419625068309,0.6816858964863806,0.012266271418071573,0.052503688963138874,0.052293422278829514,-0.0002102666843093598,0.9999925000000004,0.9999925,-2.0122792321330962e-16,-2.7755575615628914e-16,-0.030208687794719302,-0.00010077589910284512
