frame,support_points,normal_x,normal_y,normal_z,offset_m,angle_to_frame0_deg,centroid_distance_to_frame0_plane_mm,angle_to_consensus_deg,centroid_distance_to_consensus_mm,ring_residual_median_mm,ring_residual_p95_mm,ring_residual_max_mm
0,216,0.003529859428565973,0.04436892570337385,0.9990089782000676,0.5498199185386493,0.0,0.0,0.2773769839478266,-0.2390647695154069,0.0672613140332845,0.15713007102302612,0.2723986143728929
2,216,0.0040392457766073395,0.0436693730125535,0.9990378723322988,0.5496937563486446,0.04960912433792095,-0.12485846849508153,0.2421553445566863,-0.36471402819715504,0.06726131285378356,0.15713006826825748,0.27239860959871187
4,216,0.004301002094551616,0.04241912065139828,0.999090646330024,0.549771687370415,0.12022658976989087,-0.09121277019297214,0.17813878829349292,-0.33073906634184524,0.06726131678730374,0.15713007745477015,0.2723986255215305
6,216,0.004394146823146282,0.04276039296599859,0.9990756929617944,0.5497759260422026,0.10469339161260277,-0.06285101262171189,0.19827766224223506,-0.30278574461917174,0.06726131620710118,0.1571300760984662,0.27239862316863483
8,216,0.004146323848948688,0.04240430902030128,0.9990919289910464,0.5497820252714768,0.11807142778269109,-0.09272937487758703,0.1741304826952472,-0.3326975757786954,0.06726131489243059,0.15713007303022608,0.2723986178525539
9,216,0.004349306741733884,0.04332998152248767,0.9990513481458936,0.5497389162899842,0.07585351826978959,-0.07444267752843015,0.22811198677602448,-0.3141457951172377,0.06726131680634406,0.1571300774990403,0.2723986255971367
152,216,0.0011307704258097405,0.0440165614766535,0.9990301615436923,0.5506259297695367,0.1389377194678989,0.6180387924537012,0.28004555071595055,0.30715828532212885,0.06726131477424735,0.1571300727562508,0.272398617379932
163,216,0.001313815855589157,0.04484400577163681,0.9989931376312106,0.5505730618902278,0.12985811691452026,0.6090890195895593,0.320496931350434,0.2999260738356657,0.06726131403783642,0.15713007103279608,0.2723986143891022
174,216,0.0019664125591318878,0.045116856137248175,0.998979780833395,0.5505353959648711,0.09931557416467685,0.6288558326253968,0.3258448167835499,0.31984471403456727,0.06726131572321048,0.15713007497067388,0.2723986212161966
185,216,0.0021347759255173574,0.04504003405127902,0.998982901787817,0.5505355386290873,0.0887127569863132,0.6383444394642002,0.3197071899845324,0.32907167604934173,0.06726131634965382,0.15713007643286536,0.27239862375072477
196,216,0.0005899265527731149,0.04545176350047863,0.9989663603852529,0.5505932616965484,0.17952485158381704,0.5997902544742084,0.3678908873164156,0.2908004478952009,0.0672613131342259,0.15713006892356662,0.27239861073569127
208,216,0.0011579135728970714,0.04501694943980497,0.9989855521974739,0.550615499567085,0.1408895381031353,0.646700246496712,0.3327986318800569,0.3373457824216164,0.0672613120928367,0.1571300664928721,0.27239860652372716
