frame,brush_table_clearance_m,brush_right_hand_proxy_distance_m,bowl_table_clearance_m,bowl_left_hand_proxy_distance_m
0,0.0013287509765300687,0.033107896374711794,0.0026400587855358593,0.028078568999900834
1,0.0012568550822741331,0.03506208123066605,0.002523389155462352,0.02650661323808573
2,0.0012267161388155312,0.03483934791653029,0.002528907943679548,0.0245164783107389
3,0.0013452468325876321,0.051228256101785205,0.002603507653347603,0.024424832475022314
4,0.0012442159509232775,0.051174925725103695,0.0026042462899088514,0.023755297168412744
5,0.0013423670794657783,0.049758602063760884,0.0025962809546810073,0.02287196691243304
6,0.0013192338605738652,0.06179963553676373,0.0026179329901576676,0.023756990279047416
7,0.0012624414505643111,0.06914937736238838,0.0025592792587747493,0.022046698202837958
8,0.0013337610583971093,0.06704167088567013,0.0025994465377948694,0.022346485001526105
9,0.0011495453580758763,0.06077811564403234,0.0025907326429486233,0.020841713480927726
10,0.0016446048074505448,0.04700429609274343,0.0025873556567451717,0.020182299161686693
11,0.0016291515907197462,0.029388749273219772,0.002595114956341349,0.02102464086687591
12,0.0016366540232300997,0.012187642657659847,0.0026158107819905796,0.022119457140078867
13,0.0016742721127880333,-0.003403029177780019,0.002589729456071721,0.021820052566704294
14,0.0015370250784981776,-0.009924024666471463,0.002622413923628386,0.022818911151136115
15,0.001530664784487934,-0.014420756882899548,0.002621383968940738,0.021826176667461443
16,0.0014385463229490414,-0.016922908634501275,0.002570288506476781,0.02305977251800658
17,0.001597484515793779,-0.016550038833478345,0.002615521510201946,0.022836592896059237
18,0.0005280277540751221,-0.015689107065326433,0.002681752196359022,0.022802520944070925
19,0.0005200760532136917,-0.015534226560997353,0.002655116846528416,0.02260612433393846
20,0.0005177207910775916,-0.01492043312948908,0.002704063175479554,0.020847265724218834
21,0.000733257918432817,-0.016389731739303023,0.0026398243799792276,0.02031163824474084
22,0.0009235619285101748,-0.01615469141385984,0.0026492018322985533,0.019649851072563472
23,0.000758958086937489,-0.013568975464863034,0.00264850017086371,0.019703590790934672
24,0.0006875128510817063,-0.011078852713188458,0.00261575932376501,0.01914363548552441
25,0.0006259789750477918,-0.008325850214432854,0.002669024287003774,0.01987136513840778
26,0.0010387830329151582,-0.004515795797392984,0.002676848687876987,0.019200656428464642
27,0.0018463187638602108,-0.0037617023711785293,0.0026777806058030373,0.018749186694408802
28,0.0016731663340643355,-0.0056112095385201025,0.00270058756023972,0.01891696280128543
29,0.0008555246405043127,-0.007240453722982845,0.002675483735690154,0.018319535889077018
30,0.0013816131938609866,-0.008311755293387256,0.0026726785351288695,0.018793022637440017
31,0.00023640150357751022,-0.009532127253523107,0.0026718114465510423,0.018780224782244108
32,0.0019049493969056641,-0.011645789537270856,0.002674929314787411,0.0198572528723052
33,0.0016094571115334855,-0.011026863388116166,0.002716523854189412,0.022536230013669514
34,0.0017012049354511172,-0.011958601688224837,0.002652596965713405,0.023841021394668246
35,0.0017363709565584307,-0.010795667029320015,0.002671798518589563,0.025087823790388104
36,0.003748235238613562,-0.009309583789933901,0.002673325175662211,0.02409709394822737
37,0.006622855729821131,-0.009041827472604205,0.002706317221380372,0.023648967069288998
38,0.011824086325087801,-0.007313687714936367,0.0026779577707639612,0.021643624894807048
39,0.013206774094623785,-0.00591307926369011,0.0026341099593518713,0.019878831817453764
40,0.013969962154206317,-0.007351590268838665,0.002638087704031955,0.019365215018611256
41,0.01868677711236666,-0.011983212292154904,0.002567420002245746,0.017540560177919398
42,0.025035795719388743,-0.01073036540360456,0.002619046506154743,0.02104966735976753
43,0.03116288217878671,-0.013117004959002344,0.0025957802406983976,0.011939511964168377
44,0.0361613111127268,-0.013124926828553707,0.0026294176852424966,0.013273481980890506
45,0.03650759589054764,-0.013491935771035739,0.0025218163874179966,0.009365736113747495
46,0.03517049346574208,-0.013451043302476186,0.002539937746271037,0.005072429454471566
47,0.035496155699202725,-0.014072370679141107,0.002532109204022248,0.0005137737747261638
48,0.03556717555493705,-0.01189114547922136,0.0025828038708226586,-0.0023329642744210214
49,0.03379905233754077,-0.014965721179065354,0.00248855448466212,-0.006486361005706353
50,0.03312031510793978,-0.014042399048597986,0.0025419398316970376,-0.013808209823010604
51,0.03495147726026149,-0.011977081322429629,0.002547505122989735,-0.017697346800761474
52,0.03849508570356286,-0.011467379629953903,0.0025999409251029615,-0.015791744926260513
53,0.04296943854631974,-0.01185098457413806,0.0026150147847527894,-0.013881595830379147
54,0.045427493963017596,-0.012766781915359241,0.0026588756234779964,-0.014390833405073529
55,0.04974649632627759,-0.012810183616544818,0.0028740204664792213,-0.0132368817556773
56,0.05624454313475147,-0.013808662422475592,0.0032088580176874437,-0.015146551755898583
57,0.06280784616249269,-0.014544833016709897,0.0035151902179281214,-0.010792617150621924
58,0.06814324893655688,-0.015280101219222103,0.004179750736022392,-0.011879034132779754
59,0.0735055500806836,-0.014466615287710306,0.0063808440486872176,-0.009923309066950105
60,0.0772105741333573,-0.015405448381153916,0.010079594991898477,-0.00784223250947114
61,0.07797514503421399,-0.015684232552942042,0.014859382807219879,-0.00657531734041526
62,0.07918133509736258,-0.014312901561377102,0.01978326631006555,-0.010187201843787115
63,0.07950792489237579,-0.015425841050257311,0.02405405219794854,-0.008513700114212569
64,0.07857721003401097,-0.015109650635378455,0.027323990001180798,-0.0083658721579011
65,0.07823781948469233,-0.014816959943034778,0.029756018589765842,-0.0086294781533348
66,0.07579820335037268,-0.014957147768452552,0.03245460049463644,-0.008480784454988632
67,0.07142279815755415,-0.014742160186884703,0.03579038103801102,-0.01012185611285814
68,0.06749780435431452,-0.01689526829965004,0.03823702721928435,-0.00894709947680621
69,0.06598533313899624,-0.021067157580750263,0.038950925061139174,-0.009630314122683059
70,0.0630252852617752,-0.020489673721920253,0.03872844370482853,-0.009372888100423311
71,0.06462847793120463,-0.018839898885025193,0.03842909366901348,-0.009521678317508525
72,0.07057409075787169,-0.01885620180057042,0.038504650814707664,-0.007869567184871116
73,0.07799460282594817,-0.016774059455415317,0.03923559017948375,-0.009062690617747931
74,0.08426838494725308,-0.01887665644393286,0.040888533476545086,-0.011633948416394093
75,0.08851759740672316,-0.016688963990253818,0.043353685065714354,-0.009031077152367319
76,0.08811384734521155,-0.015030787367607603,0.046452380282586914,-0.007697693708891528
77,0.08272100836384022,-0.015049096225268527,0.05008542919252268,-0.009637545046496939
78,0.0736117381115855,-0.014986829160789842,0.05389736902359532,-0.009058838815639226
79,0.06801791560333725,-0.013843422619180092,0.05632901727475659,-0.0086841515466277
80,0.06413093760619104,-0.014730485688318787,0.056992356565565006,-0.011034761244124072
81,0.06015662710158687,-0.016655629817378535,0.05742990859870123,-0.009940148363763997
82,0.06259144104493897,-0.015285724714964371,0.058486566917982596,-0.009950044532786596
83,0.0701405092160815,-0.014824814071572271,0.059869303051843015,-0.007424449041926504
84,0.07662166710438945,-0.01565142362792996,0.061009938113516404,-0.005633956001510564
85,0.0831708396935581,-0.016748732713071767,0.061690809575508654,-0.006195637443642557
86,0.08806735404969168,-0.016252454489945282,0.06252218404504373,-0.006658747935936803
87,0.08932480989422109,-0.016332077056583107,0.06334614896978796,-0.006113014819047036
88,0.0858598285874651,-0.016948313929391653,0.06380753785667792,-0.005170349418969879
89,0.07916394896819268,-0.015661598352559845,0.06351517498306081,-0.005180538094743823
90,0.07345431298934191,-0.014384202123260002,0.06301651143201537,-0.006287067801982911
91,0.07074696805447633,-0.015714100383631073,0.062192769493945144,-0.0066807801986781944
92,0.07315400093427116,-0.014976351291005167,0.06115778772979663,-0.0061448023754353655
93,0.07815388953689928,-0.014692107608839254,0.06016830472711299,-0.006967248665363019
94,0.08166140630371921,-0.01574953506642071,0.059112617096102715,-0.00581851523154569
95,0.0822650071776716,-0.016091344166414258,0.05835523529420217,-0.005008909749137658
96,0.07934056472582773,-0.0166523355559439,0.0580821196810799,-0.004359093346841454
97,0.0724311917616951,-0.013958753893496574,0.05801092022922483,-0.0036209097151679555
98,0.06533431445676119,-0.01153748694299836,0.0582414602902821,-0.004288296725563102
99,0.05782064275330723,-0.011419302536188738,0.05863541983689868,-0.004113213788886554
100,0.054314599048148726,-0.012917972577893028,0.05831741485496189,-0.004684323592716899
101,0.06016829711521643,-0.01259750541932206,0.05743185319579647,-0.005945731910929516
102,0.06762529301388831,-0.00633472334998187,0.056357536659576435,-0.004385005027034456
103,0.07434900352097917,-0.015566670586029223,0.05556285447643716,-0.006033755448546195
104,0.0779074069041904,-0.012622910289436969,0.05493077801329349,-0.0054986665266579735
105,0.07878030323377017,-0.008939399406867297,0.055249142541851315,-0.005069367284057284
106,0.07490954239393255,-0.00867870600184133,0.05630659213093314,-0.004472729731757987
107,0.06637326336875671,-0.0066670041030988175,0.057313464767800415,-0.004094475092254247
108,0.054997788607073717,-0.010991557331533524,0.05729724028157446,-0.004243446807536857
109,0.053251408123696,-0.013491988150459615,0.05646569213386121,-0.004675667196774008
110,0.06548357465120891,-0.015751289798534553,0.05452170651582511,-0.0038429672448068936
111,0.07586597776917148,-0.019750371448346765,0.05190551575171687,-0.004737723512187294
112,0.08161278626615909,-0.01954307502097115,0.04967396579443539,-0.005640077304654487
113,0.08400034300644277,-0.016303759591102033,0.048121171646311245,-0.00544630076906099
114,0.08147564631133841,-0.012792767669753825,0.047745319375309125,-0.006135672384100767
115,0.07353601984017633,-0.010060518059907132,0.04837922836115238,-0.004613573261748337
116,0.060654182046179006,-0.010969450644731973,0.04901177204675511,-0.0052134974491479915
117,0.04577333428685981,-0.00912725937222608,0.04873648552543908,-0.00679286786560847
118,0.03179123732011069,-0.007504319094194287,0.047441083663800065,-0.00611257116630096
119,0.02464025473456133,-0.007847411204016445,0.044636415036227395,-0.006593127866712964
120,0.020444456232008523,-0.01104560968548757,0.040317726758006045,-0.0069070072585503016
121,0.017190282699798387,-0.011635291461259304,0.03516582884823849,-0.007259014947521519
122,0.013932528748409667,-0.012289111326658626,0.029837373364451136,-0.005649825683301494
123,0.010709812675910424,-0.013141876929660666,0.02478206303051045,-0.008801377895025934
124,0.007490777976964957,-0.012071141284212862,0.019760583752978844,-0.009890301507919573
125,0.004907105539648793,-0.013079656514416045,0.014962683616866812,-0.010693222291334355
126,0.002424326479957717,-0.012967076879230639,0.010526807287895013,-0.01161954715779365
127,0.0014656740727807538,-0.012852399762224586,0.006217351875491994,-0.013335573544605643
128,0.0009460249074628724,-0.012721076716698159,0.003239985852090399,-0.01537908845398969
129,0.0007353033957490096,-0.012172574721193555,0.004125376821109694,-0.013810751559095929
130,0.0004570758336641667,-0.012266817212813622,0.003348537041882982,-0.012493157690317037
131,0.0002875056970678136,-0.012187638166625983,0.0029632663026936124,-0.014647234672485014
132,3.5783213594431373e-05,-0.012866866853677031,0.0028777197868544713,-0.014924147794971365
133,0.0001523067348081497,-0.013038519482437134,0.0028806479495909754,-0.016703295527966528
134,0.00020976191956878498,-0.012887927387978513,0.0027835324073787193,-0.015279697171508374
135,3.052373326017932e-05,-0.012363085962568498,0.0025950994037979846,-0.01312137787031403
136,5.692572941551344e-05,-0.011791295220393773,0.0025511957977022437,-0.014196783024967788
137,9.552087706465873e-05,-0.01306610215361018,0.0025705705306320326,-0.015948860026006696
138,0.00016970025501239494,-0.01375724670187105,0.0025570771899628975,-0.014329132202630136
139,0.00023858493210449083,-0.011994225573796459,0.0025271043132638615,-0.014601678391671698
140,1.0141069095581656e-09,-0.009919692009474441,0.0025351749380736477,-0.012510043924860055
141,0.0005472734174344351,-0.0009120112347045899,0.0025276265949657484,-0.00996143671386242
142,0.0006503939759792132,-0.0032829085463719435,0.0025478759051316135,-0.008119228784232801
143,0.0006605498222465034,0.01762795882438154,0.0026314752212879267,-0.0018627405686718265
144,0.0006821517536964583,0.025153064572047183,0.002595097052129791,2.541722118241073e-05
145,0.0004860600668933346,0.02930701379054855,0.0026262488963183506,0.0017122777774369376
146,0.0004844094693268186,0.024855355394825016,0.002631280999594421,0.001240481668076044
147,0.00032698891515503536,0.02089022743170467,0.0026087868656453628,0.003944955003299364
148,0.00029753323557668576,0.018486918024589905,0.002596492412394902,0.009989122753587447
149,0.00031248781425985417,0.013509306367698848,0.002602895488568069,0.012834465936066132
150,0.00031065868742785607,0.010761022188438612,0.002605275447342348,0.020670786348870332
151,0.00039893757399633856,0.007510534459710659,0.0026105612679148127,0.020030783521018017
152,0.00041213660377548145,0.007530633075580386,0.002612019468889226,0.023093340905544872
153,0.00023000917480098249,0.00762029282049244,0.0026394480410510957,0.026551772490146258
154,0.0003498319936861005,0.013582397346894178,0.0026227405251249003,0.02855497492549095
155,0.00040082524468265657,0.01809259523380948,0.002557024715483136,0.02827191115542045
156,0.00038722307387073496,0.03130728489370622,0.00262594358607926,0.027897180306221646
157,0.00027316394721021986,0.03239351385369108,0.0026890475887776377,0.026222216012064238
158,0.0003844119949326652,0.026557610123661764,0.002583780877319586,0.02595945409674063
159,0.0002402464164509288,0.023354865742290086,0.0025747603472944247,0.025374415992259515
160,0.00041295496543458654,0.023413893966103903,0.002600929319727663,0.024930308995249388
161,0.0005920199168605311,0.02378326196104185,0.002604708771304587,0.02517722551973091
162,0.0005448034189481366,0.023720290658017604,0.0025828196986852348,0.02480330077737377
163,0.00045738650440818596,0.023202936060325086,0.0025929763147340967,0.025917204649814674
164,0.0004235841265181062,0.022497216730153327,0.0025785752720047794,0.025448050697746576
165,0.0004437029681161331,0.02254435356397331,0.0026177967742634367,0.025380075130766802
166,0.0003437942750561529,0.022131645368995534,0.002608186630475351,0.02546188718033464
167,0.0002763575123709838,0.02190483397567789,0.0025922194611223137,0.025410137664739055
168,0.0004395891552488873,0.021752027891494052,0.0026058195024534214,0.02524034128574995
169,0.0004561625445196338,0.021807489498793027,0.002599252158209775,0.02604840243822635
170,0.0004286716483757891,0.021966250095368976,0.0026203985597231805,0.02585860775578379
171,0.00045924397975971587,0.021963834567416615,0.002589397705466623,0.02530493252678577
172,0.0005500772915713048,0.022032160213858704,0.0025898274096815,0.025558413921725212
173,0.0005285313637694022,0.02193681334627471,0.0025927967187070466,0.02591570891168196
174,0.0004233521436899368,0.02196016576292944,0.0026056639006319937,0.025558051375288937
175,0.00041781502240101354,0.022106435315466577,0.0026186786900870285,0.0253432063704531
176,0.000514145876529315,0.02201880977603661,0.002605860808701843,0.025367255799793778
177,0.00044361483269217405,0.022333672655504594,0.0025971172552194943,0.025586244735224112
178,0.0004863047283908406,0.022241893932584356,0.0025738291543530023,0.025471068329471408
179,0.00047217938558286043,0.02213225655180838,0.0026176975628640076,0.02566138668389424
180,0.0005124025827281109,0.022173646512423616,0.0026297156843316793,0.026123408820661193
181,0.0004884580440672748,0.022169065427866057,0.0025770712768704573,0.026344858967792824
182,0.00046730927396598787,0.02225592059669662,0.0026367246363891983,0.0265194377798285
183,0.0004265901376281356,0.022056752797400617,0.0025969882503430464,0.026688339471125096
184,0.00044633108603586713,0.021937284719718737,0.002575893172775956,0.025973815599324587
185,0.0004985400246270144,0.02201175118547436,0.0026151855380246447,0.02634543550585096
186,0.0004978156473689488,0.02208598736220787,0.002618522905214915,0.0260254944373991
187,0.00042408044315811466,0.022060660724800653,0.0025767093861051027,0.02601677627686603
188,0.0004572373638450644,0.0220962963185216,0.0026134927727035073,0.02663796794932713
189,0.0005240114477497171,0.022044019747124347,0.0026029955564755847,0.026676476185344404
190,0.00027999319840998904,0.022007559207195396,0.0026305214172607227,0.026502415124132164
191,0.0004342324452809576,0.02203093945500228,0.0026247256216318515,0.02656120182644227
192,0.0004978924085324854,0.022097018194588654,0.0026062566459129632,0.02671426202959059
193,0.0005568926125633089,0.022005668596560647,0.0026148797258477297,0.026693590159737518
194,0.00041779971437283514,0.021992051039083554,0.0026177764440068474,0.026696672999060617
195,0.0004058517661498229,0.021935993492551653,0.0026038000339336786,0.02616759862816856
196,0.0003465546301411049,0.021992429806442122,0.002566003102425385,0.026526209070767012
197,0.00044454147049677317,0.022040645161904425,0.002600220950345844,0.02621595837965316
198,0.00045330972306023565,0.022021656306240554,0.0025771791693786072,0.026607058365206673
199,0.000528049537978692,0.021919055430141138,0.0026186454457497454,0.026177882274195076
200,0.00037642798356773977,0.022116474007453188,0.0026070183445517925,0.02622879445057838
201,0.00047505173545214774,0.022102914981078407,0.002557681407255874,0.026026799228660566
202,0.00044338684326850064,0.022053739958006295,0.0025957962245158894,0.026335442367707004
203,0.00039286242484348755,0.021940326519354132,0.0026047519414112985,0.025427975246281
204,0.0004558685500123394,0.021888109384568498,0.0025747551846687644,0.026260281838094833
205,0.00041501412758104816,0.021880015397322733,0.002586751762021944,0.026980019315364916
206,0.00044164977555727347,0.022117158498483586,0.002603180007511363,0.027638321079707942
207,0.00043217791770766567,0.021902952584869365,0.0026019626831490505,0.027984087491740813
208,0.0004875357647794454,0.02188471393719394,0.002623312737565775,0.028213046329559524
