availability,condition,endpoint,pair_rotation_error_rad,pair_translation_error_m,target_angular_speed_rad_s,target_linear_speed_m_s,target_position_error_m,target_rotation_error_rad,tool_angular_speed_rad_s,tool_linear_speed_m_s,tool_position_error_m,tool_rotation_error_rad,tracking_score,world_pair_translation_error_m
measured,PARENT_A_PLAN,0,4.712160915387242e-08,1.1279523732322353e-08,0.0,0.0,5.057403504529418e-09,0.0,0.0,0.0,1.0695567859948657e-08,0.0,nan,7.450580596923828e-09
measured,PARENT_A_PLAN,1,0.030992849412407108,0.005080317182717005,0.3751765489578247,0.03739771619439125,0.0014443747880302804,0.017451608091980222,0.6216896176338196,0.03525911644101143,0.0019721262108988776,0.026899545954902297,0.02432287111878395,0.0016050449132236023
measured,PARENT_A_PLAN,2,0.021164790721231688,0.006386863298299443,0.49249523878097534,0.040802277624607086,0.002917288855091958,0.024492847232092472,0.16937588155269623,0.005736436229199171,0.001964964247385487,0.01535504029197065,0.019308704882860184,0.0020552130603465565
measured,PARENT_A_PLAN,3,0.024255926730764234,0.007980904905548432,0.10013151168823242,0.013259630650281906,0.003385063774273758,0.029331347494653576,0.05551078915596008,0.0019159219227731228,0.001947246199457734,0.020030293044600543,0.021015718579292297,0.002824643472311426
measured,PARENT_A_PLAN,4,0.02667801386733357,0.008825226157930676,0.08673865348100662,0.012459752149879932,0.0036289957167246396,0.03136040592273408,0.003347226185724139,0.00011610708315856755,0.001954334965658031,0.019439982823943262,0.020813360810279846,0.003202770030467599
measured,PARENT_A_PLAN,5,0.030360283409945125,0.010355751447211285,0.21479161083698273,0.018271110951900482,0.0037651378260207453,0.03595302057455494,8.205039921449497e-05,3.5789144021691754e-06,0.001992637208771042,0.018863320353469555,0.02082626149058342,0.0035694393028773545
measured,PARENT_A_PLAN,6,0.03410850172378364,0.011824364829729461,0.22423231601715088,0.029652226716279984,0.004527452866255559,0.038783860665141945,9.07657522475347e-06,1.6818190715639503e-06,0.002029369707825495,0.017646653173966464,0.020603293552994728,0.004400933055147267
measured,PARENT_A_PLAN,7,0.04028932148221811,0.014009593154807272,0.20236238837242126,0.010105394758284092,0.004785850384298319,0.04552166963896531,4.411323970998637e-06,1.5102386896614917e-06,0.0019613619447813872,0.01808727233191607,0.020310990512371063,0.004906537416037506
measured,PARENT_A_PLAN,8,0.040346976053645484,0.014405698832653118,0.7380251288414001,0.07648755609989166,0.005200657410729363,0.045157873812446826,3.133105565211736e-05,1.8424308336761896e-06,0.0019506056494309285,0.01885679805659765,0.020550701767206192,0.005406010591700146
measured,PARENT_A_PLAN,9,0.03786728342422913,0.013772832666233173,0.3391615152359009,0.02148326113820076,0.00564218649168519,0.04158588167144323,3.2438488233310636e-06,1.283013489228324e-06,0.0020020867425523006,0.01737590425026387,0.020313018932938576,0.005738912322151622
measured,PARENT_A_PLAN,10,0.037374873503796625,0.013773575607479207,0.45739516615867615,0.02779768407344818,0.005889814812312343,0.04126264781865742,5.070748102298239e-06,1.515390295026009e-06,0.0019557767198352884,0.018038067219869565,0.020249994471669197,0.005893523351759294
measured,PARENT_A_PLAN,11,0.03622903165306061,0.01341405957250661,0.20462462306022644,0.006516738329082727,0.006018974511612548,0.03952581468617952,5.068668997409986e-06,1.515371877758298e-06,0.001953928717353661,0.018291766371217776,0.020344672724604607,0.0059776382190588504
measured,PARENT_A_PLAN,12,0.04313173053223333,0.015600542442137736,0.09095435589551926,0.032651614397764206,0.0060838472636949355,0.04639610930794099,2.2607056962442584e-05,1.2457061302484362e-06,0.0019281090481748531,0.01815969647282626,0.020117633044719696,0.006345136558411325
measured,PARENT_A_PLAN,13,0.03776496252219998,0.01457999878642971,1.6853559017181396,0.024691561236977577,0.006756658881247553,0.042018765147782695,2.7749712899094447e-05,1.5257841141647077e-06,0.00193483199463159,0.018487435942664183,0.020293377339839935,0.0067223346834152375
measured,PARENT_A_PLAN,14,0.039331984792483066,0.015644476626576347,1.6303057670593262,0.11708589643239975,0.007225137306717216,0.04165530998158986,1.9632694602478296e-05,1.8732329181148089e-06,0.001983699260733018,0.017900893242330695,0.02038583531975746,0.007229136329571874
measured,PARENT_A_PLAN,15,0.04580896342975303,0.01745991270961823,1.761229157447815,0.15233154594898224,0.005985407108187991,0.054611482006479056,3.7459209124790505e-05,2.0006054910481907e-06,0.001889883240898011,0.019217637514108862,0.020302096381783485,0.006458322469296728
measured,PARENT_A_PLAN,16,0.079930181201513,0.025372566345651017,1.6839532852172852,0.2056303322315216,0.006062478294462279,0.09069276415421128,2.6495954990386963,0.20526857674121857,0.0019744695972581713,0.024847674721491977,0.023349378257989883,0.007888427034056678
measured,PARENT_A_PLAN,17,0.10924767883895721,0.01175387794856884,1.9971078634262085,0.20503991842269897,0.005530212255575129,0.029000832908632406,2.075518846511841,0.05382855609059334,0.0041056465120192665,0.09301017665896819,0.07082017511129379,0.007530234862832739
measured,PARENT_A_PLAN,18,0.1636964780435108,0.013452000828967746,1.7639633417129517,0.16369305551052094,0.006681312682088815,0.033174032401589136,1.4542936086654663,0.06027751415967941,0.004483482219850655,0.14169932239394947,0.10158636420965195,0.007385041434843648
measured,PARENT_A_PLAN,19,0.19379022428180426,0.01569923631446157,0.2949541211128235,0.021331079304218292,0.006735738112371274,0.0405733766148153,1.0346163511276245,0.042573194950819016,0.003996394777658962,0.171000474289804,0.11876539885997772,0.00802292077240411
measured,PARENT_A_PLAN,20,0.19725889498610993,0.014467017614938344,0.3988759219646454,0.023193158209323883,0.007275378309765945,0.03455338704214595,0.03995237499475479,0.0015623120125383139,0.004104607538461652,0.1739976543943017,0.120936319231987,0.008296196876302609
measured,PARENT_A_PLAN,21,0.19936831087804632,0.016084122468461064,0.38418343663215637,0.04514703527092934,0.0074428978405380024,0.03951262303815535,0.012589698657393456,0.0005051715415902436,0.004148859220457383,0.17355754648930022,0.12076020240783691,0.008736215140423642
measured,PARENT_A_PLAN,22,0.20407088830237916,0.017407862275569473,0.07712496072053909,0.009072894230484962,0.008202789553586384,0.04114230175940463,0.000265253969701007,9.833880540099926e-06,0.0041461813178329705,0.17396758515238694,0.12101586908102036,0.00945531021067476
measured,PARENT_A_PLAN,23,0.20384865970429628,0.017350816100930096,0.34043943881988525,0.04852256923913956,0.008343716465737804,0.04118136335489289,5.51771663594991e-05,2.4627711354696658e-06,0.0041607820119505525,0.1742923868812127,0.1212572529911995,0.009606996501274927
measured,PARENT_A_PLAN,24,0.2075689987030687,0.019096896915386057,0.7812769412994385,0.08240415155887604,0.008979819016235013,0.04409428751491648,8.633001561975107e-05,3.7334250464482466e-06,0.004149715650009698,0.17357006231152497,0.12077058106660843,0.010261814520024877
measured,PARENT_A_PLAN,25,0.22571853093603456,0.025361832848959678,0.6923536658287048,0.12730850279331207,0.011590471243986775,0.054454223463154185,0.7231122851371765,0.12265149503946304,0.004350591423644065,0.17613529882590226,0.12289328873157501,0.013368230242319694
measured,PARENT_A_PLAN,26,0.25904969063549665,0.04232320685530949,1.3467814922332764,0.2027982473373413,0.015292192010855599,0.07529997036885812,0.4833430051803589,0.24542473256587982,0.011310359011639381,0.18746039315334406,0.15653102099895477,0.02512191054430518
measured,PARENT_A_PLAN,27,0.30609702038009595,0.056685061553391584,0.5785657167434692,0.044727031141519547,0.019515768356742683,0.09228776398850362,1.5565062761306763,0.10754647850990295,0.01790726932355219,0.21635215040213748,0.2075388878583908,0.03517348763808704
measured,PARENT_A_PLAN,28,0.32728042507990085,0.05735344222779525,0.6197357177734375,0.05003122612833977,0.019963045800272524,0.09550195557028301,1.478183627128601,0.05586475506424904,0.017779316348979037,0.23692244372295393,0.21656246483325958,0.03539311769659948
measured,PARENT_A_PLAN,29,0.33767739419110404,0.05695226735158987,0.2658376097679138,0.05224911868572235,0.020730179935698003,0.0979272369864716,0.3793298900127411,0.015616122633218765,0.01633483145589085,0.2446094760224326,0.21242043375968933,0.03430588123886108
measured,PARENT_A_PLAN,30,0.35115384329654314,0.06106830028275868,0.11071621626615524,0.03168705478310585,0.021665514836185208,0.10757948952123805,0.286325603723526,0.012492340058088303,0.01728762956594335,0.24730599879187878,0.218944251537323,0.036146459463978986
measured,PARENT_A_PLAN,31,0.3571888916049455,0.06292839169565177,0.12196328490972519,0.015494320541620255,0.021638446372407822,0.11748690296395332,0.13185591995716095,0.004636890254914761,0.017501110642475705,0.24511236183916657,0.21902602910995483,0.036366087430396
measured,PARENT_A_PLAN,32,0.37605655554019596,0.06486691069867838,0.21772471070289612,0.03185717761516571,0.021651418009138276,0.12817940601843408,0.026698751375079155,0.0009241813677363098,0.01855347723202167,0.25210013666209263,0.22836676239967346,0.037052392717286595
measured,PARENT_A_PLAN,33,0.40533345423523987,0.06926263552378333,0.09099319577217102,0.01637035235762596,0.022345894353146687,0.14551851915009587,2.298265218734741,0.06930871307849884,0.021047403772211516,0.2619713458307987,0.24751830101013184,0.03970503978631834
measured,PARENT_A_PLAN,34,0.42791794194163313,0.07374904355890602,0.07083143293857574,0.014203670434653759,0.023810836647454613,0.1619162408954708,1.2173891067504883,0.020896708592772484,0.02388441385013118,0.2683823464148588,0.2676352858543396,0.04312220377862154
measured,PARENT_A_PLAN,35,0.42995274402644923,0.07553356169290548,0.033741068094968796,0.012450255453586578,0.02580252203170082,0.17481771422613113,0.7018542289733887,0.04199923574924469,0.02514229218505629,0.2592408169137133,0.2716016471385956,0.04505801100715161
measured,PARENT_A_PLAN,36,0.43039953750199905,0.07606721322752238,0.3057166039943695,0.04374818131327629,0.027454963804925785,0.18754121503948565,0.3738521337509155,0.05035482347011566,0.02436976104880313,0.24883116443794426,0.2622228264808655,0.04481843038163933
measured,PARENT_A_PLAN,37,0.3903687375698015,0.0774311163558334,0.05190857872366905,0.07294045388698578,0.02806334510199895,0.19099557684949325,1.4708503484725952,0.05230842903256416,0.025177719706887664,0.2115575095398133,0.2528117299079895,0.044800418240408285
measured,PARENT_A_PLAN,38,0.3430058541844663,0.06217909892194522,1.9001965522766113,0.32255804538726807,0.022367458474609556,0.1666495300576305,0.3137464225292206,0.032890353351831436,0.02495367271929097,0.20166160116098797,0.24762152135372162,0.03784990640566755
measured,PARENT_A_PLAN,39,0.32078535509304723,0.04260685137038089,1.9670569896697998,0.34524738788604736,0.018479156389966212,0.13914658032039415,0.8922659754753113,0.10071804374456406,0.024442685726246808,0.2047061534674418,0.2451806366443634,0.02922922686998381
measured,PARENT_A_PLAN,40,0.2940692233432577,0.023426679256088767,1.9444125890731812,0.2795778810977936,0.0194288178562571,0.12883183521556507,1.027514100074768,0.15594907104969025,0.0253327571895773,0.194984856155236,0.24791783094406128,0.019551673953959847
N/A,PARENT_A_PLAN,41,,,,,,,,,,,,
N/A,PARENT_A_PLAN,42,,,,,,,,,,,,
N/A,PARENT_A_PLAN,43,,,,,,,,,,,,
N/A,PARENT_A_PLAN,44,,,,,,,,,,,,
N/A,PARENT_A_PLAN,45,,,,,,,,,,,,
N/A,PARENT_A_PLAN,46,,,,,,,,,,,,
N/A,PARENT_A_PLAN,47,,,,,,,,,,,,
N/A,PARENT_A_PLAN,48,,,,,,,,,,,,
N/A,PARENT_A_PLAN,49,,,,,,,,,,,,
N/A,PARENT_A_PLAN,50,,,,,,,,,,,,
N/A,PARENT_A_PLAN,51,,,,,,,,,,,,
N/A,PARENT_A_PLAN,52,,,,,,,,,,,,
N/A,PARENT_A_PLAN,53,,,,,,,,,,,,
N/A,PARENT_A_PLAN,54,,,,,,,,,,,,
N/A,PARENT_A_PLAN,55,,,,,,,,,,,,
N/A,PARENT_A_PLAN,56,,,,,,,,,,,,
N/A,PARENT_A_PLAN,57,,,,,,,,,,,,
N/A,PARENT_A_PLAN,58,,,,,,,,,,,,
N/A,PARENT_A_PLAN,59,,,,,,,,,,,,
N/A,PARENT_A_PLAN,60,,,,,,,,,,,,
measured,FROZEN_SUFFIX_BASELINE,0,4.712160915387242e-08,1.1279523732322353e-08,0.0,0.0,5.057403504529418e-09,0.0,0.0,0.0,1.0695567859948657e-08,0.0,nan,7.450580596923828e-09
measured,FROZEN_SUFFIX_BASELINE,1,0.030992849412407108,0.005080317182717005,0.3751765489578247,0.03739771619439125,0.0014443747880302804,0.017451608091980222,0.6216896176338196,0.03525911644101143,0.0019721262108988776,0.026899545954902297,0.02432287111878395,0.0016050449132236023
measured,FROZEN_SUFFIX_BASELINE,2,0.021164790721231688,0.006386863298299443,0.49249523878097534,0.040802277624607086,0.002917288855091958,0.024492847232092472,0.16937588155269623,0.005736436229199171,0.001964964247385487,0.01535504029197065,0.019308704882860184,0.0020552130603465565
measured,FROZEN_SUFFIX_BASELINE,3,0.024255926730764234,0.007980904905548432,0.10013151168823242,0.013259630650281906,0.003385063774273758,0.029331347494653576,0.05551078915596008,0.0019159219227731228,0.001947246199457734,0.020030293044600543,0.021015718579292297,0.002824643472311426
measured,FROZEN_SUFFIX_BASELINE,4,0.02667801386733357,0.008825226157930676,0.08673865348100662,0.012459752149879932,0.0036289957167246396,0.03136040592273408,0.003347226185724139,0.00011610708315856755,0.001954334965658031,0.019439982823943262,0.020813360810279846,0.003202770030467599
measured,FROZEN_SUFFIX_BASELINE,5,0.030360283409945125,0.010355751447211285,0.21479161083698273,0.018271110951900482,0.0037651378260207453,0.03595302057455494,8.205039921449497e-05,3.5789144021691754e-06,0.001992637208771042,0.018863320353469555,0.02082626149058342,0.0035694393028773545
measured,FROZEN_SUFFIX_BASELINE,6,0.03410850172378364,0.011824364829729461,0.22423231601715088,0.029652226716279984,0.004527452866255559,0.038783860665141945,9.07657522475347e-06,1.6818190715639503e-06,0.002029369707825495,0.017646653173966464,0.020603293552994728,0.004400933055147267
measured,FROZEN_SUFFIX_BASELINE,7,0.04028932148221811,0.014009593154807272,0.20236238837242126,0.010105394758284092,0.004785850384298319,0.04552166963896531,4.411323970998637e-06,1.5102386896614917e-06,0.0019613619447813872,0.01808727233191607,0.020310990512371063,0.004906537416037506
measured,FROZEN_SUFFIX_BASELINE,8,0.040346976053645484,0.014405698832653118,0.7380251288414001,0.07648755609989166,0.005200657410729363,0.045157873812446826,3.133105565211736e-05,1.8424308336761896e-06,0.0019506056494309285,0.01885679805659765,0.020550701767206192,0.005406010591700146
measured,FROZEN_SUFFIX_BASELINE,9,0.03786728342422913,0.013772832666233173,0.3391615152359009,0.02148326113820076,0.00564218649168519,0.04158588167144323,3.2438488233310636e-06,1.283013489228324e-06,0.0020020867425523006,0.01737590425026387,0.020313018932938576,0.005738912322151622
measured,FROZEN_SUFFIX_BASELINE,10,0.037374873503796625,0.013773575607479207,0.45739516615867615,0.02779768407344818,0.005889814812312343,0.04126264781865742,5.070748102298239e-06,1.515390295026009e-06,0.0019557767198352884,0.018038067219869565,0.020249994471669197,0.005893523351759294
measured,FROZEN_SUFFIX_BASELINE,11,0.03622903165306061,0.01341405957250661,0.20462462306022644,0.006516738329082727,0.006018974511612548,0.03952581468617952,5.068668997409986e-06,1.515371877758298e-06,0.001953928717353661,0.018291766371217776,0.020344672724604607,0.0059776382190588504
measured,FROZEN_SUFFIX_BASELINE,12,0.04313173053223333,0.015600542442137736,0.09095435589551926,0.032651614397764206,0.0060838472636949355,0.04639610930794099,2.2607056962442584e-05,1.2457061302484362e-06,0.0019281090481748531,0.01815969647282626,0.020117633044719696,0.006345136558411325
measured,FROZEN_SUFFIX_BASELINE,13,0.03776496252219998,0.01457999878642971,1.6853559017181396,0.024691561236977577,0.006756658881247553,0.042018765147782695,2.7749712899094447e-05,1.5257841141647077e-06,0.00193483199463159,0.018487435942664183,0.020293377339839935,0.0067223346834152375
measured,FROZEN_SUFFIX_BASELINE,14,0.039331984792483066,0.015644476626576347,1.6303057670593262,0.11708589643239975,0.007225137306717216,0.04165530998158986,1.9632694602478296e-05,1.8732329181148089e-06,0.001983699260733018,0.017900893242330695,0.02038583531975746,0.007229136329571874
measured,FROZEN_SUFFIX_BASELINE,15,0.04580896342975303,0.01745991270961823,1.761229157447815,0.15233154594898224,0.005985407108187991,0.054611482006479056,3.7459209124790505e-05,2.0006054910481907e-06,0.001889883240898011,0.019217637514108862,0.020302096381783485,0.006458322469296728
measured,FROZEN_SUFFIX_BASELINE,16,0.079930181201513,0.025372566345651017,1.6839532852172852,0.2056303322315216,0.006062478294462279,0.09069276415421128,2.6495954990386963,0.20526857674121857,0.0019744695972581713,0.024847674721491977,0.023349378257989883,0.007888427034056678
measured,FROZEN_SUFFIX_BASELINE,17,0.10924767883895721,0.01175387794856884,1.9971078634262085,0.20503991842269897,0.005530212255575129,0.029000832908632406,2.075518846511841,0.05382855609059334,0.0041056465120192665,0.09301017665896819,0.07082017511129379,0.007530234862832739
measured,FROZEN_SUFFIX_BASELINE,18,0.1636964780435108,0.013452000828967746,1.7639633417129517,0.16369305551052094,0.006681312682088815,0.033174032401589136,1.4542936086654663,0.06027751415967941,0.004483482219850655,0.14169932239394947,0.10158636420965195,0.007385041434843648
measured,FROZEN_SUFFIX_BASELINE,19,0.19379022428180426,0.01569923631446157,0.2949541211128235,0.021331079304218292,0.006735738112371274,0.0405733766148153,1.0346163511276245,0.042573194950819016,0.003996394777658962,0.171000474289804,0.11876539885997772,0.00802292077240411
measured,FROZEN_SUFFIX_BASELINE,20,0.19725889498610993,0.014467017614938344,0.3988759219646454,0.023193158209323883,0.007275378309765945,0.03455338704214595,0.03995237499475479,0.0015623120125383139,0.004104607538461652,0.1739976543943017,0.120936319231987,0.008296196876302609
measured,FROZEN_SUFFIX_BASELINE,21,0.19936831087804632,0.016084122468461064,0.38418343663215637,0.04514703527092934,0.0074428978405380024,0.03951262303815535,0.012589698657393456,0.0005051715415902436,0.004148859220457383,0.17355754648930022,0.12076020240783691,0.008736215140423642
measured,FROZEN_SUFFIX_BASELINE,22,0.20407088830237916,0.017407862275569473,0.07712496072053909,0.009072894230484962,0.008202789553586384,0.04114230175940463,0.000265253969701007,9.833880540099926e-06,0.0041461813178329705,0.17396758515238694,0.12101586908102036,0.00945531021067476
measured,FROZEN_SUFFIX_BASELINE,23,0.20384865970429628,0.017350816100930096,0.34043943881988525,0.04852256923913956,0.008343716465737804,0.04118136335489289,5.51771663594991e-05,2.4627711354696658e-06,0.0041607820119505525,0.1742923868812127,0.1212572529911995,0.009606996501274927
measured,FROZEN_SUFFIX_BASELINE,24,0.2075689987030687,0.019096896915386057,0.7812769412994385,0.08240415155887604,0.008979819016235013,0.04409428751491648,8.633001561975107e-05,3.7334250464482466e-06,0.004149715650009698,0.17357006231152497,0.12077058106660843,0.010261814520024877
measured,FROZEN_SUFFIX_BASELINE,25,0.22571853093603456,0.025361832848959678,0.6923536658287048,0.12730850279331207,0.011590471243986775,0.054454223463154185,0.7231122851371765,0.12265149503946304,0.004350591423644065,0.17613529882590226,0.12289328873157501,0.013368230242319694
measured,FROZEN_SUFFIX_BASELINE,26,0.25904969063549665,0.04232320685530949,1.3467814922332764,0.2027982473373413,0.015292192010855599,0.07529997036885812,0.4833430051803589,0.24542473256587982,0.011310359011639381,0.18746039315334406,0.15653102099895477,0.02512191054430518
measured,FROZEN_SUFFIX_BASELINE,27,0.30609702038009595,0.056685061553391584,0.5785657167434692,0.044727031141519547,0.019515768356742683,0.09228776398850362,1.5565062761306763,0.10754647850990295,0.01790726932355219,0.21635215040213748,0.2075388878583908,0.03517348763808704
measured,FROZEN_SUFFIX_BASELINE,28,0.32728042507990085,0.05735344222779525,0.6197357177734375,0.05003122612833977,0.019963045800272524,0.09550195557028301,1.478183627128601,0.05586475506424904,0.017779316348979037,0.23692244372295393,0.21656246483325958,0.03539311769659948
measured,FROZEN_SUFFIX_BASELINE,29,0.33767739419110404,0.05695226735158987,0.2658376097679138,0.05224911868572235,0.020730179935698003,0.0979272369864716,0.3793298900127411,0.015616122633218765,0.01633483145589085,0.2446094760224326,0.21242043375968933,0.03430588123886108
measured,FROZEN_SUFFIX_BASELINE,30,0.35115384329654314,0.06106830028275868,0.11071621626615524,0.03168705478310585,0.021665514836185208,0.10757948952123805,0.286325603723526,0.012492340058088303,0.01728762956594335,0.24730599879187878,0.218944251537323,0.036146459463978986
measured,FROZEN_SUFFIX_BASELINE,31,0.3571888916049455,0.06292839169565177,0.12196328490972519,0.015494320541620255,0.021638446372407822,0.11748690296395332,0.13185591995716095,0.004636890254914761,0.017501110642475705,0.24511236183916657,0.21902602910995483,0.036366087430396
measured,FROZEN_SUFFIX_BASELINE,32,0.37605655554019596,0.06486691069867838,0.21772471070289612,0.03185717761516571,0.021651418009138276,0.12817940601843408,0.026698751375079155,0.0009241813677363098,0.01855347723202167,0.25210013666209263,0.22836676239967346,0.037052392717286595
measured,FROZEN_SUFFIX_BASELINE,33,0.40533345423523987,0.06926263552378333,0.09099319577217102,0.01637035235762596,0.022345894353146687,0.14551851915009587,2.298265218734741,0.06930871307849884,0.021047403772211516,0.2619713458307987,0.24751830101013184,0.03970503978631834
measured,FROZEN_SUFFIX_BASELINE,34,0.42791794194163313,0.07374904355890602,0.07083143293857574,0.014203670434653759,0.023810836647454613,0.1619162408954708,1.2173891067504883,0.020896708592772484,0.02388441385013118,0.2683823464148588,0.2676352858543396,0.04312220377862154
measured,FROZEN_SUFFIX_BASELINE,35,0.42995274402644923,0.07553356169290548,0.033741068094968796,0.012450255453586578,0.02580252203170082,0.17481771422613113,0.7018542289733887,0.04199923574924469,0.02514229218505629,0.2592408169137133,0.2716016471385956,0.04505801100715161
measured,FROZEN_SUFFIX_BASELINE,36,0.43039953750199905,0.07606721322752238,0.3057166039943695,0.04374818131327629,0.027454963804925785,0.18754121503948565,0.3738521337509155,0.05035482347011566,0.02436976104880313,0.24883116443794426,0.2622228264808655,0.04481843038163933
measured,FROZEN_SUFFIX_BASELINE,37,0.3903687375698015,0.0774311163558334,0.05190857872366905,0.07294045388698578,0.02806334510199895,0.19099557684949325,1.4708503484725952,0.05230842903256416,0.025177719706887664,0.2115575095398133,0.2528117299079895,0.044800418240408285
measured,FROZEN_SUFFIX_BASELINE,38,0.3430058541844663,0.06217909892194522,1.9001965522766113,0.32255804538726807,0.022367458474609556,0.1666495300576305,0.3137464225292206,0.032890353351831436,0.02495367271929097,0.20166160116098797,0.24762152135372162,0.03784990640566755
measured,FROZEN_SUFFIX_BASELINE,39,0.32078535509304723,0.04260685137038089,1.9670569896697998,0.34524738788604736,0.018479156389966212,0.13914658032039415,0.8922659754753113,0.10071804374456406,0.024442685726246808,0.2047061534674418,0.2451806366443634,0.02922922686998381
measured,FROZEN_SUFFIX_BASELINE,40,0.2940692233432577,0.023426679256088767,1.9444125890731812,0.2795778810977936,0.0194288178562571,0.12883183521556507,1.027514100074768,0.15594907104969025,0.0253327571895773,0.194984856155236,0.24791783094406128,0.019551673953959847
measured,FROZEN_SUFFIX_BASELINE,41,0.25998643732940346,0.021997880363264027,1.6224936246871948,0.09441745281219482,0.02033775394938685,0.13313042855781557,1.9498296976089478,0.07165750861167908,0.025933011973956897,0.17303929656565875,0.24497072398662567,0.012841281412074494
measured,FROZEN_SUFFIX_BASELINE,42,0.2360587316625468,0.024537284346508797,0.1721036434173584,0.07819696515798569,0.01878387902692504,0.12829853854449008,2.1590023040771484,0.09831764549016953,0.02725254417765325,0.17593353676598747,0.255603551864624,0.010756809409741035
measured,FROZEN_SUFFIX_BASELINE,43,0.19082112859919284,0.0272662051494885,0.4370514452457428,0.04133942723274231,0.017412599543719952,0.11862494247613752,1.0167914628982544,0.013291017152369022,0.028796630516696425,0.18332791930717637,0.2693025469779968,0.012014728485024958
measured,FROZEN_SUFFIX_BASELINE,44,0.20015532161420355,0.0315708440161187,0.14276307821273804,0.025539102032780647,0.015918773986531302,0.1131400859734112,1.2981466054916382,0.16844739019870758,0.02993346406297175,0.21828484468229314,0.28879091143608093,0.015300283669383897
measured,FROZEN_SUFFIX_BASELINE,45,0.2068007320757785,0.037377449679326005,0.07168741524219513,0.01532487478107214,0.016180942070205217,0.11489954028660222,0.746533989906311,0.03342827409505844,0.03340231940972512,0.24293214483434483,0.3220396339893341,0.02053537049451128
measured,FROZEN_SUFFIX_BASELINE,46,0.22839262622367673,0.04653907994936207,0.5885152220726013,0.06117965281009674,0.01657671028541235,0.12661789678458404,3.027414560317993,0.17545968294143677,0.03984363162248845,0.27294151425720997,0.37862110137939453,0.02803923522542159
measured,FROZEN_SUFFIX_BASELINE,47,0.2746294882069096,0.0515518267182804,0.6605014204978943,0.079067163169384,0.018562845477118412,0.13479095390852736,2.454148530960083,0.15137016773223877,0.046347416928733065,0.3075309535599389,0.4372709393501282,0.03387875506543973
measured,FROZEN_SUFFIX_BASELINE,48,0.26826201452290904,0.06096927168868169,2.0401203632354736,0.30285170674324036,0.02120615398589532,0.1644200962271537,1.8151943683624268,0.22706544399261475,0.05219318221011402,0.2843844002940655,0.47446805238723755,0.04011380039029079
measured,FROZEN_SUFFIX_BASELINE,49,0.28155923553653345,0.0728859708204861,0.2982977628707886,0.032244984060525894,0.022683897517029466,0.177916496367881,2.4215269088745117,0.2410917729139328,0.0657306574474656,0.27275634271936827,0.5771491527557373,0.05270999909994419
measured,FROZEN_SUFFIX_BASELINE,50,0.2617499773638239,0.08098477285598202,0.716675877571106,0.08284337818622589,0.02419825145304387,0.19187188240202474,1.4822077751159668,0.130106121301651,0.07419874307718925,0.24703079726991028,0.6398788094520569,0.0603499091154599
measured,FROZEN_SUFFIX_BASELINE,51,0.28595187879874984,0.0850624412598382,0.8464479446411133,0.09991653263568878,0.02491583894177953,0.19940599020719693,1.3532055616378784,0.08860218524932861,0.07999964400016668,0.27708277769435885,0.6917822957038879,0.065959126140305
measured,FROZEN_SUFFIX_BASELINE,52,0.3038998724010579,0.08949112333126935,0.16615177690982819,0.014600018039345741,0.025664470204781988,0.20827338743694934,1.197261929512024,0.013138928450644016,0.0843060097838999,0.3103546009443077,0.7323835492134094,0.07050563373759612
measured,FROZEN_SUFFIX_BASELINE,53,0.3119987511220789,0.09407878143715283,0.06586423516273499,0.003822616534307599,0.02585098165236931,0.21419152154593477,1.9546563625335693,0.009788647294044495,0.08812330333624203,0.3438451229881744,0.7693064212799072,0.0744684004576026
measured,FROZEN_SUFFIX_BASELINE,54,0.3101768004077127,0.09950790533573631,0.23683588206768036,0.023051181808114052,0.026190676983641952,0.22092735089739252,2.2039926052093506,0.02254040353000164,0.09159618285188056,0.37069470254595144,0.8023104667663574,0.07829484942223852
measured,FROZEN_SUFFIX_BASELINE,55,0.30016404742426206,0.10417294452925288,0.09106237441301346,0.007394874934107065,0.026521242280862976,0.2255503441496405,2.0717146396636963,0.024599790573120117,0.09504446045459858,0.39260172854631836,0.8341629505157471,0.08203912758355712
measured,FROZEN_SUFFIX_BASELINE,56,0.29171491114788517,0.10880625865790203,0.2934887111186981,0.024707240983843803,0.026926894355246343,0.23106765668031248,1.250970721244812,0.015922093763947487,0.09831694468270434,0.4089606404122967,0.8634804487228394,0.08575816813810325
measured,FROZEN_SUFFIX_BASELINE,57,0.2823875099489958,0.11542887045883592,1.13070547580719,0.16147808730602264,0.029613106432176704,0.25166496797874605,0.19100874662399292,0.004181190859526396,0.10184932267607989,0.4088084132639547,0.8914284110069275,0.08912673657481762
measured,FROZEN_SUFFIX_BASELINE,58,0.28221216583157904,0.12225518014867588,0.39486464858055115,0.04302632808685303,0.031969796950587645,0.27147184778471223,0.8639073967933655,0.019701000303030014,0.10536318696791093,0.39803155405259383,0.9172478914260864,0.09259008381398874
measured,FROZEN_SUFFIX_BASELINE,59,0.3003491484219493,0.12759353027062073,0.1580742746591568,0.01150366198271513,0.03284592745715254,0.28060696527727075,1.6660468578338623,0.03759697824716568,0.10959419357478159,0.3855384694887189,0.9487632513046265,0.09688358613231308
measured,FROZEN_SUFFIX_BASELINE,60,0.36707260763200766,0.1323605569634652,0.16675086319446564,0.011710393242537975,0.033310765644102736,0.28698167519502366,2.5195443630218506,0.0744890421628952,0.11413823970639886,0.40586690402177344,0.9888894557952881,0.10131621755986424
measured,OVERLAP_PLAN,0,4.712160915387242e-08,1.1279523732322353e-08,0.0,0.0,5.057403504529418e-09,0.0,0.0,0.0,1.0695567859948657e-08,0.0,nan,7.450580596923828e-09
measured,OVERLAP_PLAN,1,0.030992849412407108,0.005080317182717005,0.3751765489578247,0.03739771619439125,0.0014443747880302804,0.017451608091980222,0.6216896176338196,0.03525911644101143,0.0019721262108988776,0.026899545954902297,0.02432287111878395,0.0016050449132236023
measured,OVERLAP_PLAN,2,0.021164790721231688,0.006386863298299443,0.49249523878097534,0.040802277624607086,0.002917288855091958,0.024492847232092472,0.16937588155269623,0.005736436229199171,0.001964964247385487,0.01535504029197065,0.019308704882860184,0.0020552130603465565
measured,OVERLAP_PLAN,3,0.024255926730764234,0.007980904905548432,0.10013151168823242,0.013259630650281906,0.003385063774273758,0.029331347494653576,0.05551078915596008,0.0019159219227731228,0.001947246199457734,0.020030293044600543,0.021015718579292297,0.002824643472311426
measured,OVERLAP_PLAN,4,0.02667801386733357,0.008825226157930676,0.08673865348100662,0.012459752149879932,0.0036289957167246396,0.03136040592273408,0.003347226185724139,0.00011610708315856755,0.001954334965658031,0.019439982823943262,0.020813360810279846,0.003202770030467599
measured,OVERLAP_PLAN,5,0.030360283409945125,0.010355751447211285,0.21479161083698273,0.018271110951900482,0.0037651378260207453,0.03595302057455494,8.205039921449497e-05,3.5789144021691754e-06,0.001992637208771042,0.018863320353469555,0.02082626149058342,0.0035694393028773545
measured,OVERLAP_PLAN,6,0.03410850172378364,0.011824364829729461,0.22423231601715088,0.029652226716279984,0.004527452866255559,0.038783860665141945,9.07657522475347e-06,1.6818190715639503e-06,0.002029369707825495,0.017646653173966464,0.020603293552994728,0.004400933055147267
measured,OVERLAP_PLAN,7,0.04028932148221811,0.014009593154807272,0.20236238837242126,0.010105394758284092,0.004785850384298319,0.04552166963896531,4.411323970998637e-06,1.5102386896614917e-06,0.0019613619447813872,0.01808727233191607,0.020310990512371063,0.004906537416037506
measured,OVERLAP_PLAN,8,0.040346976053645484,0.014405698832653118,0.7380251288414001,0.07648755609989166,0.005200657410729363,0.045157873812446826,3.133105565211736e-05,1.8424308336761896e-06,0.0019506056494309285,0.01885679805659765,0.020550701767206192,0.005406010591700146
measured,OVERLAP_PLAN,9,0.03786728342422913,0.013772832666233173,0.3391615152359009,0.02148326113820076,0.00564218649168519,0.04158588167144323,3.2438488233310636e-06,1.283013489228324e-06,0.0020020867425523006,0.01737590425026387,0.020313018932938576,0.005738912322151622
measured,OVERLAP_PLAN,10,0.037374873503796625,0.013773575607479207,0.45739516615867615,0.02779768407344818,0.005889814812312343,0.04126264781865742,5.070748102298239e-06,1.515390295026009e-06,0.0019557767198352884,0.018038067219869565,0.020249994471669197,0.005893523351759294
measured,OVERLAP_PLAN,11,0.03622903165306061,0.01341405957250661,0.20462462306022644,0.006516738329082727,0.006018974511612548,0.03952581468617952,5.068668997409986e-06,1.515371877758298e-06,0.001953928717353661,0.018291766371217776,0.020344672724604607,0.0059776382190588504
measured,OVERLAP_PLAN,12,0.04313173053223333,0.015600542442137736,0.09095435589551926,0.032651614397764206,0.0060838472636949355,0.04639610930794099,2.2607056962442584e-05,1.2457061302484362e-06,0.0019281090481748531,0.01815969647282626,0.020117633044719696,0.006345136558411325
measured,OVERLAP_PLAN,13,0.03776496252219998,0.01457999878642971,1.6853559017181396,0.024691561236977577,0.006756658881247553,0.042018765147782695,2.7749712899094447e-05,1.5257841141647077e-06,0.00193483199463159,0.018487435942664183,0.020293377339839935,0.0067223346834152375
measured,OVERLAP_PLAN,14,0.039331984792483066,0.015644476626576347,1.6303057670593262,0.11708589643239975,0.007225137306717216,0.04165530998158986,1.9632694602478296e-05,1.8732329181148089e-06,0.001983699260733018,0.017900893242330695,0.02038583531975746,0.007229136329571874
measured,OVERLAP_PLAN,15,0.04580896342975303,0.01745991270961823,1.761229157447815,0.15233154594898224,0.005985407108187991,0.054611482006479056,3.7459209124790505e-05,2.0006054910481907e-06,0.001889883240898011,0.019217637514108862,0.020302096381783485,0.006458322469296728
measured,OVERLAP_PLAN,16,0.079930181201513,0.025372566345651017,1.6839532852172852,0.2056303322315216,0.006062478294462279,0.09069276415421128,2.6495954990386963,0.20526857674121857,0.0019744695972581713,0.024847674721491977,0.023349378257989883,0.007888427034056678
measured,OVERLAP_PLAN,17,0.10924767883895721,0.01175387794856884,1.9971078634262085,0.20503991842269897,0.005530212255575129,0.029000832908632406,2.075518846511841,0.05382855609059334,0.0041056465120192665,0.09301017665896819,0.07082017511129379,0.007530234862832739
measured,OVERLAP_PLAN,18,0.1636964780435108,0.013452000828967746,1.7639633417129517,0.16369305551052094,0.006681312682088815,0.033174032401589136,1.4542936086654663,0.06027751415967941,0.004483482219850655,0.14169932239394947,0.10158636420965195,0.007385041434843648
measured,OVERLAP_PLAN,19,0.19379022428180426,0.01569923631446157,0.2949541211128235,0.021331079304218292,0.006735738112371274,0.0405733766148153,1.0346163511276245,0.042573194950819016,0.003996394777658962,0.171000474289804,0.11876539885997772,0.00802292077240411
measured,OVERLAP_PLAN,20,0.19725889498610993,0.014467017614938344,0.3988759219646454,0.023193158209323883,0.007275378309765945,0.03455338704214595,0.03995237499475479,0.0015623120125383139,0.004104607538461652,0.1739976543943017,0.120936319231987,0.008296196876302609
measured,OVERLAP_PLAN,21,0.19867545724297703,0.015331619916500325,0.3658948540687561,0.02698930911719799,0.0074672730158781234,0.037263145948077704,0.012593780644237995,0.000505307165440172,0.004148859220457383,0.17355754590638056,0.12076020240783691,0.008580326346019367
measured,OVERLAP_PLAN,22,0.20208460690981558,0.016509496988339447,0.06272249668836594,0.008681661449372768,0.007826491786821377,0.03960903900888483,0.00048521009739488363,1.7082073100027628e-05,0.004146269013468894,0.17396749610614176,0.12101607769727707,0.008975725048699715
measured,OVERLAP_PLAN,23,0.2030911041213886,0.01702427210995108,0.14966507256031036,0.006021379958838224,0.007864759705996984,0.04107699943757631,2.9067379728076048e-05,2.893444843721227e-06,0.004160861348203669,0.17429226248494953,0.12125743180513382,0.009066062010374023
measured,OVERLAP_PLAN,24,0.20679423494995702,0.018156494188207663,0.2550570070743561,0.024756712839007378,0.008448909038447076,0.042816222667817844,6.238962669158354e-05,2.1225737327768e-06,0.0041497959807303975,0.17356997403923707,0.12077077478170395,0.009499116379744306
measured,OVERLAP_PLAN,25,0.2424719088774877,0.02404746800403858,0.30352646112442017,0.023407243192195892,0.009447365455437064,0.047008449048613586,2.6511216163635254,0.16653409600257874,0.006330256267145958,0.2030756753605127,0.14529770612716675,0.014471560309593897
measured,OVERLAP_PLAN,26,0.3037805414603699,0.03425424722575842,0.8025935888290405,0.05981200933456421,0.011214849040882038,0.06015962113335216,2.2920849323272705,0.1404368132352829,0.011159360230919091,0.2542378379771052,0.19332729279994965,0.021439184569916506
measured,OVERLAP_PLAN,27,0.34247665846173914,0.04078581670381015,0.19359591603279114,0.02089270018041134,0.011453736180150553,0.06328943391025676,1.0806164741516113,0.15797576308250427,0.017349763312215858,0.29142215696766527,0.24217580258846283,0.02770535143850526
measured,OVERLAP_PLAN,28,0.35303290883511673,0.04870906703028146,0.0167680811136961,0.018470024690032005,0.011884626027582515,0.06586780783447678,1.4450410604476929,0.33496612310409546,0.025776785339554388,0.2965035518769847,0.29191577434539795,0.03578330511943706
measured,OVERLAP_PLAN,29,0.3684679198791842,0.05456677573973842,0.1561984270811081,0.027984535321593285,0.012530498288747678,0.06584329819248708,1.262080430984497,0.09000132232904434,0.032164307393413936,0.30654411128875475,0.3370571732521057,0.04185998782242791
measured,OVERLAP_PLAN,30,0.39028779314736795,0.05617653848194164,0.05492358282208443,0.026038821786642075,0.013280246739542322,0.07324018301953941,1.439488410949707,0.061305075883865356,0.0320667367498356,0.31825490895612574,0.3412097990512848,0.0421448644262814
measured,OVERLAP_PLAN,31,0.3780844466879825,0.05544149087261161,0.10891077667474747,0.010446266271173954,0.013453226762447677,0.08363175149381549,3.6305007934570312,0.1545470505952835,0.029202216591776253,0.296581424393006,0.31355005502700806,0.03961920442682178
measured,OVERLAP_PLAN,32,0.3781946291485117,0.054951011305734994,0.06753376871347427,0.0056886631064116955,0.013746898182549703,0.09580287489482563,3.0178935527801514,0.12786878645420074,0.026225929794628802,0.29969637526922815,0.2961130738258362,0.037347878046426246
measured,OVERLAP_PLAN,33,0.3776299755626484,0.05740741854250331,0.1040896326303482,0.009682073257863522,0.014890227050423246,0.11257102380652034,2.988520622253418,0.09304526448249817,0.02733371365610274,0.2813508114910438,0.29506903886795044,0.03864384622751982
measured,OVERLAP_PLAN,34,0.38092797130909445,0.06170060071869699,0.06367625296115875,0.027207856997847557,0.017007024512567758,0.13180982250895443,1.4093680381774902,0.04854853078722954,0.03036236435892635,0.2521575468488199,0.3037736713886261,0.04152027587647746
measured,OVERLAP_PLAN,35,0.39541973684207665,0.06360993378997366,0.1580231636762619,0.03173850476741791,0.01979532218905371,0.1437221471756469,1.7253867387771606,0.0557117685675621,0.03318879953545762,0.25254272035248493,0.3237875998020172,0.04453651530410625
measured,OVERLAP_PLAN,36,0.41055516014090754,0.06176993678697731,0.37908995151519775,0.05817585438489914,0.021390402549836342,0.1507678991601609,1.0853713750839233,0.03476802632212639,0.03464162869835125,0.2605742677724314,0.336917906999588,0.0449057218295897
measured,OVERLAP_PLAN,37,0.4167295816548013,0.060815968695943586,0.45290467143058777,0.07117673754692078,0.021344703625100582,0.1518654123990912,0.8918777108192444,0.02046085149049759,0.03660820715069034,0.2674381382283084,0.35334768891334534,0.04482187609861365
measured,OVERLAP_PLAN,38,0.4051488931911219,0.047227145426556386,0.5083305239677429,0.0855870470404625,0.019023057648706383,0.13372170643753573,0.8925971388816833,0.028119230642914772,0.03768528241181714,0.27810136080143694,0.3646875321865082,0.04054441547475546
measured,OVERLAP_PLAN,39,0.42987522587677107,0.042541867735547724,0.46154019236564636,0.07901066541671753,0.01830676788557065,0.13230176378629793,1.2388406991958618,0.04656864330172539,0.03909182259849916,0.30744537586121995,0.3848804831504822,0.03887303359096786
measured,OVERLAP_PLAN,40,0.40201104277183586,0.0368578061477655,0.7778298258781433,0.08476406335830688,0.019316814967703343,0.12663120096574698,0.9496397376060486,0.05691731721162796,0.041021066913778555,0.2937774381548127,0.39397212862968445,0.03699283942240101
measured,OVERLAP_PLAN,41,0.38721015755579224,0.03733326241075371,0.7790324687957764,0.08762065321207047,0.018088551406372715,0.1221202659600709,3.555088996887207,0.07673544436693192,0.04206671721135391,0.2951072259403325,0.401989221572876,0.03546828606384146
measured,OVERLAP_PLAN,42,0.3225262772695828,0.035891842360802895,1.583566665649414,0.11344306915998459,0.01708897721286966,0.11157381506610205,2.909132957458496,0.1799027919769287,0.040748782709808515,0.24544152367569375,0.37694045901298523,0.032103172988541914
measured,OVERLAP_PLAN,43,0.2185787210655346,0.038853150706429716,0.11086518317461014,0.03747805953025818,0.014313127323702537,0.10679929199983879,2.295042037963867,0.13648471236228943,0.04031389526896623,0.16836177179376327,0.3542031943798065,0.031239043207386318
measured,OVERLAP_PLAN,44,0.16987028497771806,0.03768734212148797,0.06762946397066116,0.01519117970019579,0.013134751184077722,0.09143515805461296,1.1388800144195557,0.31879955530166626,0.039314163517233616,0.1557027606704986,0.34366893768310547,0.03069606762803919
measured,OVERLAP_PLAN,45,0.1593276363041292,0.04027966432903147,0.6351963877677917,0.0919506698846817,0.013224626248559553,0.09445826442906885,1.3308203220367432,0.2595258951187134,0.040895718891326205,0.17187597310872865,0.359544962644577,0.03289373198365544
measured,OVERLAP_PLAN,46,0.14714618362033777,0.044546019915155756,0.9208344221115112,0.12878236174583435,0.013500167225551047,0.11554661790681627,2.812893867492676,0.18002834916114807,0.047514097201717224,0.18481037008345058,0.4146770238876343,0.036602477604628356
measured,OVERLAP_PLAN,47,0.2732688681207508,0.045294027317287384,0.550858199596405,0.06308276206254959,0.014171887101659146,0.12242993031982799,5.012711524963379,0.08987785130739212,0.051907418899823,0.28564744385911695,0.47262445092201233,0.0387790526344563
measured,OVERLAP_PLAN,48,0.4247469127877977,0.05063548430217852,0.12100531905889511,0.011802177876234055,0.0137429096862081,0.12340188571148318,6.178161144256592,0.01993587054312229,0.0569885953188735,0.4173817493051125,0.5504184365272522,0.043593945553712266
measured,OVERLAP_PLAN,49,0.5092746046551533,0.05902454394643241,0.08330488950014114,0.005750968586653471,0.013499593081566784,0.12527571424571873,1.397986888885498,0.056563593447208405,0.0635812006822007,0.5010099479341179,0.6263342499732971,0.05029568404583163
measured,OVERLAP_PLAN,50,0.5418232942110373,0.06596548035393887,0.13161247968673706,0.014016645960509777,0.013226873429591002,0.12861338699770009,1.3474184274673462,0.05969185754656792,0.06950415858084087,0.537556797753608,0.6811050176620483,0.05651089236559407
measured,OVERLAP_PLAN,51,0.5781543262256624,0.0706242838320258,0.07134883850812912,0.011116069741547108,0.012800759788304184,0.12864692592386803,0.9790008068084717,0.042155493050813675,0.0746387114331148,0.5709513519624617,0.729214072227478,0.0622667820085099
measured,OVERLAP_PLAN,52,0.5851090473999859,0.07422472072678711,0.027043046429753304,0.009938099421560764,0.012558784447431767,0.12672162119757113,0.8899100422859192,0.037561506032943726,0.07833629424799152,0.5736945970309064,0.7565904855728149,0.06634927074940364
measured,OVERLAP_PLAN,53,0.5501478775631425,0.07963561584515448,0.040558528155088425,0.006622845772653818,0.012397522308119897,0.12894811671634476,1.8501077890396118,0.08033973723649979,0.08164202923645911,0.5382871237208459,0.769191563129425,0.06996810200184929
measured,OVERLAP_PLAN,54,0.4708239568567803,0.08546681311835971,0.07874442636966705,0.012523290701210499,0.01225864939218441,0.12957500100252203,3.251901626586914,0.14185968041419983,0.08466956286742351,0.46131234513320973,0.7696911096572876,0.07340818234681168
measured,OVERLAP_PLAN,55,0.4047387917823093,0.09098532116534509,0.05426820367574692,0.009562743827700615,0.012200530080262081,0.1295359509256423,3.09560227394104,0.11825701594352722,0.08831059010444853,0.40869449063165575,0.7847399115562439,0.07739274876362577
measured,OVERLAP_PLAN,56,0.3038834629724838,0.09712907700563192,0.013866676948964596,0.005759923718869686,0.012282580404433287,0.12929170310592264,4.420292377471924,0.16836924850940704,0.09268834945845124,0.335979287422498,0.8042239546775818,0.08212456614384384
measured,OVERLAP_PLAN,57,0.24986664551363297,0.10298275997751445,0.04798908531665802,0.003799386089667678,0.012458597114008011,0.1302525481784773,4.077198028564453,0.07679282128810883,0.09734980581053937,0.32938774384483255,0.840442955493927,0.08702088008930911
measured,OVERLAP_PLAN,58,0.27393356934459556,0.10745592776772415,0.6493715047836304,0.05464296415448189,0.01282403304763045,0.1368214330092109,2.781794786453247,0.11297217011451721,0.10041464105957049,0.37868982609304896,0.8740431070327759,0.0902430617438863
measured,OVERLAP_PLAN,59,0.33652326625551054,0.11158301590540079,0.05564563348889351,0.007359991315752268,0.013243017871181366,0.14183083499343244,3.2367208003997803,0.15472225844860077,0.10406923776415476,0.43719331034905684,0.9149108529090881,0.09392879003707731
measured,OVERLAP_PLAN,60,0.3809932793796767,0.11611424031628492,0.8629243969917297,0.138885498046875,0.01529649591986036,0.15797782144287698,3.633244276046753,0.20802855491638184,0.10833196804123,0.4523246690239579,0.9517979621887207,0.09752743893288242
