condition,scope,metric,statistic,value
A_REPLAY,endpoint_20,tool_position_error_m,value,0.04883521532454548
A_REPLAY,endpoint_20,tool_rotation_error_rad,value,0.18873520352670192
A_REPLAY,endpoint_20,tool_linear_speed_m_s,value,0.288764625787735
A_REPLAY,endpoint_20,tool_angular_speed_rad_s,value,3.3390932083129883
A_REPLAY,endpoint_20,target_position_error_m,value,0.025284541963387176
A_REPLAY,endpoint_20,target_rotation_error_rad,value,0.06337084675106631
A_REPLAY,endpoint_20,target_linear_speed_m_s,value,0.0654788538813591
A_REPLAY,endpoint_20,target_angular_speed_rad_s,value,0.6413895487785339
A_REPLAY,endpoint_20,pair_translation_error_m,value,0.08348066997609423
A_REPLAY,endpoint_20,pair_rotation_error_rad,value,0.2456673370398776
A_REPLAY,endpoint_20,world_pair_translation_error_m,value,0.07267464565953402
A_REPLAY,endpoint_20,tracking_score,value,0.42596718668937683
A_REPLAY,endpoint_40,tool_position_error_m,value,0.07597859265545805
A_REPLAY,endpoint_40,tool_rotation_error_rad,value,0.31918823972440147
A_REPLAY,endpoint_40,tool_linear_speed_m_s,value,0.3241306245326996
A_REPLAY,endpoint_40,tool_angular_speed_rad_s,value,5.000297546386719
A_REPLAY,endpoint_40,target_position_error_m,value,0.03891095450395469
A_REPLAY,endpoint_40,target_rotation_error_rad,value,0.19181003020625756
A_REPLAY,endpoint_40,target_linear_speed_m_s,value,0.11128979176282883
A_REPLAY,endpoint_40,target_angular_speed_rad_s,value,0.46798041462898254
A_REPLAY,endpoint_40,pair_translation_error_m,value,0.14152939717534332
A_REPLAY,endpoint_40,pair_rotation_error_rad,value,0.4994992038066016
A_REPLAY,endpoint_40,world_pair_translation_error_m,value,0.10634767301981796
A_REPLAY,endpoint_40,tracking_score,value,0.6679563522338867
A_REPLAY,0_20,tool_position_error_m,mean,0.009300303372613861
A_REPLAY,0_20,tool_position_error_m,rms,0.017172994369362465
A_REPLAY,0_20,tool_position_error_m,max,0.04883521532454548
A_REPLAY,0_20,tool_rotation_error_rad,mean,0.05272669484702399
A_REPLAY,0_20,tool_rotation_error_rad,rms,0.08021670690863131
A_REPLAY,0_20,tool_rotation_error_rad,max,0.18873520352670192
A_REPLAY,0_20,tool_linear_speed_m_s,mean,0.08082323485007237
A_REPLAY,0_20,tool_linear_speed_m_s,rms,0.15096440672146677
A_REPLAY,0_20,tool_linear_speed_m_s,max,0.3844897449016571
A_REPLAY,0_20,tool_angular_speed_rad_s,mean,0.7626134519523475
A_REPLAY,0_20,tool_angular_speed_rad_s,rms,1.3590086683305473
A_REPLAY,0_20,tool_angular_speed_rad_s,max,3.3390932083129883
A_REPLAY,0_20,target_position_error_m,mean,0.008356088574578816
A_REPLAY,0_20,target_position_error_m,rms,0.011431348183817271
A_REPLAY,0_20,target_position_error_m,max,0.025284541963387176
A_REPLAY,0_20,target_rotation_error_rad,mean,0.04831429746106082
A_REPLAY,0_20,target_rotation_error_rad,rms,0.05117767051069235
A_REPLAY,0_20,target_rotation_error_rad,max,0.07547984254208556
A_REPLAY,0_20,target_linear_speed_m_s,mean,0.0815829767845571
A_REPLAY,0_20,target_linear_speed_m_s,rms,0.10968701278710381
A_REPLAY,0_20,target_linear_speed_m_s,max,0.2797641456127167
A_REPLAY,0_20,target_angular_speed_rad_s,mean,0.8625724997371436
A_REPLAY,0_20,target_angular_speed_rad_s,rms,1.1203651113440884
A_REPLAY,0_20,target_angular_speed_rad_s,max,2.3930983543395996
A_REPLAY,0_20,pair_translation_error_m,mean,0.025409855253481974
A_REPLAY,0_20,pair_translation_error_m,rms,0.034343024481206706
A_REPLAY,0_20,pair_translation_error_m,max,0.08348066997609423
A_REPLAY,0_20,pair_rotation_error_rad,mean,0.08136888444186197
A_REPLAY,0_20,pair_rotation_error_rad,rms,0.11025418492242209
A_REPLAY,0_20,pair_rotation_error_rad,max,0.2456673370398776
A_REPLAY,0_20,world_pair_translation_error_m,mean,0.01589295046561682
A_REPLAY,0_20,world_pair_translation_error_m,rms,0.02727185656333449
A_REPLAY,0_20,world_pair_translation_error_m,max,0.07267464565953402
A_REPLAY,0_20,tracking_score,mean,0.08604675577953458
A_REPLAY,0_20,tracking_score,rms,0.1527738439039043
A_REPLAY,0_20,tracking_score,max,0.42596718668937683
A_REPLAY,20_40,tool_position_error_m,mean,0.07801321293416505
A_REPLAY,20_40,tool_position_error_m,rms,0.07827867902577813
A_REPLAY,20_40,tool_position_error_m,max,0.08646091110993188
A_REPLAY,20_40,tool_rotation_error_rad,mean,0.2278846438242541
A_REPLAY,20_40,tool_rotation_error_rad,rms,0.24015761515923717
A_REPLAY,20_40,tool_rotation_error_rad,max,0.3716077905329895
A_REPLAY,20_40,tool_linear_speed_m_s,mean,0.11133457496762275
A_REPLAY,20_40,tool_linear_speed_m_s,rms,0.14511876292226694
A_REPLAY,20_40,tool_linear_speed_m_s,max,0.34278175234794617
A_REPLAY,20_40,tool_angular_speed_rad_s,mean,1.958491489291191
A_REPLAY,20_40,tool_angular_speed_rad_s,rms,2.3582758321387995
A_REPLAY,20_40,tool_angular_speed_rad_s,max,5.210983753204346
A_REPLAY,20_40,target_position_error_m,mean,0.0370522268731162
A_REPLAY,20_40,target_position_error_m,rms,0.03755914102471137
A_REPLAY,20_40,target_position_error_m,max,0.047065252677404204
A_REPLAY,20_40,target_rotation_error_rad,mean,0.15431660710456097
A_REPLAY,20_40,target_rotation_error_rad,rms,0.1648740238435536
A_REPLAY,20_40,target_rotation_error_rad,max,0.24834198897776627
A_REPLAY,20_40,target_linear_speed_m_s,mean,0.07084319032728673
A_REPLAY,20_40,target_linear_speed_m_s,rms,0.0957579821280793
A_REPLAY,20_40,target_linear_speed_m_s,max,0.22284643352031708
A_REPLAY,20_40,target_angular_speed_rad_s,mean,0.4403627017512918
A_REPLAY,20_40,target_angular_speed_rad_s,rms,0.6417622793270484
A_REPLAY,20_40,target_angular_speed_rad_s,max,1.8923637866973877
A_REPLAY,20_40,pair_translation_error_m,mean,0.13986814858771549
A_REPLAY,20_40,pair_translation_error_m,rms,0.14156334089147074
A_REPLAY,20_40,pair_translation_error_m,max,0.1697182284591538
A_REPLAY,20_40,pair_rotation_error_rad,mean,0.3617277742968188
A_REPLAY,20_40,pair_rotation_error_rad,rms,0.3800568002147273
A_REPLAY,20_40,pair_rotation_error_rad,max,0.5585543613074417
A_REPLAY,20_40,world_pair_translation_error_m,mean,0.11065156732949237
A_REPLAY,20_40,world_pair_translation_error_m,rms,0.11119770869634651
A_REPLAY,20_40,world_pair_translation_error_m,max,0.12441498733317384
A_REPLAY,20_40,tracking_score,mean,0.6689356714487076
A_REPLAY,20_40,tracking_score,rms,0.6716830242555497
A_REPLAY,20_40,tracking_score,max,0.7619093060493469
A_REPLAY,0_40,tool_position_error_m,mean,0.043656758153389444
A_REPLAY,0_40,tool_position_error_m,rms,0.05666773034819267
A_REPLAY,0_40,tool_position_error_m,max,0.08646091110993188
A_REPLAY,0_40,tool_rotation_error_rad,mean,0.14030566933563904
A_REPLAY,0_40,tool_rotation_error_rad,rms,0.17903966067080992
A_REPLAY,0_40,tool_rotation_error_rad,max,0.3716077905329895
A_REPLAY,0_40,tool_linear_speed_m_s,mean,0.09607890490884756
A_REPLAY,0_40,tool_linear_speed_m_s,rms,0.14807043501127015
A_REPLAY,0_40,tool_linear_speed_m_s,max,0.3844897449016571
A_REPLAY,0_40,tool_angular_speed_rad_s,mean,1.3605524706217693
A_REPLAY,0_40,tool_angular_speed_rad_s,rms,1.9246258676750025
A_REPLAY,0_40,tool_angular_speed_rad_s,max,5.210983753204346
A_REPLAY,0_40,target_position_error_m,mean,0.022704157723847502
A_REPLAY,0_40,target_position_error_m,rms,0.02776116708474104
A_REPLAY,0_40,target_position_error_m,max,0.047065252677404204
A_REPLAY,0_40,target_rotation_error_rad,mean,0.10131545228281089
A_REPLAY,0_40,target_rotation_error_rad,rms,0.12207087633269796
A_REPLAY,0_40,target_rotation_error_rad,max,0.24834198897776627
A_REPLAY,0_40,target_linear_speed_m_s,mean,0.0762130835559219
A_REPLAY,0_40,target_linear_speed_m_s,rms,0.1029583214592192
A_REPLAY,0_40,target_linear_speed_m_s,max,0.2797641456127167
A_REPLAY,0_40,target_angular_speed_rad_s,mean,0.6514676007442176
A_REPLAY,0_40,target_angular_speed_rad_s,rms,0.9129832435165776
A_REPLAY,0_40,target_angular_speed_rad_s,max,2.3930983543395996
A_REPLAY,0_40,pair_translation_error_m,mean,0.08263900192059873
A_REPLAY,0_40,pair_translation_error_m,rms,0.10300393879573615
A_REPLAY,0_40,pair_translation_error_m,max,0.1697182284591538
A_REPLAY,0_40,pair_rotation_error_rad,mean,0.22154832936934038
A_REPLAY,0_40,pair_rotation_error_rad,rms,0.2798206181488105
A_REPLAY,0_40,pair_rotation_error_rad,max,0.5585543613074417
A_REPLAY,0_40,world_pair_translation_error_m,mean,0.06327225889755458
A_REPLAY,0_40,world_pair_translation_error_m,rms,0.0809588925928728
A_REPLAY,0_40,world_pair_translation_error_m,max,0.12441498733317384
A_REPLAY,0_40,tracking_score,mean,0.3774912136141211
A_REPLAY,0_40,tracking_score,rms,0.48708209392989177
A_REPLAY,0_40,tracking_score,max,0.7619093060493469
A_PLAN,endpoint_20,tool_position_error_m,value,0.004104607538461652
A_PLAN,endpoint_20,tool_rotation_error_rad,value,0.1739976543943017
A_PLAN,endpoint_20,tool_linear_speed_m_s,value,0.0015623120125383139
A_PLAN,endpoint_20,tool_angular_speed_rad_s,value,0.03995237499475479
A_PLAN,endpoint_20,target_position_error_m,value,0.007275378309765945
A_PLAN,endpoint_20,target_rotation_error_rad,value,0.03455338704214595
A_PLAN,endpoint_20,target_linear_speed_m_s,value,0.023193158209323883
A_PLAN,endpoint_20,target_angular_speed_rad_s,value,0.3988759219646454
A_PLAN,endpoint_20,pair_translation_error_m,value,0.014467017614938344
A_PLAN,endpoint_20,pair_rotation_error_rad,value,0.19725889498610993
A_PLAN,endpoint_20,world_pair_translation_error_m,value,0.008296196876302609
A_PLAN,endpoint_20,tracking_score,value,0.120936319231987
A_PLAN,endpoint_40,tool_position_error_m,value,0.0253327571895773
A_PLAN,endpoint_40,tool_rotation_error_rad,value,0.194984856155236
A_PLAN,endpoint_40,tool_linear_speed_m_s,value,0.15594907104969025
A_PLAN,endpoint_40,tool_angular_speed_rad_s,value,1.027514100074768
A_PLAN,endpoint_40,target_position_error_m,value,0.0194288178562571
A_PLAN,endpoint_40,target_rotation_error_rad,value,0.12883183521556507
A_PLAN,endpoint_40,target_linear_speed_m_s,value,0.2795778810977936
A_PLAN,endpoint_40,target_angular_speed_rad_s,value,1.9444125890731812
A_PLAN,endpoint_40,pair_translation_error_m,value,0.023426679256088767
A_PLAN,endpoint_40,pair_rotation_error_rad,value,0.2940692233432577
A_PLAN,endpoint_40,world_pair_translation_error_m,value,0.019551673953959847
A_PLAN,endpoint_40,tracking_score,value,0.24791783094406128
A_PLAN,0_20,tool_position_error_m,mean,0.0024042781251818208
A_PLAN,0_20,tool_position_error_m,rms,0.0025631709794348774
A_PLAN,0_20,tool_position_error_m,max,0.004483482219850655
A_PLAN,0_20,tool_rotation_error_rad,mean,0.04436028047515815
A_PLAN,0_20,tool_rotation_error_rad,rms,0.06865675194831493
A_PLAN,0_20,tool_rotation_error_rad,max,0.1739976543943017
A_PLAN,0_20,tool_linear_speed_m_s,mean,0.02032786540691518
A_PLAN,0_20,tool_linear_speed_m_s,rms,0.050872779940751726
A_PLAN,0_20,tool_linear_speed_m_s,max,0.20526857674121857
A_PLAN,0_20,tool_angular_speed_rad_s,mean,0.4052073948080078
A_PLAN,0_20,tool_angular_speed_rad_s,rms,0.8641009984299948
A_PLAN,0_20,tool_angular_speed_rad_s,max,2.6495954990386963
A_PLAN,0_20,target_position_error_m,mean,0.005277098382557291
A_PLAN,0_20,target_position_error_m,rms,0.005493514656738236
A_PLAN,0_20,target_position_error_m,max,0.007275378309765945
A_PLAN,0_20,target_rotation_error_rad,mean,0.04015515185870181
A_PLAN,0_20,target_rotation_error_rad,rms,0.04259896621029535
A_PLAN,0_20,target_rotation_error_rad,max,0.09069276415421128
A_PLAN,0_20,target_linear_speed_m_s,mean,0.06199407551903278
A_PLAN,0_20,target_linear_speed_m_s,rms,0.09014990431677081
A_PLAN,0_20,target_linear_speed_m_s,max,0.2056303322315216
A_PLAN,0_20,target_angular_speed_rad_s,mean,0.7370917208492755
A_PLAN,0_20,target_angular_speed_rad_s,rms,1.0059658433372713
A_PLAN,0_20,target_angular_speed_rad_s,max,1.9971078634262085
A_PLAN,0_20,pair_translation_error_m,mean,0.01319294086362326
A_PLAN,0_20,pair_translation_error_m,rms,0.013861023880934227
A_PLAN,0_20,pair_translation_error_m,max,0.025372566345651017
A_PLAN,0_20,pair_rotation_error_rad,mean,0.063481447530549
A_PLAN,0_20,pair_rotation_error_rad,rms,0.08387679198595059
A_PLAN,0_20,pair_rotation_error_rad,max,0.19725889498610993
A_PLAN,0_20,world_pair_translation_error_m,mean,0.005572920837810808
A_PLAN,0_20,world_pair_translation_error_m,rms,0.005915788426612152
A_PLAN,0_20,world_pair_translation_error_m,max,0.008296196876302609
A_PLAN,0_20,tracking_score,mean,0.037260808330029246
A_PLAN,0_20,tracking_score,rms,0.05050968169211659
A_PLAN,0_20,tracking_score,max,0.120936319231987
A_PLAN,20_40,tool_position_error_m,mean,0.016599041470130086
A_PLAN,20_40,tool_position_error_m,rms,0.018444575030124626
A_PLAN,20_40,tool_position_error_m,max,0.0253327571895773
A_PLAN,20_40,tool_rotation_error_rad,mean,0.21763608170875642
A_PLAN,20_40,tool_rotation_error_rad,rms,0.22019922692933422
A_PLAN,20_40,tool_rotation_error_rad,max,0.2683823464148588
A_PLAN,20_40,tool_linear_speed_m_s,mean,0.05450517875905234
A_PLAN,20_40,tool_linear_speed_m_s,rms,0.0831289464896752
A_PLAN,20_40,tool_linear_speed_m_s,max,0.24542473256587982
A_PLAN,20_40,tool_angular_speed_rad_s,mean,0.6687044676607912
A_PLAN,20_40,tool_angular_speed_rad_s,rms,0.9251639518879584
A_PLAN,20_40,tool_angular_speed_rad_s,max,2.298265218734741
A_PLAN,20_40,target_position_error_m,mean,0.01863846270507219
A_PLAN,20_40,target_position_error_m,rms,0.019684143117884887
A_PLAN,20_40,target_position_error_m,max,0.02806334510199895
A_PLAN,20_40,target_rotation_error_rad,mean,0.1115032368151266
A_PLAN,20_40,target_rotation_error_rad,rms,0.12204499391599863
A_PLAN,20_40,target_rotation_error_rad,max,0.19099557684949325
A_PLAN,20_40,target_linear_speed_m_s,mean,0.0924197778571397
A_PLAN,20_40,target_linear_speed_m_s,rms,0.13916803915214787
A_PLAN,20_40,target_linear_speed_m_s,max,0.34524738788604736
A_PLAN,20_40,target_angular_speed_rad_s,mean,0.5950780101120472
A_PLAN,20_40,target_angular_speed_rad_s,rms,0.8777363555179193
A_PLAN,20_40,target_angular_speed_rad_s,max,1.9670569896697998
A_PLAN,20_40,pair_translation_error_m,mean,0.04988676555909234
A_PLAN,20_40,pair_translation_error_m,rms,0.05443294348214674
A_PLAN,20_40,pair_translation_error_m,max,0.0774311163558334
A_PLAN,20_40,pair_rotation_error_rad,mean,0.31984560285740005
A_PLAN,20_40,pair_rotation_error_rad,rms,0.32925412488726485
A_PLAN,20_40,pair_rotation_error_rad,max,0.43039953750199905
A_PLAN,20_40,world_pair_translation_error_m,mean,0.02975614068839913
A_PLAN,20_40,world_pair_translation_error_m,rms,0.03239835021720275
A_PLAN,20_40,world_pair_translation_error_m,max,0.04505801100715161
A_PLAN,20_40,tracking_score,mean,0.20542984120547772
A_PLAN,20_40,tracking_score,rms,0.21254471817611195
A_PLAN,20_40,tracking_score,max,0.2716016471385956
A_PLAN,0_40,tool_position_error_m,mean,0.009501659797655954
A_PLAN,0_40,tool_position_error_m,rms,0.0131676154544343
A_PLAN,0_40,tool_position_error_m,max,0.0253327571895773
A_PLAN,0_40,tool_rotation_error_rad,mean,0.13099818109195727
A_PLAN,0_40,tool_rotation_error_rad,rms,0.1630972855819018
A_PLAN,0_40,tool_rotation_error_rad,max,0.2683823464148588
A_PLAN,0_40,tool_linear_speed_m_s,mean,0.03741652208298376
A_PLAN,0_40,tool_linear_speed_m_s,rms,0.06891466274815336
A_PLAN,0_40,tool_linear_speed_m_s,max,0.24542473256587982
A_PLAN,0_40,tool_angular_speed_rad_s,mean,0.5369559312343994
A_PLAN,0_40,tool_angular_speed_rad_s,rms,0.8951533034516094
A_PLAN,0_40,tool_angular_speed_rad_s,max,2.6495954990386963
A_PLAN,0_40,target_position_error_m,mean,0.011957780543814741
A_PLAN,0_40,target_position_error_m,rms,0.014450678073522585
A_PLAN,0_40,target_position_error_m,max,0.02806334510199895
A_PLAN,0_40,target_rotation_error_rad,mean,0.0758291943369142
A_PLAN,0_40,target_rotation_error_rad,rms,0.09140473855917434
A_PLAN,0_40,target_rotation_error_rad,max,0.19099557684949325
A_PLAN,0_40,target_linear_speed_m_s,mean,0.07720692668808624
A_PLAN,0_40,target_linear_speed_m_s,rms,0.11724919694773328
A_PLAN,0_40,target_linear_speed_m_s,max,0.34524738788604736
A_PLAN,0_40,target_angular_speed_rad_s,mean,0.6660848654806614
A_PLAN,0_40,target_angular_speed_rad_s,rms,0.9440308225262423
A_PLAN,0_40,target_angular_speed_rad_s,max,1.9971078634262085
A_PLAN,0_40,pair_translation_error_m,mean,0.031539853211357806
A_PLAN,0_40,pair_translation_error_m,rms,0.03971821571494879
A_PLAN,0_40,pair_translation_error_m,max,0.0774311163558334
A_PLAN,0_40,pair_rotation_error_rad,mean,0.19166352519397453
A_PLAN,0_40,pair_rotation_error_rad,rms,0.24025361078361865
A_PLAN,0_40,pair_rotation_error_rad,max,0.43039953750199905
A_PLAN,0_40,world_pair_translation_error_m,mean,0.01766453076310497
A_PLAN,0_40,world_pair_translation_error_m,rms,0.023287868617640387
A_PLAN,0_40,world_pair_translation_error_m,max,0.04505801100715161
A_PLAN,0_40,tracking_score,mean,0.12134532476775348
A_PLAN,0_40,tracking_score,rms,0.15447732061568423
A_PLAN,0_40,tracking_score,max,0.2716016471385956
