aspect,blind_id,delta,endpoint,expected_direction,finger,measured_direction,objective_component,old_value,pass,probe_id,probe_value,visual_label
ring_shape,P070,0.00903426473536642,0,LOWER,ring,HIGHER,direct_proximal_orientation_error_rad,0.16978953475005554,False,historical_shape_aware_e00,0.17882379948542196,PREFERRED_OVER_OLD
ring_shape,P070,0.1529944307291369,0,LOWER,ring,HIGHER,direct_distal_orientation_error_rad,0.023844623925025267,False,historical_shape_aware_e00,0.17683905465416216,PREFERRED_OVER_OLD
ring_shape,P070,0.03138734503772053,0,LOWER,ring,HIGHER,fingertip_position_error_m,0.004517715416415725,False,historical_shape_aware_e00,0.03590506045413626,PREFERRED_OVER_OLD
ring_shape,P070,0.04078032652088748,0,LOWER,ring,HIGHER,fingertip_orientation_error_rad,0.3301040936736804,False,historical_shape_aware_e00,0.37088442019456785,PREFERRED_OVER_OLD
pinky_shape,P070,-0.03746600002501349,0,LOWER,pinky,LOWER,direct_proximal_orientation_error_rad,0.2948600563952377,True,historical_shape_aware_e00,0.2573940563702242,PREFERRED_OVER_OLD
pinky_shape,P070,0.016104479868005506,0,LOWER,pinky,HIGHER,direct_distal_orientation_error_rad,0.1272683025552667,False,historical_shape_aware_e00,0.1433727824232722,PREFERRED_OVER_OLD
pinky_shape,P070,0.020302588402697285,0,LOWER,pinky,HIGHER,fingertip_position_error_m,0.020734946980238967,False,historical_shape_aware_e00,0.04103753538293625,PREFERRED_OVER_OLD
pinky_shape,P070,0.01087840711930746,0,LOWER,pinky,HIGHER,fingertip_orientation_error_rad,0.2498467199972426,False,historical_shape_aware_e00,0.26072512711655005,PREFERRED_OVER_OLD
ring_shape,P072,0.5440491609960976,15,HIGHER,ring,HIGHER,direct_proximal_orientation_error_rad,0.1439884302885359,True,historical_interaction_v1_e15,0.6880375912846335,WORSE_THAN_OLD
ring_shape,P072,1.2431852688145912,15,HIGHER,ring,HIGHER,direct_distal_orientation_error_rad,0.42386676755939195,True,historical_interaction_v1_e15,1.6670520363739831,WORSE_THAN_OLD
ring_shape,P072,0.049401212083232116,15,HIGHER,ring,HIGHER,fingertip_position_error_m,0.00400659935522747,True,historical_interaction_v1_e15,0.05340781143845959,WORSE_THAN_OLD
ring_shape,P072,1.2464190351190587,15,HIGHER,ring,HIGHER,fingertip_orientation_error_rad,0.30965921886607806,True,historical_interaction_v1_e15,1.5560782539851368,WORSE_THAN_OLD
pinky_shape,P072,0.2324347161400453,15,HIGHER,pinky,HIGHER,direct_proximal_orientation_error_rad,0.4568643090661765,True,historical_interaction_v1_e15,0.6892990252062218,WORSE_THAN_OLD
pinky_shape,P072,0.45321523028283783,15,HIGHER,pinky,HIGHER,direct_distal_orientation_error_rad,0.6679601712186356,True,historical_interaction_v1_e15,1.1211754015014734,WORSE_THAN_OLD
pinky_shape,P072,0.02600029961675267,15,HIGHER,pinky,HIGHER,fingertip_position_error_m,0.021060256842851118,True,historical_interaction_v1_e15,0.04706055645960379,WORSE_THAN_OLD
pinky_shape,P072,0.45485710133251467,15,HIGHER,pinky,HIGHER,fingertip_orientation_error_rad,0.616781034245341,True,historical_interaction_v1_e15,1.0716381355778557,WORSE_THAN_OLD
tray_rim_spatial_relation,P072,0.02547279959107123,15,HIGHER,ring,HIGHER,near_interaction_position_error_m,0.012354777918910584,True,historical_interaction_v1_e15,0.037827577509981815,WORSE_THAN_OLD
tray_rim_spatial_relation,P072,0.8835107124506041,15,HIGHER,ring,HIGHER,near_interaction_orientation_error_rad,0.23602314681620867,True,historical_interaction_v1_e15,1.1195338592668127,WORSE_THAN_OLD
tray_rim_spatial_relation,P072,0.02015094201575584,15,HIGHER,pinky,HIGHER,near_interaction_position_error_m,0.016303736414038116,True,historical_interaction_v1_e15,0.036454678429793955,WORSE_THAN_OLD
tray_rim_spatial_relation,P072,0.25358422803179126,15,HIGHER,pinky,HIGHER,near_interaction_orientation_error_rad,0.5194097749744764,True,historical_interaction_v1_e15,0.7729940030062676,WORSE_THAN_OLD
ring_shape,P073,0.47425083291226455,16,HIGHER,ring,HIGHER,direct_proximal_orientation_error_rad,0.16095564839152035,True,historical_interaction_v1_e16,0.6352064813037849,WORSE_THAN_OLD
ring_shape,P073,1.2310254398941123,16,HIGHER,ring,HIGHER,direct_distal_orientation_error_rad,0.429750722905554,True,historical_interaction_v1_e16,1.6607761627996662,WORSE_THAN_OLD
ring_shape,P073,0.05064519931572639,16,HIGHER,ring,HIGHER,fingertip_position_error_m,0.003255861908977422,True,historical_interaction_v1_e16,0.05390106122470381,WORSE_THAN_OLD
ring_shape,P073,1.2521679481958747,16,HIGHER,ring,HIGHER,fingertip_orientation_error_rad,0.3168501207380725,True,historical_interaction_v1_e16,1.5690180689339472,WORSE_THAN_OLD
pinky_shape,P073,0.18297554126011428,16,HIGHER,pinky,HIGHER,direct_proximal_orientation_error_rad,0.4816572663313382,True,historical_interaction_v1_e16,0.6646328075914525,WORSE_THAN_OLD
pinky_shape,P073,0.4584136869577805,16,HIGHER,pinky,HIGHER,direct_distal_orientation_error_rad,0.6770216403994233,True,historical_interaction_v1_e16,1.1354353273572038,WORSE_THAN_OLD
pinky_shape,P073,0.026580659521364222,16,HIGHER,pinky,HIGHER,fingertip_position_error_m,0.02080561573391404,True,historical_interaction_v1_e16,0.04738627525527826,WORSE_THAN_OLD
pinky_shape,P073,0.4548088301566823,16,HIGHER,pinky,HIGHER,fingertip_orientation_error_rad,0.6254548092340385,True,historical_interaction_v1_e16,1.0802636393907208,WORSE_THAN_OLD
tray_rim_spatial_relation,P073,0.024773626834645665,16,HIGHER,ring,HIGHER,near_interaction_position_error_m,0.012807316339062414,True,historical_interaction_v1_e16,0.03758094317370808,WORSE_THAN_OLD
tray_rim_spatial_relation,P073,0.8851753404717423,16,HIGHER,ring,HIGHER,near_interaction_orientation_error_rad,0.2441958385326398,True,historical_interaction_v1_e16,1.129371179004382,WORSE_THAN_OLD
tray_rim_spatial_relation,P073,0.01931638527264604,16,HIGHER,pinky,HIGHER,near_interaction_position_error_m,0.016607977709086532,True,historical_interaction_v1_e16,0.03592436298173257,WORSE_THAN_OLD
tray_rim_spatial_relation,P073,0.25954406245087136,16,HIGHER,pinky,HIGHER,near_interaction_orientation_error_rad,0.5330644022589035,True,historical_interaction_v1_e16,0.7926084647097749,WORSE_THAN_OLD
ring_shape,P074,0.4099627845576873,17,HIGHER,ring,HIGHER,direct_proximal_orientation_error_rad,0.16471671331391027,True,historical_interaction_v1_e17,0.5746794978715976,WORSE_THAN_OLD
ring_shape,P074,1.1878504767549534,17,HIGHER,ring,HIGHER,direct_distal_orientation_error_rad,0.42968498652708514,True,historical_interaction_v1_e17,1.6175354632820385,WORSE_THAN_OLD
ring_shape,P074,0.052009677993854614,17,HIGHER,ring,HIGHER,fingertip_position_error_m,0.0024686733885520666,True,historical_interaction_v1_e17,0.05447835138240668,WORSE_THAN_OLD
ring_shape,P074,1.234473635992889,17,HIGHER,ring,HIGHER,fingertip_orientation_error_rad,0.3206434977119693,True,historical_interaction_v1_e17,1.5551171337048582,WORSE_THAN_OLD
pinky_shape,P074,0.15024825619411264,17,HIGHER,pinky,HIGHER,direct_proximal_orientation_error_rad,0.4796646711879634,True,historical_interaction_v1_e17,0.629912927382076,WORSE_THAN_OLD
pinky_shape,P074,0.46277512605490945,17,HIGHER,pinky,HIGHER,direct_distal_orientation_error_rad,0.6835604299212962,True,historical_interaction_v1_e17,1.1463355559762056,WORSE_THAN_OLD
pinky_shape,P074,0.028089176422847636,17,HIGHER,pinky,HIGHER,fingertip_position_error_m,0.02088266515312787,True,historical_interaction_v1_e17,0.048971841575975505,WORSE_THAN_OLD
pinky_shape,P074,0.46344208592056424,17,HIGHER,pinky,HIGHER,fingertip_orientation_error_rad,0.6323450762240629,True,historical_interaction_v1_e17,1.0957871621446271,WORSE_THAN_OLD
tray_rim_spatial_relation,P074,0.024506957765147275,17,HIGHER,ring,HIGHER,near_interaction_position_error_m,0.01294813754446604,True,historical_interaction_v1_e17,0.037455095309613315,WORSE_THAN_OLD
tray_rim_spatial_relation,P074,0.8727399639619904,17,HIGHER,ring,HIGHER,near_interaction_orientation_error_rad,0.2470146117536629,True,historical_interaction_v1_e17,1.1197545757156533,WORSE_THAN_OLD
tray_rim_spatial_relation,P074,0.01914815366884896,17,HIGHER,pinky,HIGHER,near_interaction_position_error_m,0.017074011707913495,True,historical_interaction_v1_e17,0.036222165376762455,WORSE_THAN_OLD
tray_rim_spatial_relation,P074,0.2809596444215805,17,HIGHER,pinky,HIGHER,near_interaction_orientation_error_rad,0.5348575847552614,True,historical_interaction_v1_e17,0.8158172291768419,WORSE_THAN_OLD
ring_shape,P075,0.29835872024257093,20,HIGHER,ring,HIGHER,direct_proximal_orientation_error_rad,0.133250164581962,True,historical_interaction_v1_e20,0.43160888482453297,WORSE_THAN_OLD
ring_shape,P075,1.0664809361173673,20,HIGHER,ring,HIGHER,direct_distal_orientation_error_rad,0.387094237009837,True,historical_interaction_v1_e20,1.4535751731272042,WORSE_THAN_OLD
ring_shape,P075,0.050303472230669534,20,HIGHER,ring,HIGHER,fingertip_position_error_m,0.003662817480961225,True,historical_interaction_v1_e20,0.05396628971163076,WORSE_THAN_OLD
ring_shape,P075,1.1797401861086616,20,HIGHER,ring,HIGHER,fingertip_orientation_error_rad,0.2974955563121338,True,historical_interaction_v1_e20,1.4772357424207954,WORSE_THAN_OLD
pinky_shape,P075,0.12780026622260648,20,HIGHER,pinky,HIGHER,direct_proximal_orientation_error_rad,0.40045976039380143,True,historical_interaction_v1_e20,0.5282600266164079,WORSE_THAN_OLD
pinky_shape,P075,0.540721136611266,20,HIGHER,pinky,HIGHER,direct_distal_orientation_error_rad,0.6596142421491814,True,historical_interaction_v1_e20,1.2003353787604474,WORSE_THAN_OLD
pinky_shape,P075,0.030959844651664258,20,HIGHER,pinky,HIGHER,fingertip_position_error_m,0.02131403992638376,True,historical_interaction_v1_e20,0.05227388457804802,WORSE_THAN_OLD
pinky_shape,P075,0.5488864570205798,20,HIGHER,pinky,HIGHER,fingertip_orientation_error_rad,0.632668158348316,True,historical_interaction_v1_e20,1.1815546153688958,WORSE_THAN_OLD
tray_rim_spatial_relation,P075,0.020970771670755013,20,HIGHER,ring,HIGHER,near_interaction_position_error_m,0.013271609743371856,True,historical_interaction_v1_e20,0.03424238141412687,WORSE_THAN_OLD
tray_rim_spatial_relation,P075,0.8491141151111604,20,HIGHER,ring,HIGHER,near_interaction_orientation_error_rad,0.22737943089084514,True,historical_interaction_v1_e20,1.0764935460020055,WORSE_THAN_OLD
tray_rim_spatial_relation,P075,0.01645395796883278,20,HIGHER,pinky,HIGHER,near_interaction_position_error_m,0.018358501843469047,True,historical_interaction_v1_e20,0.03481245981230183,WORSE_THAN_OLD
tray_rim_spatial_relation,P075,0.42217686790868947,20,HIGHER,pinky,HIGHER,near_interaction_orientation_error_rad,0.49103204877290274,True,historical_interaction_v1_e20,0.9132089166815922,WORSE_THAN_OLD
