availability,condition,endpoint,left_angular_tracking_rms_rad,left_wrist_translation_tracking_rms_m,object_frame_pair_rotation_error_rad,object_frame_pair_translation_error_m,pair_error_x_m,pair_error_y_m,pair_error_z_m,pair_position_error_m,right_angular_tracking_rms_rad,right_wrist_translation_tracking_rms_m,target_angular_speed_rad_s,target_displacement_from_s0_m,target_error_x_m,target_error_y_m,target_error_z_m,target_linear_speed_m_s,target_position_error_m,target_rotation_error_rad,target_rotation_from_s0_rad,tool_angular_speed_rad_s,tool_displacement_from_s0_m,tool_ellipse_score,tool_error_x_m,tool_error_y_m,tool_error_z_m,tool_linear_speed_m_s,tool_position_error_m,tool_rotation_error_rad,tool_rotation_from_s0_rad
measured,ORIGINAL,0,0.01578365123166398,0.01731532962122843,5.05669505643774e-08,1.1279523603570286e-08,-7.450580596923828e-09,0.0,0.0,7.450580596923828e-09,0.009119686097417812,0.01062573265356725,0.0,0.0,-2.235174156872688e-09,0.0,4.536664710563798e-09,0.0,5.057403504529418e-09,3.8206726431492624e-08,0.0,0.0,0.0,8.951018822143991e-08,-9.685754753796516e-09,0.0,4.536664710563798e-09,0.0,1.0695567859948657e-08,1.2366100382792498e-08,0.0
measured,ORIGINAL,1,0.01608694724602015,0.01662454106555093,0.03424337078461314,0.004087065072426797,-0.0006284117698669434,0.0008446080610156059,-0.0008374452590942383,0.0013452058174194988,0.00920712862352377,0.010358485581681617,0.2768269181251526,0.001010320265777409,0.00013092681765558556,-0.00020082946866750717,-0.0009590341977713246,0.027286285534501076,0.0009885448394289357,0.01585506917333582,0.015454847225824034,0.6217092275619507,0.002058218000456691,0.024324579477059877,-0.0004974849522113578,0.0006437776610255241,-0.0017964794568655629,0.03525875508785248,0.001972125602859062,0.026899660219576134,0.025043784056167112
measured,ORIGINAL,2,0.016577007388965455,0.017010988339344554,0.018263569002588707,0.004580154461651562,-0.0006662681698799133,0.0005385209806263447,0.00025659799575805664,0.0008942933815012502,0.009311060506190834,0.010623723166905154,0.44055110216140747,0.0022040719632059336,0.00046455636620523766,-0.0001338212750852108,-0.0021688892774222035,0.03587983176112175,0.002222116434565087,0.01878456951615283,0.018799881523867742,0.16931143403053284,0.00199069338850677,0.019311755545366315,-0.00020171180367467567,0.0004046997055411339,-0.0019122912816641469,0.00572635093703866,0.0019650260683602844,0.015355499538937228,0.013860066738223946
measured,ORIGINAL,3,0.017868401224472932,0.018084408194334316,0.017914770091758073,0.005375000124123736,-0.0010562166571617126,0.0006115753203630447,0.0007015466690063477,0.0014077591158067227,0.009906632602309617,0.010804810522839317,0.06454932689666748,0.002648223889991641,0.0007666923105716927,-0.0001951400190591812,-0.0025820686750052113,0.007830562070012093,0.0027005509379701294,0.024281396959759328,0.024711988654565323,0.052627287805080414,0.0020288703963160515,0.021024182144688333,-0.0002895243465900199,0.0004164343699812889,-0.0018805220059988637,0.0018187947571277618,0.0019477178817313562,0.020044594170980572,0.0167588989496079
measured,ORIGINAL,4,0.022944182744515592,0.01907079366914084,0.019600903518347992,0.00583251299997634,-0.0012222975492477417,0.0007429821416735649,0.0006389617919921875,0.0015666224603805283,0.010066447684099143,0.01103653866322087,0.054821863770484924,0.002706491854041815,0.0009438000619411691,-0.0002971384674310684,-0.0025215103559134144,0.005261080339550972,0.002708701589456844,0.025489797184844367,0.02551773137837166,0.002556650200858712,0.002027844777330756,0.020815240765113006,-0.00027849748730657264,0.0004458427429199219,-0.001882548563921227,8.892603364074603e-05,0.001954565347429527,0.019440709041396276,0.016752342475400327
measured,ORIGINAL,5,0.03313917224712206,0.01997331214910545,0.022691106239640844,0.007170573745078364,-0.0013355761766433716,0.0009734397754073143,0.0003406405448913574,0.0016874195390554922,0.009809098817525603,0.011047270109210605,0.11569737643003464,0.0025120761711150408,0.0010258458554744943,-0.0005143191665410995,-0.002255017989122643,0.009743078611791134,0.002530215416823725,0.02938241207235564,0.029532395310628127,1.962676105904393e-05,0.002027852227911353,0.02083150226448099,-0.00030973032116887733,0.0004591187462210655,-0.0019143774442312855,6.808063062635483e-06,0.0019928782938163805,0.018863562399689282,0.01675320560162455
measured,ORIGINAL,6,0.0502938480401001,0.021053228901010777,0.028957837773429865,0.009854285253929132,-0.0013746470212936401,0.0015210858546197414,-0.00041180849075317383,0.0020911582540143045,0.010418224591504963,0.011033665789253652,0.3473369777202606,0.002095378004014492,0.001031448692083381,-0.0010647536255419254,-0.0015358283452627797,0.030624432489275932,0.002134562108165935,0.03796030463996293,0.03825315831726676,0.00011398132483009249,0.002027842914685607,0.020602517831215025,-0.00034319832921025917,0.0004563331604003906,-0.0019476368360159535,5.838932338519953e-06,0.002029609393814474,0.017646545247635044,0.016752794888075847
measured,ORIGINAL,7,0.07633930053956144,0.02267212832775212,0.04343244086248887,0.01421677477131351,-0.001307845115661621,0.002348005771636963,-0.001687467098236084,0.0031735051847806644,0.01251636521992272,0.011007464694717169,0.5549095273017883,0.0021623738575726748,0.0009906344115734322,-0.0019194083288311958,-0.00020026706978060194,0.05572016164660454,0.0021692376009599577,0.05627090028997081,0.05592346256179752,9.644123929319903e-05,0.0020278431475162506,0.020312769871898676,-0.00031721070408818886,0.00042859744280576706,-0.001887734168016686,7.015883056737948e-06,0.001961595954284525,0.018087052682115908,0.01675266804394117
measured,ORIGINAL,8,0.10879001998349407,0.0250118315417703,0.061142286886291246,0.019597495461981345,-0.0012830495834350586,0.003393379505723715,-0.0033714771270751953,0.004952585054475068,0.017569037845362324,0.010574044003381999,0.5674436092376709,0.003420434193685651,0.0009625755250454171,-0.0029837158508598804,0.0014912531443002086,0.06433150917291641,0.003471735568915671,0.07547984254208039,0.07523605058746848,7.971900049597025e-05,0.002027844777330756,0.020550635295117657,-0.0003204740583896415,0.00040966272354125977,-0.0018802239827749867,5.717262411053525e-06,0.001950838126181207,0.018857038657322647,0.016753168139189485
measured,ORIGINAL,9,0.14460040624393583,0.026150186524793888,0.05887441127864258,0.020444856405899735,-0.0015838220715522766,0.004378079436719418,-0.003170192241668701,0.005632600709947225,0.025673320241646737,0.009709795907714331,2.074601411819458,0.004278163425624371,0.0012299545109272225,-0.003959130495786667,0.001244430310285316,0.18624985218048096,0.004328522747863873,0.07012467784198013,0.07023360256940442,7.756418199278414e-05,0.0020278445445001125,0.0203129173389989,-0.0003538675606250541,0.00041895080357789993,-0.0019257619313833851,6.847933946119156e-06,0.002002323910521662,0.01737612115616425,0.016753108573217115
measured,ORIGINAL,10,0.1584820148948898,0.019004140909275546,0.040908484309766506,0.01463975575674343,-0.0021242350339889526,0.004358446225523949,0.0003732442855834961,0.004862894125634521,0.03506601103798055,0.007598449382763227,1.1636582612991333,0.004925239831209183,0.0018583737313747628,-0.003995752893388271,-0.002276833289110436,0.10050983726978302,0.004960197973557704,0.04539161148162287,0.045267241031251834,0.00010295314132235944,0.002027844777330756,0.020255850697123635,-0.00026586130261418983,0.00036269426345825195,-0.0019035890035269398,6.326540187728824e-06,0.001955985801411126,0.018038293313124665,0.01675313133822928
measured,ORIGINAL,11,0.1773944853671696,0.021586898491870964,0.05392257360249242,0.019386507656195588,-0.002043493092060089,0.005059216637164354,-0.0019701719284057617,0.005801130443847645,0.05003488954782727,0.004058205580622747,0.23263470828533173,0.004949826747179031,0.001737353950738929,-0.004722604062408209,6.97419710519176e-05,0.015012540854513645,0.0050325194309559194,0.06316044619166356,0.06258277302949511,4.968745997757651e-05,0.0020278452429920435,0.020344371130342796,-0.00030613914132116005,0.0003366135060787201,-0.0019004299573538441,6.16761371929897e-06,0.0019541401815456843,0.018291910947841147,0.016753041451472894
measured,ORIGINAL,12,0.19375896670178577,0.016079904057334442,0.05075105661044757,0.018573412263728033,-0.0023344606161117554,0.005952599924057722,6.0439109802246094e-05,0.0063942790922873055,0.06963630518312326,0.003374282120846131,0.44531816244125366,0.006158225703984499,0.002042432874441169,-0.005614614579826593,-0.0019363119535086293,0.04239808768033981,0.0062805041921727735,0.053912584124439465,0.053654029376392534,3.4910597605630755e-05,0.002027843613177538,0.020119337507734578,-0.0002920277416705863,0.0003379853442311287,-0.0018758728437063832,7.442764399456792e-06,0.0019283187549197695,0.01815958020502978,0.016752857163338446
measured,ORIGINAL,13,0.20218037678009343,0.014369099740283072,0.04909517705009828,0.01860956621153081,-0.0022382959723472595,0.006284321192651987,-7.653236389160156e-05,0.006671470521179247,0.09021953087638628,0.00535257474043588,1.9941296577453613,0.006450202781707048,0.0019611097872257455,-0.005966076161712408,-0.001811917059862389,0.16684499382972717,0.006536287921804396,0.052955459358666176,0.052933551610157115,4.9546124500920996e-05,0.0020278450101614,0.020296053276675458,-0.00027718618512151405,0.0003182431682944298,-0.0018884494237539906,5.450982371257851e-06,0.0019350328476449889,0.018487481788842727,0.0167531969413586
measured,ORIGINAL,14,0.20387270379549396,0.0137577730393795,0.04361540891952956,0.017598506917907125,-0.0022131726145744324,0.006575458683073521,0.00015032291412353516,0.006939552355391504,0.1076099863820031,0.007445761427080056,2.3930983543395996,0.006758453324437141,0.0018945761024952157,-0.006222648546099663,-0.0020764424733755726,0.08088945597410202,0.006828058793072909,0.048476464741606586,0.04829871877504687,4.307129347580485e-05,0.0020278431475162506,0.020389932132346893,-0.0003185965120792167,0.0003528119996190071,-0.0019261195592520375,4.978297056368319e-06,0.0019839144641635807,0.017901090159240258,0.01675301161711707
measured,ORIGINAL,15,0.18284986260212865,0.014866254090368704,0.06500944630460066,0.023195249383783888,-5.1312148571014404e-05,0.010553889442235231,0.0003451108932495117,0.01055965514702799,0.1175666575323516,0.010376102912106356,1.2588486671447754,0.009580728597939014,0.0007770933210849984,-0.00947200646623969,-0.001779730551683678,0.16289250552654266,0.009669034148391334,0.05545205029514564,0.055229894373622336,1.9234141111373901,0.0020866806153208017,0.02258604216827054,0.000725781172513984,0.0010818811133503914,-0.0014346196584341664,0.20951521396636963,0.0019378747684424347,0.023685779336388837,0.021686014808127676
measured,ORIGINAL,16,0.15395668754104616,0.017326748996590643,0.13504502072980842,0.03506574796221549,0.011755459010601044,0.02079562097787857,0.0032706260681152344,0.024111110784925265,0.11791847673730979,0.012579028962679428,1.7217131853103638,0.013792702928185463,-0.002301814407110192,-0.013419735245406628,-0.0027278020314810414,0.17303617298603058,0.013886271909499,0.056690076696880955,0.056591838498204136,2.4239501953125,0.012079407460987568,0.11743720002440006,0.009453644603490852,0.007375885732471943,0.000542824036634193,0.23247821629047394,0.012002905671642292,0.09230367435085444,0.09288371623531866
measured,ORIGINAL,17,0.11999214620400712,0.02130655472689703,0.20563828024262118,0.04738664546553057,0.022113487124443054,0.03003156604245305,0.0027562975883483887,0.037396503154180916,0.11154157487928083,0.015150809969126164,1.3646166324615479,0.01857670396566391,-0.00669562295079229,-0.01737478142604232,-0.0011522128514883656,0.2797641456127167,0.018655883542653684,0.05650396899037068,0.056338007108130646,2.9377524852752686,0.020066628232598305,0.1982139773627785,0.015417864173650764,0.012656782753765583,0.001604084736860023,0.3300362527370453,0.02001194076535779,0.16070191283096985,0.1602741379144357
measured,ORIGINAL,18,0.09003486631952937,0.027353596492234813,0.2036841978974707,0.0629346748782086,0.03418333828449249,0.04126323526725173,0.0071530938148498535,0.05405850490086329,0.10049074256420022,0.01668560203912776,1.2393687963485718,0.022257233038544655,-0.009220937639474847,-0.020222692284733057,-0.002326126330339684,0.09681244939565659,0.022347121467848726,0.054378865787084674,0.054296416823471264,1.7999032735824585,0.03305318206548691,0.29398537049824114,0.024962400645017646,0.021040542982518673,0.0048269674845101695,0.3844897449016571,0.03300190161275728,0.1558389704282703,0.156521137036626
measured,ORIGINAL,19,0.06975704337761245,0.03196484659396163,0.22892000969271462,0.07616765030132053,0.04204310476779938,0.050323857460170984,0.0028720498085021973,0.06563811361008388,0.08820687632494091,0.01724495063511201,0.299935907125473,0.02429569698870182,-0.009979883581399895,-0.022165949922055006,-0.0019509746961233754,0.025093698874115944,0.02438716290408253,0.062364604582273137,0.06250587763846321,1.9812836647033691,0.04274628683924675,0.3732676024870854,0.03206322118639948,0.028157911263406277,0.0009210751123788219,0.12822522222995758,0.04268215668084829,0.16981921693952165,0.16923908632332033
measured,ORIGINAL,20,0.05870886540693175,0.03578991365802607,0.24566733703987656,0.08348066997609417,0.046492695808410645,0.0557809597812593,0.002918541431427002,0.07267464565953402,0.07687504891204777,0.017585522568632522,0.6413895487785339,0.02521137148141861,-0.010340625792741753,-0.02295461716130376,-0.002337749236070885,0.0654788538813591,0.025284541963387176,0.06337084675106744,0.06364792373863556,3.3390932083129883,0.04889621213078499,0.425967241577301,0.03615207001566889,0.03282634261995554,0.0005807921953561168,0.288764625787735,0.04883521532454548,0.1887352035267075,0.18824403777602272
measured,LEFT_ALIGNED_REPLAY,0,0.1373882039116979,0.015212294608812545,5.05669505643774e-08,1.1279523603570286e-08,-7.450580596923828e-09,0.0,0.0,7.450580596923828e-09,0.009119686097417812,0.01062573265356725,0.0,0.0,-2.235174156872688e-09,0.0,4.536664710563798e-09,0.0,5.057403504529418e-09,3.8206726431492624e-08,0.0,0.0,0.0,8.951018822143991e-08,-9.685754753796516e-09,0.0,4.536664710563798e-09,0.0,1.0695567859948657e-08,1.2366100382792498e-08,0.0
measured,LEFT_ALIGNED_REPLAY,1,0.120379556563562,0.014607798917357799,0.028437115264873504,0.004014267028908738,-0.0006820559501647949,0.0009435666725039482,-0.00020629167556762695,0.0011824020636077533,0.009207128623523794,0.010358485581681617,0.2506219744682312,0.0016506763640791178,0.00018451139330866173,-0.00029978714883327484,-0.001590187781297936,0.016897054389119148,0.0016286847358084804,0.015149141347601463,0.01472830726995448,0.6217126250267029,0.0020582336001098156,0.024324717461051942,-0.0004975445568561332,0.0006437795236706734,-0.0017964794568655629,0.035260144621133804,0.001972141247500998,0.026899761748391014,0.025043900909652188
measured,LEFT_ALIGNED_REPLAY,2,0.09152626355881603,0.015360809863935202,0.017120572171240363,0.0045722827169575155,-0.0008183196187019348,0.0006961454637348652,0.0005849003791809082,0.0012232636504846699,0.009311060506190873,0.010623723166905154,0.2353028506040573,0.0025701832491904497,0.0006164886057377084,-0.0002914075739681721,-0.002497191660845055,0.027217935770750046,0.002588617925875606,0.020380142504131178,0.020424978675971397,0.16932320594787598,0.001990716438740492,0.019312360691967706,-0.00020183101296422645,0.0004047378897666931,-0.0019122912816641469,0.005727669689804316,0.001965046173283383,0.01535680989016064,0.013861363744640509
measured,LEFT_ALIGNED_REPLAY,3,0.06448166481507743,0.016628762854085342,0.017256586698449077,0.005208053742759141,-0.001251421868801117,0.0008029211312532425,0.0007074475288391113,0.001646578586884705,0.009906632602309595,0.010804810522839317,0.045217640697956085,0.0027357027865946293,0.0009610034525394662,-0.0003872690722346306,-0.0025877311162588734,0.00714521249756217,0.0027874463761939244,0.023038250564101543,0.023471751784450743,0.052436813712120056,0.0020286154467612505,0.02102131611530926,-0.00029041841626165077,0.0004156520590186119,-0.001880283587419762,0.0018111281096935272,0.0019474536861734267,0.0200418416606908,0.016756124451529436
measured,LEFT_ALIGNED_REPLAY,4,0.04515361635092347,0.017661140580077995,0.019484898671724163,0.005885312373238551,-0.0013728588819503784,0.0009016683325171471,0.0005672574043273926,0.0017376789848468981,0.010066448828309992,0.01103653866322087,0.13118918240070343,0.0027192498091608286,0.0010943017899990304,-0.0004558619111776352,-0.002449746363603844,0.011275404132902622,0.0027215002729464983,0.02511159964725004,0.0251433430224015,0.0021305468399077654,0.002027789130806923,0.020814541931692777,-0.00027855709195134803,0.00044580642133951187,-0.0018824889592764515,7.399793685181066e-05,0.001954508147995723,0.019439924058315062,0.01675159890297768
measured,LEFT_ALIGNED_REPLAY,5,0.038883879506850925,0.018581897323281756,0.01927715809764869,0.005980079971392105,-0.0015790313482284546,0.0009719459339976311,0.000632166862487793,0.0019589930677086018,0.009809099659572194,0.011047270109210605,0.045252908021211624,0.0028730446938425303,0.0012691818177700265,-0.0005128215998411179,-0.002546484702074303,0.006471655331552029,0.0028910885177939613,0.02532692213647436,0.025465238892525867,6.862401642138138e-05,0.0020278168376535177,0.020831177871852572,-0.0003098495304584281,0.00045912526547908783,-0.0019143178395865101,3.2276946058118483e-06,0.001992841070403186,0.018863370830330597,0.01675300766598905
measured,LEFT_ALIGNED_REPLAY,6,0.049468953781819175,0.019244569682531402,0.022523164399866697,0.007154662912946398,-0.0018101781606674194,0.001159710343927145,0.0003712773323059082,0.0021816323963154494,0.010418225400956417,0.011033665789253652,0.1887405514717102,0.0027865320444107056,0.0014668606221676095,-0.0007033650763332844,-0.0023188545636770863,0.018273698166012764,0.0028325763896066996,0.028408072395942847,0.02870086977761307,1.4402832675841637e-05,0.00202780868858099,0.020602270019426265,-0.00034331753849980995,0.000456344336271286,-0.001947577231371178,1.939471076184418e-06,0.0020295748711599364,0.017646514677498868,0.0167527614216582
measured,LEFT_ALIGNED_REPLAY,7,0.07510687793100747,0.020163545122725304,0.028207601811603086,0.009671326083525387,-0.0018686950206756592,0.001919630914926529,-0.00012195110321044922,0.00268176732797868,0.012516366266481097,0.011007464694717169,0.25195589661598206,0.002799389185383916,0.0015513651072979195,-0.0014910241588950157,-0.0017657234601614613,0.031400520354509354,0.002783462964782294,0.03592708230002894,0.03559171163816201,4.1989009332610294e-05,0.00202780868858099,0.020312553901606526,-0.00031732991337773964,0.00042860768735408783,-0.0018876745633719105,2.109967908836552e-06,0.001961560113986996,0.01808711429139964,0.016752754926118635
measured,LEFT_ALIGNED_REPLAY,8,0.10733802629766907,0.021757605282938505,0.027375722619856026,0.00946549517672286,-0.002161741256713867,0.002265182789415121,0.0002830028533935547,0.003143925722002702,0.017569039087981072,0.010574044003381999,0.09934738278388977,0.0033995825797319412,0.001841147989034675,-0.0018555079586803913,-0.002163167231523766,0.018144387751817703,0.003392937985550413,0.03383764693480864,0.03355720876593714,9.134024003287777e-05,0.0020278103183954954,0.020550364200721507,-0.0003205932676791923,0.00040967296808958054,-0.0018801643781302113,3.6768176414625486e-06,0.0019508024176872227,0.01885695112887234,0.01675309841395743
measured,LEFT_ALIGNED_REPLAY,9,0.1429639097892481,0.022859693662099424,0.029773918104332844,0.010348137734343236,-0.002392418682575226,0.0025657257065176964,0.00010204315185546875,0.003509562416977551,0.025673321605848655,0.009709795907714331,0.09213730692863464,0.0035447829868644476,0.002038431912660621,-0.002146771177649498,-0.0020277454785940785,0.016461452469229698,0.0035882562447097587,0.03513036009271758,0.035119991344082536,4.7073957830434665e-05,0.00202780868858099,0.020312465226200525,-0.00035398676991460487,0.000418955460190773,-0.0019257023267386097,2.5087758785957703e-06,0.002002288631068142,0.017375567190562376,0.01675255008464264
measured,LEFT_ALIGNED_REPLAY,10,0.1573378556763269,0.02138897870755236,0.0361060541803671,0.013047823205825197,-0.0025780946016311646,0.003135247156023979,-0.000690460205078125,0.004117412026882023,0.03506601022711818,0.007598449382763227,1.8928643465042114,0.0037701253313571215,0.002312114089727424,-0.002772548235952854,-0.0012130691938040394,0.1832776665687561,0.003808468478740206,0.0466096577846432,0.04642286255140351,2.3198350390885025e-05,0.00202780868858099,0.020255398067198078,-0.0002659805119037406,0.0003626979887485504,-0.0019035293988821644,2.472396545272204e-06,0.001955944691488876,0.018037846220819075,0.01675269886955943
measured,LEFT_ALIGNED_REPLAY,11,0.17731197623352848,0.025145956903388982,0.07545464531121143,0.02409196131987495,-0.0021789446473121643,0.005140707362443209,-0.0046936869621276855,0.007294201070766802,0.050034889050186326,0.004058205580622747,0.5677345395088196,0.005773480050265789,0.0018726862967014535,-0.0048040891997516155,0.002793316609418617,0.05922738462686539,0.005864200259666909,0.08946366914735199,0.08885949723264167,9.181052882922813e-05,0.002027809387072921,0.02034390753829116,-0.00030625835061071083,0.00033661816269159317,-0.0019003703527090687,3.3081294077419443e-06,0.0019541016970025505,0.01829139322158241,0.01675250994447259
measured,LEFT_ALIGNED_REPLAY,12,0.1940754959371002,0.019504490243430445,0.05501940640939287,0.020490260255618994,-0.0020754188299179077,0.004980526398867369,-0.0031450986862182617,0.006245370467429808,0.06963630616396481,0.003374282120846131,2.216022491455078,0.004989424254745245,0.0017832718789577706,-0.0046425373293459415,0.001269285447156654,0.1523682177066803,0.005132669577813848,0.0604080341999313,0.060072901405728164,0.00012568890815600753,0.002027807990089059,0.020118966539981686,-0.0002921469509601371,0.0003379909321665764,-0.0018758132390616078,4.328889644966694e-06,0.0019282798082801511,0.01815930164436423,0.01675258644666535
measured,LEFT_ALIGNED_REPLAY,13,0.2023461839308676,0.014566254438069737,0.03886245400181523,0.01432025227336123,-0.0019223019480705261,0.004577206913381815,0.00021284818649291992,0.0049690413821942905,0.09021953077845307,0.00535257474043588,0.07159214466810226,0.004949173424392939,0.0016449965536594613,-0.004258961882442236,-0.002101238005602135,0.012034169398248196,0.005025929877528561,0.04370408744370896,0.0436672749502494,1.3325372492545284e-05,0.0020278082229197025,0.020295565502496973,-0.00027730539441106483,0.0003182440996170044,-0.0018883898191092152,1.1528112509040511e-06,0.0019349919115143218,0.01848694641212517,0.01675266850652487
measured,LEFT_ALIGNED_REPLAY,14,0.20403479651190906,0.012834162062910371,0.03508177692321491,0.01334223759932799,-0.0019468888640403748,0.0047064656391739845,0.0005325675010681152,0.005121017789936269,0.10760998633715259,0.007445761427080056,1.445131778717041,0.005203824955970049,0.0016281731426716073,-0.004353640601038933,-0.0024586274556753773,0.03831399232149124,0.0052583251355667006,0.038877541846864684,0.03859414133301024,2.3523380150436424e-05,0.0020278089214116335,0.020389640825085893,-0.00031871572136876747,0.0003528231754899025,-0.001926059954607262,8.125759336508054e-07,0.0019838777313514362,0.017900979677723007,0.01675291058015068
measured,LEFT_ALIGNED_REPLAY,15,0.18290674600041706,0.013352360455565562,0.04861141572204115,0.01656198862718261,0.0013617053627967834,0.008192204404622316,0.0005790591239929199,0.008324768103152318,0.11756672475212909,0.010377809186214663,0.9768086075782776,0.007312771398574114,-0.0006263278424739616,-0.007083531003445387,-0.002011354201280846,0.13634280860424042,0.007390145043640227,0.039222652741302225,0.03891345458695639,1.8415849208831787,0.0021043710876256227,0.022723985085865515,0.0007353775203228219,0.0011086734011769295,-0.0014322950772879262,0.21351934969425201,0.001954841680621883,0.02376466250527438,0.021737907940877516
measured,LEFT_ALIGNED_REPLAY,16,0.15409093688875103,0.016988566133208875,0.10036387990390346,0.026426193727934342,0.011541567742824554,0.016246307641267776,0.004255533218383789,0.020377925824521297,0.11791636763207775,0.012688542670477304,0.09624016284942627,0.009533271193504333,-0.0019082151353359,-0.009092683903872967,-0.0024916484288809437,0.012568973936140537,0.009619069470152527,0.03810589395732203,0.037953290618053366,1.6204636096954346,0.012197853997349739,0.11026333814147707,0.009633352607488654,0.0071536218747496605,0.0017638847895028453,0.33660078048706055,0.012127946154965596,0.06612981538577153,0.06664220363657901
measured,LEFT_ALIGNED_REPLAY,17,0.12011353324726431,0.021621390444172703,0.1441572627197902,0.03735726326315874,0.02037005126476288,0.023846511263400316,0.001925349235534668,0.03142136307742425,0.11152934600036607,0.015140731754269205,0.8941807150840759,0.012438427656888962,-0.004609162360429742,-0.01149619510397315,-0.0017930223874685902,0.16707901656627655,0.012514863515651382,0.03977291371162428,0.03971770348032036,1.9589861631393433,0.020077459514141083,0.1814150066459246,0.015760888904333137,0.012350316159427166,0.00013232684806607775,0.1611955761909485,0.0200238217802511,0.10677867594647747,0.10629047683923591
measured,LEFT_ALIGNED_REPLAY,18,0.08987794873561095,0.026185168031682977,0.18577947448656773,0.050592275255468,0.03477068245410919,0.032717069145292044,0.0040305256843566895,0.047912963893653834,0.10047672772638126,0.016566959876166486,0.616576075553894,0.016288185492157936,-0.009361425787210442,-0.013269938994199038,-0.0020235135488150258,0.1078348308801651,0.016365273623176937,0.03267023583397534,0.032260148874562765,2.7427611351013184,0.03210515156388283,0.28744762949685987,0.02540925666689875,0.019447132013738155,0.0020070121355416637,0.4355997145175934,0.032060089919342234,0.15908284304693462,0.15970630833174215
measured,LEFT_ALIGNED_REPLAY,19,0.06951645688694195,0.03138408718224266,0.269556324056524,0.06566885136460918,0.04618830978870392,0.0419942126609385,0.006875157356262207,0.06280240160075708,0.08825635119161912,0.017483940505520785,0.5022417902946472,0.018257632851600647,-0.01017663851380346,-0.01499828090891242,-0.0027886583737967152,0.024976978078484535,0.018338184675398522,0.028537961485264562,0.028565778434834797,1.2057567834854126,0.045238614082336426,0.41137388446956136,0.03601167127490046,0.02699593361467123,0.004086498982465492,0.3916478455066681,0.04519203883067147,0.2482972119590805,0.24797716264617786
measured,LEFT_ALIGNED_REPLAY,20,0.058510846734293645,0.035203751950691836,0.278208328045972,0.0777242715433281,0.05610191822052002,0.04920786386355758,0.006101369857788086,0.07487366565206927,0.07692438726116634,0.017027760301134287,0.15160521864891052,0.018726076930761337,-0.010640735179185845,-0.015327372122555971,-0.0021938040189383168,0.020226530730724335,0.018787398899538465,0.033336329612862474,0.033502102990234726,1.2057660818099976,0.0568721666932106,0.5020361732466146,0.045461183041334174,0.033880491741001606,0.003907565838849769,0.382246196269989,0.05683199763262518,0.24984515275028218,0.2504356121253855
measured,LEFT_ALIGNED_COLD,0,0.1373882039116979,0.015212294608812545,5.05669505643774e-08,1.1279523603570286e-08,-7.450580596923828e-09,0.0,0.0,7.450580596923828e-09,0.009119686097417812,0.01062573265356725,0.0,0.0,-2.235174156872688e-09,0.0,4.536664710563798e-09,0.0,5.057403504529418e-09,3.8206726431492624e-08,0.0,0.0,0.0,8.951018822143991e-08,-9.685754753796516e-09,0.0,4.536664710563798e-09,0.0,1.0695567859948657e-08,1.2366100382792498e-08,0.0
measured,LEFT_ALIGNED_COLD,1,0.120379556563562,0.014607798917357799,0.028437115264873504,0.004014267028908738,-0.0006820559501647949,0.0009435666725039482,-0.00020629167556762695,0.0011824020636077533,0.009207128623523794,0.010358485581681617,0.2506219744682312,0.0016506763640791178,0.00018451139330866173,-0.00029978714883327484,-0.001590187781297936,0.016897054389119148,0.0016286847358084804,0.015149141347601463,0.01472830726995448,0.6217126250267029,0.0020582336001098156,0.024324717461051942,-0.0004975445568561332,0.0006437795236706734,-0.0017964794568655629,0.035260144621133804,0.001972141247500998,0.026899761748391014,0.025043900909652188
measured,LEFT_ALIGNED_COLD,2,0.09152626355881603,0.015360809863935202,0.017120572171240363,0.0045722827169575155,-0.0008183196187019348,0.0006961454637348652,0.0005849003791809082,0.0012232636504846699,0.009311060506190873,0.010623723166905154,0.2353028506040573,0.0025701832491904497,0.0006164886057377084,-0.0002914075739681721,-0.002497191660845055,0.027217935770750046,0.002588617925875606,0.020380142504131178,0.020424978675971397,0.16932320594787598,0.001990716438740492,0.019312360691967706,-0.00020183101296422645,0.0004047378897666931,-0.0019122912816641469,0.005727669689804316,0.001965046173283383,0.01535680989016064,0.013861363744640509
measured,LEFT_ALIGNED_COLD,3,0.06448166481507743,0.016628762854085342,0.017256586698449077,0.005208053742759141,-0.001251421868801117,0.0008029211312532425,0.0007074475288391113,0.001646578586884705,0.009906632602309595,0.010804810522839317,0.045217640697956085,0.0027357027865946293,0.0009610034525394662,-0.0003872690722346306,-0.0025877311162588734,0.00714521249756217,0.0027874463761939244,0.023038250564101543,0.023471751784450743,0.052436813712120056,0.0020286154467612505,0.02102131611530926,-0.00029041841626165077,0.0004156520590186119,-0.001880283587419762,0.0018111281096935272,0.0019474536861734267,0.0200418416606908,0.016756124451529436
measured,LEFT_ALIGNED_COLD,4,0.04515361635092347,0.017661140580077995,0.019484898671724163,0.005885312373238551,-0.0013728588819503784,0.0009016683325171471,0.0005672574043273926,0.0017376789848468981,0.010066448828309992,0.01103653866322087,0.13118918240070343,0.0027192498091608286,0.0010943017899990304,-0.0004558619111776352,-0.002449746363603844,0.011275404132902622,0.0027215002729464983,0.02511159964725004,0.0251433430224015,0.0021305468399077654,0.002027789130806923,0.020814541931692777,-0.00027855709195134803,0.00044580642133951187,-0.0018824889592764515,7.399793685181066e-05,0.001954508147995723,0.019439924058315062,0.01675159890297768
measured,LEFT_ALIGNED_COLD,5,0.038883879506850925,0.018581897323281756,0.01927715809764869,0.005980079971392105,-0.0015790313482284546,0.0009719459339976311,0.000632166862487793,0.0019589930677086018,0.009809099659572194,0.011047270109210605,0.045252908021211624,0.0028730446938425303,0.0012691818177700265,-0.0005128215998411179,-0.002546484702074303,0.006471655331552029,0.0028910885177939613,0.02532692213647436,0.025465238892525867,6.862401642138138e-05,0.0020278168376535177,0.020831177871852572,-0.0003098495304584281,0.00045912526547908783,-0.0019143178395865101,3.2276946058118483e-06,0.001992841070403186,0.018863370830330597,0.01675300766598905
measured,LEFT_ALIGNED_COLD,6,0.049468953781819175,0.019244569682531402,0.022523164399866697,0.007154662912946398,-0.0018101781606674194,0.001159710343927145,0.0003712773323059082,0.0021816323963154494,0.010418225400956417,0.011033665789253652,0.1887405514717102,0.0027865320444107056,0.0014668606221676095,-0.0007033650763332844,-0.0023188545636770863,0.018273698166012764,0.0028325763896066996,0.028408072395942847,0.02870086977761307,1.4402832675841637e-05,0.00202780868858099,0.020602270019426265,-0.00034331753849980995,0.000456344336271286,-0.001947577231371178,1.939471076184418e-06,0.0020295748711599364,0.017646514677498868,0.0167527614216582
measured,LEFT_ALIGNED_COLD,7,0.07510687793100747,0.020163545122725304,0.028207601811603086,0.009671326083525387,-0.0018686950206756592,0.001919630914926529,-0.00012195110321044922,0.00268176732797868,0.012516366266481097,0.011007464694717169,0.25195589661598206,0.002799389185383916,0.0015513651072979195,-0.0014910241588950157,-0.0017657234601614613,0.031400520354509354,0.002783462964782294,0.03592708230002894,0.03559171163816201,4.1989009332610294e-05,0.00202780868858099,0.020312553901606526,-0.00031732991337773964,0.00042860768735408783,-0.0018876745633719105,2.109967908836552e-06,0.001961560113986996,0.01808711429139964,0.016752754926118635
measured,LEFT_ALIGNED_COLD,8,0.10733802629766907,0.021757605282938505,0.027375722619856026,0.00946549517672286,-0.002161741256713867,0.002265182789415121,0.0002830028533935547,0.003143925722002702,0.017569039087981072,0.010574044003381999,0.09934738278388977,0.0033995825797319412,0.001841147989034675,-0.0018555079586803913,-0.002163167231523766,0.018144387751817703,0.003392937985550413,0.03383764693480864,0.03355720876593714,9.134024003287777e-05,0.0020278103183954954,0.020550364200721507,-0.0003205932676791923,0.00040967296808958054,-0.0018801643781302113,3.6768176414625486e-06,0.0019508024176872227,0.01885695112887234,0.01675309841395743
measured,LEFT_ALIGNED_COLD,9,0.1429639097892481,0.022859693662099424,0.029773918104332844,0.010348137734343236,-0.002392418682575226,0.0025657257065176964,0.00010204315185546875,0.003509562416977551,0.025673321605848655,0.009709795907714331,0.09213730692863464,0.0035447829868644476,0.002038431912660621,-0.002146771177649498,-0.0020277454785940785,0.016461452469229698,0.0035882562447097587,0.03513036009271758,0.035119991344082536,4.7073957830434665e-05,0.00202780868858099,0.020312465226200525,-0.00035398676991460487,0.000418955460190773,-0.0019257023267386097,2.5087758785957703e-06,0.002002288631068142,0.017375567190562376,0.01675255008464264
measured,LEFT_ALIGNED_COLD,10,0.1573378556763269,0.02138897870755236,0.0361060541803671,0.013047823205825197,-0.0025780946016311646,0.003135247156023979,-0.000690460205078125,0.004117412026882023,0.03506601022711818,0.007598449382763227,1.8928643465042114,0.0037701253313571215,0.002312114089727424,-0.002772548235952854,-0.0012130691938040394,0.1832776665687561,0.003808468478740206,0.0466096577846432,0.04642286255140351,2.3198350390885025e-05,0.00202780868858099,0.020255398067198078,-0.0002659805119037406,0.0003626979887485504,-0.0019035293988821644,2.472396545272204e-06,0.001955944691488876,0.018037846220819075,0.01675269886955943
measured,LEFT_ALIGNED_COLD,11,0.17731197623352848,0.025145956903388982,0.07545464531121143,0.02409196131987495,-0.0021789446473121643,0.005140707362443209,-0.0046936869621276855,0.007294201070766802,0.050034889050186326,0.004058205580622747,0.5677345395088196,0.005773480050265789,0.0018726862967014535,-0.0048040891997516155,0.002793316609418617,0.05922738462686539,0.005864200259666909,0.08946366914735199,0.08885949723264167,9.181052882922813e-05,0.002027809387072921,0.02034390753829116,-0.00030625835061071083,0.00033661816269159317,-0.0019003703527090687,3.3081294077419443e-06,0.0019541016970025505,0.01829139322158241,0.01675250994447259
measured,LEFT_ALIGNED_COLD,12,0.1940754959371002,0.019504490243430445,0.05501940640939287,0.020490260255618994,-0.0020754188299179077,0.004980526398867369,-0.0031450986862182617,0.006245370467429808,0.06963630616396481,0.003374282120846131,2.216022491455078,0.004989424254745245,0.0017832718789577706,-0.0046425373293459415,0.001269285447156654,0.1523682177066803,0.005132669577813848,0.0604080341999313,0.060072901405728164,0.00012568890815600753,0.002027807990089059,0.020118966539981686,-0.0002921469509601371,0.0003379909321665764,-0.0018758132390616078,4.328889644966694e-06,0.0019282798082801511,0.01815930164436423,0.01675258644666535
measured,LEFT_ALIGNED_COLD,13,0.2023461839308676,0.014566254438069737,0.03886245400181523,0.01432025227336123,-0.0019223019480705261,0.004577206913381815,0.00021284818649291992,0.0049690413821942905,0.09021953077845307,0.00535257474043588,0.07159214466810226,0.004949173424392939,0.0016449965536594613,-0.004258961882442236,-0.002101238005602135,0.012034169398248196,0.005025929877528561,0.04370408744370896,0.0436672749502494,1.3325372492545284e-05,0.0020278082229197025,0.020295565502496973,-0.00027730539441106483,0.0003182440996170044,-0.0018883898191092152,1.1528112509040511e-06,0.0019349919115143218,0.01848694641212517,0.01675266850652487
measured,LEFT_ALIGNED_COLD,14,0.20403479651190906,0.012834162062910371,0.03508177692321491,0.01334223759932799,-0.0019468888640403748,0.0047064656391739845,0.0005325675010681152,0.005121017789936269,0.10760998633715259,0.007445761427080056,1.445131778717041,0.005203824955970049,0.0016281731426716073,-0.004353640601038933,-0.0024586274556753773,0.03831399232149124,0.0052583251355667006,0.038877541846864684,0.03859414133301024,2.3523380150436424e-05,0.0020278089214116335,0.020389640825085893,-0.00031871572136876747,0.0003528231754899025,-0.001926059954607262,8.125759336508054e-07,0.0019838777313514362,0.017900979677723007,0.01675291058015068
measured,LEFT_ALIGNED_COLD,15,0.18290674600041706,0.013352360455565562,0.04861141572204115,0.01656198862718261,0.0013617053627967834,0.008192204404622316,0.0005790591239929199,0.008324768103152318,0.11756672475212909,0.010377809186214663,0.9768086075782776,0.007312771398574114,-0.0006263278424739616,-0.007083531003445387,-0.002011354201280846,0.13634280860424042,0.007390145043640227,0.039222652741302225,0.03891345458695639,1.8415849208831787,0.0021043710876256227,0.022723985085865515,0.0007353775203228219,0.0011086734011769295,-0.0014322950772879262,0.21351934969425201,0.001954841680621883,0.02376466250527438,0.021737907940877516
measured,LEFT_ALIGNED_COLD,16,0.15409093688875103,0.016988566133208875,0.10036387990390346,0.026426193727934342,0.011541567742824554,0.016246307641267776,0.004255533218383789,0.020377925824521297,0.11791636763207775,0.012688542670477304,0.09624016284942627,0.009533271193504333,-0.0019082151353359,-0.009092683903872967,-0.0024916484288809437,0.012568973936140537,0.009619069470152527,0.03810589395732203,0.037953290618053366,1.6204636096954346,0.012197853997349739,0.11026333814147707,0.009633352607488654,0.0071536218747496605,0.0017638847895028453,0.33660078048706055,0.012127946154965596,0.06612981538577153,0.06664220363657901
measured,LEFT_ALIGNED_COLD,17,0.12011353324726431,0.021621390444172703,0.1441572627197902,0.03735726326315874,0.02037005126476288,0.023846511263400316,0.001925349235534668,0.03142136307742425,0.11152934600036607,0.015140731754269205,0.8941807150840759,0.012438427656888962,-0.004609162360429742,-0.01149619510397315,-0.0017930223874685902,0.16707901656627655,0.012514863515651382,0.03977291371162428,0.03971770348032036,1.9589861631393433,0.020077459514141083,0.1814150066459246,0.015760888904333137,0.012350316159427166,0.00013232684806607775,0.1611955761909485,0.0200238217802511,0.10677867594647747,0.10629047683923591
measured,LEFT_ALIGNED_COLD,18,0.08987794873561095,0.026185168031682977,0.18577947448656773,0.050592275255468,0.03477068245410919,0.032717069145292044,0.0040305256843566895,0.047912963893653834,0.10047672772638126,0.016566959876166486,0.616576075553894,0.016288185492157936,-0.009361425787210442,-0.013269938994199038,-0.0020235135488150258,0.1078348308801651,0.016365273623176937,0.03267023583397534,0.032260148874562765,2.7427611351013184,0.03210515156388283,0.28744762949685987,0.02540925666689875,0.019447132013738155,0.0020070121355416637,0.4355997145175934,0.032060089919342234,0.15908284304693462,0.15970630833174215
measured,LEFT_ALIGNED_COLD,19,0.06951645688694195,0.03138408718224266,0.269556324056524,0.06566885136460918,0.04618830978870392,0.0419942126609385,0.006875157356262207,0.06280240160075708,0.08825635119161912,0.017483940505520785,0.5022417902946472,0.018257632851600647,-0.01017663851380346,-0.01499828090891242,-0.0027886583737967152,0.024976978078484535,0.018338184675398522,0.028537961485264562,0.028565778434834797,1.2057567834854126,0.045238614082336426,0.41137388446956136,0.03601167127490046,0.02699593361467123,0.004086498982465492,0.3916478455066681,0.04519203883067147,0.2482972119590805,0.24797716264617786
measured,LEFT_ALIGNED_COLD,20,0.058510846734293645,0.035203751950691836,0.278208328045972,0.0777242715433281,0.05610191822052002,0.04920786386355758,0.006101369857788086,0.07487366565206927,0.07692438726116634,0.017027760301134287,0.15160521864891052,0.018726076930761337,-0.010640735179185845,-0.015327372122555971,-0.0021938040189383168,0.020226530730724335,0.018787398899538465,0.033336329612862474,0.033502102990234726,1.2057660818099976,0.0568721666932106,0.5020361732466146,0.045461183041334174,0.033880491741001606,0.003907565838849769,0.382246196269989,0.05683199763262518,0.24984515275028218,0.2504356121253855
