seed,parameter,group,elements,policy_is_none,policy_is_exact_zero,policy_l2,value_is_none,value_is_exact_zero,value_l2,full_is_none,full_is_exact_zero,full_l2
0,a2c_network.sigma,log_sigma,36,False,False,0.6465034295669638,True,False,,False,False,0.6465034295669638
0,a2c_network.actor_mlp.0.weight,shared_MLP_LSTM_layer_norm,120832,False,False,1.304031083357302,False,False,9.592649717220523,False,False,9.768509253737843
0,a2c_network.actor_mlp.0.bias,shared_MLP_LSTM_layer_norm,512,False,False,0.053096085264314474,False,False,0.9348657597547737,False,False,0.9420711583348038
0,a2c_network.actor_mlp.2.weight,shared_MLP_LSTM_layer_norm,262144,False,False,1.449696649358695,False,False,13.982177902248813,False,False,14.143980553121011
0,a2c_network.actor_mlp.2.bias,shared_MLP_LSTM_layer_norm,512,False,False,0.07849239775142534,False,False,1.7704465622624856,False,False,1.7786730304059704
0,a2c_network.rnn.rnn.weight_ih_l0,shared_MLP_LSTM_layer_norm,2097152,False,False,1.0911248671616902,False,False,20.939242882196424,False,False,20.962727331751868
0,a2c_network.rnn.rnn.weight_hh_l0,shared_MLP_LSTM_layer_norm,4194304,False,False,0.5217145509398656,False,False,10.312899370844264,False,False,10.324608322771569
0,a2c_network.rnn.rnn.bias_ih_l0,shared_MLP_LSTM_layer_norm,4096,False,False,0.11710529674878771,False,False,5.2175770449119305,False,False,5.212891481772897
0,a2c_network.rnn.rnn.bias_hh_l0,shared_MLP_LSTM_layer_norm,4096,False,False,0.11710529674878771,False,False,5.2175770449119305,False,False,5.212891481772897
0,a2c_network.layer_norm.weight,shared_MLP_LSTM_layer_norm,1024,False,False,0.04020971434305546,False,False,0.690337209325837,False,False,0.6932141066529494
0,a2c_network.layer_norm.bias,shared_MLP_LSTM_layer_norm,1024,False,False,0.026656675074109036,False,False,1.3065122723011295,False,False,1.304983448326642
0,a2c_network.value.weight,internal_value_head,1536,True,False,,False,False,66.30097259771054,False,False,66.30097259771054
0,a2c_network.value.bias,internal_value_head,1,True,False,,False,False,2.8467793464660645,False,False,2.8467793464660645
0,a2c_network.mu.weight,policy_mean_head,55296,False,False,41.361350934733565,True,False,,False,False,41.361350934733565
0,a2c_network.mu.bias,policy_mean_head,36,False,False,1.2620243227231418,True,False,,False,False,1.2620243227231418
1,a2c_network.sigma,log_sigma,36,False,False,0.552942259419293,True,False,,False,False,0.552942259419293
1,a2c_network.actor_mlp.0.weight,shared_MLP_LSTM_layer_norm,120832,False,False,1.3201514849275287,False,False,14.704562284150919,False,False,14.760529307781798
1,a2c_network.actor_mlp.0.bias,shared_MLP_LSTM_layer_norm,512,False,False,0.10031364011908823,False,False,1.3836448651983824,False,False,1.3821845321201598
1,a2c_network.actor_mlp.2.weight,shared_MLP_LSTM_layer_norm,262144,False,False,1.492712097942606,False,False,20.6713510455269,False,False,20.681041917983812
1,a2c_network.actor_mlp.2.bias,shared_MLP_LSTM_layer_norm,512,False,False,0.14892415909369033,False,False,2.5863414135294995,False,False,2.581488842767697
1,a2c_network.rnn.rnn.weight_ih_l0,shared_MLP_LSTM_layer_norm,2097152,False,False,1.0680158588852853,False,False,29.93556759488446,False,False,29.935156483749974
1,a2c_network.rnn.rnn.weight_hh_l0,shared_MLP_LSTM_layer_norm,4194304,False,False,0.5313073305120434,False,False,16.645673029589542,False,False,16.643073519538966
1,a2c_network.rnn.rnn.bias_ih_l0,shared_MLP_LSTM_layer_norm,4096,False,False,0.19719939738895068,False,False,7.4380664674183725,False,False,7.432540992237018
1,a2c_network.rnn.rnn.bias_hh_l0,shared_MLP_LSTM_layer_norm,4096,False,False,0.19719939738895068,False,False,7.4380664674183725,False,False,7.432540992237018
1,a2c_network.layer_norm.weight,shared_MLP_LSTM_layer_norm,1024,False,False,0.04472157652090612,False,False,1.0874710462462596,False,False,1.0866688834250628
1,a2c_network.layer_norm.bias,shared_MLP_LSTM_layer_norm,1024,False,False,0.05879031175342829,False,False,1.995872709772617,False,False,1.9953528390407442
1,a2c_network.value.weight,internal_value_head,1536,True,False,,False,False,104.42562461842441,False,False,104.42562461842441
1,a2c_network.value.bias,internal_value_head,1,True,False,,False,False,4.348836898803711,False,False,4.348836898803711
1,a2c_network.mu.weight,policy_mean_head,55296,False,False,59.08682201359264,True,False,,False,False,59.08682201359264
1,a2c_network.mu.bias,policy_mean_head,36,False,False,2.1409627309660593,True,False,,False,False,2.1409627309660593
2,a2c_network.sigma,log_sigma,36,False,False,0.5906034358540415,True,False,,False,False,0.5906034358540415
2,a2c_network.actor_mlp.0.weight,shared_MLP_LSTM_layer_norm,120832,False,False,1.9803949166108723,False,False,13.018862749855094,False,False,13.153116787083361
2,a2c_network.actor_mlp.0.bias,shared_MLP_LSTM_layer_norm,512,False,False,0.16986989999795826,False,False,1.2685196004321881,False,False,1.2626359877860898
2,a2c_network.actor_mlp.2.weight,shared_MLP_LSTM_layer_norm,262144,False,False,2.1782404771757933,False,False,18.318554364019867,False,False,18.416770469779127
2,a2c_network.actor_mlp.2.bias,shared_MLP_LSTM_layer_norm,512,False,False,0.2560021997177305,False,False,2.3787471099858633,False,False,2.3690502673158216
2,a2c_network.rnn.rnn.weight_ih_l0,shared_MLP_LSTM_layer_norm,2097152,False,False,1.4680861377859857,False,False,26.28246525056038,False,False,26.318022624973022
2,a2c_network.rnn.rnn.weight_hh_l0,shared_MLP_LSTM_layer_norm,4194304,False,False,0.685639107582091,False,False,14.648178765872322,False,False,14.662295988404791
2,a2c_network.rnn.rnn.bias_ih_l0,shared_MLP_LSTM_layer_norm,4096,False,False,0.31554221053163256,False,False,6.813834593937408,False,False,6.80981088879778
2,a2c_network.rnn.rnn.bias_hh_l0,shared_MLP_LSTM_layer_norm,4096,False,False,0.31554221053163256,False,False,6.813834593937408,False,False,6.80981088879778
2,a2c_network.layer_norm.weight,shared_MLP_LSTM_layer_norm,1024,False,False,0.06421435641298616,False,False,0.9708938973141445,False,False,0.9740839381478212
2,a2c_network.layer_norm.bias,shared_MLP_LSTM_layer_norm,1024,False,False,0.0820271538607349,False,False,1.8805686648671187,False,False,1.878800586276836
2,a2c_network.value.weight,internal_value_head,1536,True,False,,False,False,93.95256522570773,False,False,93.95256522570773
2,a2c_network.value.bias,internal_value_head,1,True,False,,False,False,4.097599983215332,False,False,4.097599983215332
2,a2c_network.mu.weight,policy_mean_head,55296,False,False,41.536597910372635,True,False,,False,False,41.536597910372635
2,a2c_network.mu.bias,policy_mean_head,36,False,False,1.3648697705955313,True,False,,False,False,1.3648697705955313
