frame,hand,object,official_mano_distance_mm,official_status,xhand_native_distance_mm,xhand_native_status,origin_classification,proxy_distance_mm,proxy_status,proxy_minus_native_mm,proxy_native_sign_agreement
0,right,brush,38.349011579689595,CLEARANCE,32.68985964670449,CLEARANCE,NO_MATERIAL_PENETRATION,33.10789637471179,CLEARANCE,0.41803672800730385,True
0,left,bowl,44.421213397818754,CLEARANCE,25.286616415971512,CLEARANCE,NO_MATERIAL_PENETRATION,28.078568999900835,CLEARANCE,2.791952583929322,True
40,right,brush,0.16678188370741828,CLEARANCE,-2.416510931373961,PENETRATION,RETARGET_ADDED_PENETRATION,-7.351590268838665,PENETRATION,-4.935079337464704,True
40,left,bowl,34.259926662404084,CLEARANCE,18.882395056726857,CLEARANCE,NO_MATERIAL_PENETRATION,19.365215018611256,CLEARANCE,0.4828199618844009,True
80,right,brush,-2.656175505088898,PENETRATION,-3.2531396474357877,PENETRATION,OFFICIAL_GEOMETRY_PENETRATION_RETAINED_AFTER_RETARGET,-14.730485688318787,PENETRATION,-11.477346040882999,True
80,left,bowl,-1.3693264747924871,PENETRATION,-1.0544359905849676,PENETRATION,OFFICIAL_GEOMETRY_PENETRATION_RETAINED_AFTER_RETARGET,-11.034761244124072,PENETRATION,-9.980325253539105,True
120,right,brush,-3.4855284050532287,PENETRATION,-2.176760605673067,PENETRATION,OFFICIAL_GEOMETRY_PENETRATION_RETAINED_AFTER_RETARGET,-11.045609685487571,PENETRATION,-8.868849079814504,True
120,left,bowl,-1.7042079136685429,PENETRATION,-1.0360537090711164,PENETRATION,OFFICIAL_GEOMETRY_PENETRATION_RETAINED_AFTER_RETARGET,-6.907007258550301,PENETRATION,-5.870953549479185,True
160,right,brush,27.498697185643774,CLEARANCE,23.157930532299336,CLEARANCE,NO_MATERIAL_PENETRATION,23.413893966103902,CLEARANCE,0.2559634338045666,True
160,left,bowl,36.96898546664427,CLEARANCE,22.030558812859677,CLEARANCE,NO_MATERIAL_PENETRATION,24.930308995249387,CLEARANCE,2.8997501823897105,True
208,right,brush,28.16625142662627,CLEARANCE,20.5781510002728,CLEARANCE,NO_MATERIAL_PENETRATION,21.88471393719394,CLEARANCE,1.3065629369211387,True
208,left,bowl,39.37944423161585,CLEARANCE,25.50450390181186,CLEARANCE,NO_MATERIAL_PENETRATION,28.213046329559525,CLEARANCE,2.708542427747665,True
