frame,valid_points,normal_x,normal_y,normal_z,tilt_world_z_deg,offset_m,residual_median_mm,residual_p95_mm,residual_max_mm,angle_to_frame0_deg,offset_delta_to_frame0_mm,separation_at_frame0_centroid_mm
0,94615,0.02877515883558356,-0.021055807222802907,0.9993641194360458,2.0433766276817282,0.5683613480390415,5.119244050348026,17.972825742370716,92.36586223423338,0.0,0.0,0.0
19,60426,0.00897637378457571,0.015102470811474403,0.9998456581338282,1.0066652794166389,0.5692931702956442,5.916550115739327,19.564178469234918,980.690162431478,2.362286038910656,0.9318222566027101,-1.3506565770188272
38,74569,-0.0305733873164721,0.05316444598658179,0.9981176331830515,3.5160732009997377,0.5716645249406238,11.472256768990551,23.144159579295824,2232.807907671897,5.447396533058613,3.3031769015823276,-4.910754422361774
57,78131,0.040419518071977856,-0.018059500857229224,0.9990195778800419,2.5373458649837985,0.5698095227659706,4.30789864999781,17.395795756237675,98.67509980409083,0.689193227723025,1.4481747269291523,-2.073199459709407
76,78729,0.033383254218621046,-0.024726457022029413,0.999136707693653,2.380936506466045,0.5701889572633914,4.800706525940446,19.730044229514153,599.6348027614592,0.33780237794242757,1.8276092243498798,-1.959321589023566
95,75967,0.03923331684193645,-0.023086884318718588,0.9989633339727912,2.6091232136526106,0.5695644568710332,4.711096964294725,17.71409642688526,441.8766961474489,0.6108387096863791,1.203108831991706,-1.6536165447759155
114,80446,0.03634302010372154,-0.014580824993856954,0.9992329980701393,2.2442106614274415,0.5691513035308129,4.8934955899413985,18.381043939791425,118.80347468173602,0.5707071859854741,0.7899554917714102,-1.2994790357466757
133,80999,0.039978549838517875,-0.024631685313116644,0.9988968893892121,2.691454809546113,0.5706798583808014,4.683930182153406,21.12012667677507,81.32017304423167,0.674346685379495,2.318510341759894,-2.7744006910552788
152,77452,0.03994981878929866,-0.017942639501003246,0.9990405765865766,2.510021926742019,0.5693377163468196,4.257937093758157,19.758027993958816,97.1183562919592,0.6649051897571467,0.9763683077781415,-1.5803381670767003
171,74798,0.03134178725941894,-0.0214628227169172,0.999278259351422,2.1769794884735205,0.5705616035323051,4.761223224250544,20.52014687024457,553.2297805463629,0.1489758452282752,2.2002554932636365,-2.3068612230803254
190,72233,0.03583880842132172,-0.009775356155193054,0.9993097729047681,2.1289164386349686,0.5688796919618566,4.727170296794481,21.221149983119393,246.34130754855204,0.7625921685745347,0.5183439228151343,-1.1357668748175342
208,73392,0.042179141129147654,-0.00902938745091854,0.9990692619712952,2.4722082422017304,0.5679154257932556,5.0183976858242385,20.794705993347645,839.976619333537,1.0319560394521339,-0.44592224578587913,-0.5113909398233307
