frame,valid_points,normal_x,normal_y,normal_z,tilt_world_z_deg,offset_m,residual_median_mm,residual_p95_mm,residual_max_mm,angle_to_frame0_deg,offset_delta_to_frame0_mm,separation_at_frame0_centroid_mm
0,25594,-0.734614232993201,0.5594780061984018,0.38383106865400046,67.42880927049286,0.348230762403304,19.413021026687378,83.61311015799055,510.8747968376272,0.0,0.0,0.0
19,14217,-0.6577353328378572,0.5261856098077098,0.5389925193988888,57.38491841860724,0.4248533631263674,33.862129783991946,96.85436741252782,300.2389205381302,10.116353059650569,76.62260072306343,-3.2308984914682926
38,33700,-0.6817497666519763,0.551716350138679,0.4804438829453758,61.2856032798264,0.387343472009575,41.975545595879765,101.91827553159479,590.5780042308539,6.328871157782642,39.112709606271004,6.201094969963627
57,56135,-0.6146867443983299,0.7690427733247812,0.17530949505920013,79.90333069483907,0.20943606500585416,57.24393120916971,102.01207938624415,784.4797621291428,18.35759248298807,-138.79469739744982,9.967076229638995
76,52722,-0.532720482721471,0.8461814704199042,0.01363108238590054,89.21897232116154,0.11571977083218914,46.36073996791543,125.29618251540647,326.57036054953574,29.54182489421545,-232.51099157111483,2.8625080009007653
95,52174,-0.5666847265638112,0.8170361807665234,0.10639689844046754,83.89234617680138,0.16771840856154263,56.402921271737185,109.3355773285521,166.62627961282845,23.901001364617585,-180.51235384176135,7.116050550832309
114,55670,-0.5923690307958902,0.7425908807111526,0.312502344372922,71.7899017311299,0.2691496894925303,60.68414932225781,102.63375179325237,144.62369450832603,13.933919367672113,-79.08107291077366,22.473859720616662
133,56637,-0.02936344125432332,0.027595026220003063,0.9991878216059388,2.3093658765383696,0.5792061061728583,7.7252532749017,23.765319505057086,549.7708678468385,65.13201372303253,230.9753437695543,-15.89746068881237
152,55597,-0.001208591634118193,0.00946701242304836,0.9999544564539145,0.5468304621719733,0.5743441805424075,7.836419796750427,23.304279635287624,540.835644083305,67.04562370798153,226.11341813910357,-15.637641920954405
171,47326,-0.06760825076091996,0.059416148266898054,0.995941185891102,5.1639759827726195,0.5804464759376203,9.535591053301262,27.019645341684246,537.055788259701,62.27805158951221,232.21571353431636,-11.891571945904511
190,42749,-0.4537486486849003,0.5131510325356914,0.7285521131835258,43.2348504622573,0.49587382149914006,40.8613066716394,83.86582739931967,773.8355225887308,25.833010349035312,147.6430590958361,-1.1603056990399097
208,41243,-0.4364755873055245,0.48467905390840194,0.7580074382146618,40.71114846558382,0.5159076100383184,35.309353176532944,75.89788027588617,1159.349749165895,28.02346453087058,167.67684763501444,-8.381570043105246
