event_id,condition,endpoint,source_endpoint,category,metric,value,detail,navigation_only,provenance
event_00000,ALL,0,0,declared_boundary,,,initialization,True,saved comparison/contact evidence
event_00001,ALL,20,19,declared_boundary,,,overlap start,True,saved comparison/contact evidence
event_00002,ALL,25,24,declared_boundary,,,rolling source,True,saved comparison/contact evidence
event_00003,ALL,30,29,declared_boundary,,,rolling source,True,saved comparison/contact evidence
event_00004,ALL,35,34,declared_boundary,,,rolling source,True,saved comparison/contact evidence
event_00005,ALL,40,39,declared_boundary,,,parent boundary,True,saved comparison/contact evidence
event_00006,ALL,60,59,declared_boundary,,,last saved endpoint,True,saved comparison/contact evidence
event_00007,FROZEN_SUFFIX_BASELINE,49,48,positive_error_increment,tool_position_error_m,0.013537475237351583,top-3 positive adjacent increment; navigation only,True,saved comparison/contact evidence
event_00008,FROZEN_SUFFIX_BASELINE,50,49,positive_error_increment,tool_position_error_m,0.008468085629723648,top-3 positive adjacent increment; navigation only,True,saved comparison/contact evidence
event_00009,FROZEN_SUFFIX_BASELINE,26,25,positive_error_increment,tool_position_error_m,0.006959767587995316,top-3 positive adjacent increment; navigation only,True,saved comparison/contact evidence
event_00010,FROZEN_SUFFIX_BASELINE,17,16,positive_error_increment,tool_rotation_error_rad,0.06816250193747621,top-3 positive adjacent increment; navigation only,True,saved comparison/contact evidence
event_00011,FROZEN_SUFFIX_BASELINE,18,17,positive_error_increment,tool_rotation_error_rad,0.04868914573498129,top-3 positive adjacent increment; navigation only,True,saved comparison/contact evidence
event_00012,FROZEN_SUFFIX_BASELINE,44,43,positive_error_increment,tool_rotation_error_rad,0.03495692537511677,top-3 positive adjacent increment; navigation only,True,saved comparison/contact evidence
event_00013,FROZEN_SUFFIX_BASELINE,27,26,positive_error_increment,target_position_error_m,0.004223576345887084,top-3 positive adjacent increment; navigation only,True,saved comparison/contact evidence
event_00014,FROZEN_SUFFIX_BASELINE,26,25,positive_error_increment,target_position_error_m,0.003701720766868824,top-3 positive adjacent increment; navigation only,True,saved comparison/contact evidence
event_00015,FROZEN_SUFFIX_BASELINE,57,56,positive_error_increment,target_position_error_m,0.0026862120769303617,top-3 positive adjacent increment; navigation only,True,saved comparison/contact evidence
event_00016,FROZEN_SUFFIX_BASELINE,16,15,positive_error_increment,target_rotation_error_rad,0.03608128214773222,top-3 positive adjacent increment; navigation only,True,saved comparison/contact evidence
event_00017,FROZEN_SUFFIX_BASELINE,48,47,positive_error_increment,target_rotation_error_rad,0.029629142318626345,top-3 positive adjacent increment; navigation only,True,saved comparison/contact evidence
event_00018,FROZEN_SUFFIX_BASELINE,26,25,positive_error_increment,target_rotation_error_rad,0.020845746905703934,top-3 positive adjacent increment; navigation only,True,saved comparison/contact evidence
event_00019,FROZEN_SUFFIX_BASELINE,49,48,positive_error_increment,world_pair_translation_error_m,0.012596198709653401,top-3 positive adjacent increment; navigation only,True,saved comparison/contact evidence
event_00020,FROZEN_SUFFIX_BASELINE,26,25,positive_error_increment,world_pair_translation_error_m,0.011753680301985488,top-3 positive adjacent increment; navigation only,True,saved comparison/contact evidence
event_00021,FROZEN_SUFFIX_BASELINE,27,26,positive_error_increment,world_pair_translation_error_m,0.010051577093781856,top-3 positive adjacent increment; navigation only,True,saved comparison/contact evidence
event_00022,FROZEN_SUFFIX_BASELINE,26,25,positive_error_increment,pair_translation_error_m,0.016961374006349814,top-3 positive adjacent increment; navigation only,True,saved comparison/contact evidence
event_00023,FROZEN_SUFFIX_BASELINE,27,26,positive_error_increment,pair_translation_error_m,0.014361854698082092,top-3 positive adjacent increment; navigation only,True,saved comparison/contact evidence
event_00024,FROZEN_SUFFIX_BASELINE,49,48,positive_error_increment,pair_translation_error_m,0.011916699131804417,top-3 positive adjacent increment; navigation only,True,saved comparison/contact evidence
event_00025,FROZEN_SUFFIX_BASELINE,60,59,positive_error_increment,pair_rotation_error_rad,0.06672345921005834,top-3 positive adjacent increment; navigation only,True,saved comparison/contact evidence
event_00026,FROZEN_SUFFIX_BASELINE,18,17,positive_error_increment,pair_rotation_error_rad,0.0544487992045536,top-3 positive adjacent increment; navigation only,True,saved comparison/contact evidence
event_00027,FROZEN_SUFFIX_BASELINE,27,26,positive_error_increment,pair_rotation_error_rad,0.0470473297445993,top-3 positive adjacent increment; navigation only,True,saved comparison/contact evidence
event_00028,FROZEN_SUFFIX_BASELINE,49,48,positive_error_increment,tracking_score,0.10268110036849976,top-3 positive adjacent increment; navigation only,True,saved comparison/contact evidence
event_00029,FROZEN_SUFFIX_BASELINE,50,49,positive_error_increment,tracking_score,0.06272965669631958,top-3 positive adjacent increment; navigation only,True,saved comparison/contact evidence
event_00030,FROZEN_SUFFIX_BASELINE,47,46,positive_error_increment,tracking_score,0.05864983797073364,top-3 positive adjacent increment; navigation only,True,saved comparison/contact evidence
event_00031,FROZEN_SUFFIX_BASELINE,26,25,actual_speed_global_max,tool_linear_speed_m_s,0.24542473256587982,actual speed peak; not an overspeed threshold,True,saved comparison/contact evidence
event_00032,FROZEN_SUFFIX_BASELINE,16,15,actual_speed_largest_positive_increment,tool_linear_speed_m_s,0.20526657613572752,navigation only,True,saved comparison/contact evidence
event_00033,FROZEN_SUFFIX_BASELINE,46,45,actual_speed_global_max,tool_angular_speed_rad_s,3.027414560317993,actual speed peak; not an overspeed threshold,True,saved comparison/contact evidence
event_00034,FROZEN_SUFFIX_BASELINE,16,15,actual_speed_largest_positive_increment,tool_angular_speed_rad_s,2.6495580398295715,navigation only,True,saved comparison/contact evidence
event_00035,FROZEN_SUFFIX_BASELINE,39,38,actual_speed_global_max,target_linear_speed_m_s,0.34524738788604736,actual speed peak; not an overspeed threshold,True,saved comparison/contact evidence
event_00036,FROZEN_SUFFIX_BASELINE,38,37,actual_speed_largest_positive_increment,target_linear_speed_m_s,0.2496175915002823,navigation only,True,saved comparison/contact evidence
event_00037,FROZEN_SUFFIX_BASELINE,48,47,actual_speed_global_max,target_angular_speed_rad_s,2.0401203632354736,actual speed peak; not an overspeed threshold,True,saved comparison/contact evidence
event_00038,FROZEN_SUFFIX_BASELINE,38,37,actual_speed_largest_positive_increment,target_angular_speed_rad_s,1.8482879735529423,navigation only,True,saved comparison/contact evidence
event_00039,FROZEN_SUFFIX_BASELINE,1,0,semantic_contact_appeared,semantic_contact,,floor_target|floor|target,True,saved comparison/contact evidence
event_00040,FROZEN_SUFFIX_BASELINE,1,0,semantic_contact_appeared,semantic_contact,,floor_tool|floor|tool,True,saved comparison/contact evidence
event_00041,FROZEN_SUFFIX_BASELINE,1,0,semantic_contact_appeared,semantic_contact,,left_hand_target|left_hand:pinky|target,True,saved comparison/contact evidence
event_00042,FROZEN_SUFFIX_BASELINE,1,0,semantic_contact_appeared,semantic_contact,,left_hand_target|left_hand:ring|target,True,saved comparison/contact evidence
event_00043,FROZEN_SUFFIX_BASELINE,9,8,semantic_contact_disappeared,semantic_contact,,left_hand_target|left_hand:ring|target,True,saved comparison/contact evidence
event_00044,FROZEN_SUFFIX_BASELINE,11,10,semantic_contact_disappeared,semantic_contact,,left_hand_target|left_hand:pinky|target,True,saved comparison/contact evidence
event_00045,FROZEN_SUFFIX_BASELINE,12,11,semantic_contact_appeared,semantic_contact,,left_hand_target|left_hand:ring|target,True,saved comparison/contact evidence
event_00046,FROZEN_SUFFIX_BASELINE,13,12,semantic_contact_appeared,semantic_contact,,left_hand_target|left_hand:pinky|target,True,saved comparison/contact evidence
event_00047,FROZEN_SUFFIX_BASELINE,13,12,semantic_contact_disappeared,semantic_contact,,left_hand_target|left_hand:ring|target,True,saved comparison/contact evidence
event_00048,FROZEN_SUFFIX_BASELINE,16,15,semantic_contact_appeared,semantic_contact,,right_hand_tool|right_hand:index|tool,True,saved comparison/contact evidence
event_00049,FROZEN_SUFFIX_BASELINE,17,16,semantic_contact_disappeared,semantic_contact,,right_hand_tool|right_hand:index|tool,True,saved comparison/contact evidence
event_00050,FROZEN_SUFFIX_BASELINE,18,17,semantic_contact_appeared,semantic_contact,,left_hand_target|left_hand:ring|target,True,saved comparison/contact evidence
event_00051,FROZEN_SUFFIX_BASELINE,19,18,semantic_contact_disappeared,semantic_contact,,left_hand_target|left_hand:ring|target,True,saved comparison/contact evidence
event_00052,FROZEN_SUFFIX_BASELINE,25,24,semantic_contact_appeared,semantic_contact,,right_hand_tool|right_hand:index|tool,True,saved comparison/contact evidence
event_00053,FROZEN_SUFFIX_BASELINE,28,27,semantic_contact_disappeared,semantic_contact,,right_hand_tool|right_hand:index|tool,True,saved comparison/contact evidence
event_00054,FROZEN_SUFFIX_BASELINE,33,32,semantic_contact_appeared,semantic_contact,,right_hand_tool|right_hand:thumb|tool,True,saved comparison/contact evidence
event_00055,FROZEN_SUFFIX_BASELINE,42,41,semantic_contact_appeared,semantic_contact,,right_hand_tool|right_hand:index|tool,True,saved comparison/contact evidence
event_00056,FROZEN_SUFFIX_BASELINE,42,41,semantic_contact_disappeared,semantic_contact,,right_hand_tool|right_hand:thumb|tool,True,saved comparison/contact evidence
event_00057,FROZEN_SUFFIX_BASELINE,43,42,semantic_contact_disappeared,semantic_contact,,right_hand_tool|right_hand:index|tool,True,saved comparison/contact evidence
event_00058,FROZEN_SUFFIX_BASELINE,44,43,semantic_contact_appeared,semantic_contact,,right_hand_tool|right_hand:index|tool,True,saved comparison/contact evidence
event_00059,FROZEN_SUFFIX_BASELINE,46,45,semantic_contact_appeared,semantic_contact,,right_hand_tool|right_hand:other|tool,True,saved comparison/contact evidence
event_00060,FROZEN_SUFFIX_BASELINE,46,45,semantic_contact_appeared,semantic_contact,,tool_target|tool|target,True,saved comparison/contact evidence
event_00061,FROZEN_SUFFIX_BASELINE,46,45,semantic_contact_disappeared,semantic_contact,,right_hand_tool|right_hand:index|tool,True,saved comparison/contact evidence
event_00062,FROZEN_SUFFIX_BASELINE,47,46,semantic_contact_disappeared,semantic_contact,,floor_tool|floor|tool,True,saved comparison/contact evidence
event_00063,FROZEN_SUFFIX_BASELINE,48,47,semantic_contact_appeared,semantic_contact,,left_hand_target|left_hand:ring|target,True,saved comparison/contact evidence
event_00064,FROZEN_SUFFIX_BASELINE,48,47,semantic_contact_appeared,semantic_contact,,right_hand_tool|right_hand:pinky|tool,True,saved comparison/contact evidence
event_00065,FROZEN_SUFFIX_BASELINE,48,47,semantic_contact_appeared,semantic_contact,,right_hand_tool|right_hand:thumb|tool,True,saved comparison/contact evidence
event_00066,FROZEN_SUFFIX_BASELINE,49,48,semantic_contact_disappeared,semantic_contact,,left_hand_target|left_hand:pinky|target,True,saved comparison/contact evidence
event_00067,FROZEN_SUFFIX_BASELINE,49,48,semantic_contact_disappeared,semantic_contact,,right_hand_tool|right_hand:pinky|tool,True,saved comparison/contact evidence
event_00068,FROZEN_SUFFIX_BASELINE,49,48,semantic_contact_disappeared,semantic_contact,,right_hand_tool|right_hand:thumb|tool,True,saved comparison/contact evidence
event_00069,FROZEN_SUFFIX_BASELINE,50,49,semantic_contact_appeared,semantic_contact,,floor_tool|floor|tool,True,saved comparison/contact evidence
event_00070,FROZEN_SUFFIX_BASELINE,50,49,semantic_contact_appeared,semantic_contact,,right_hand_tool|right_hand:pinky|tool,True,saved comparison/contact evidence
event_00071,FROZEN_SUFFIX_BASELINE,50,49,semantic_contact_appeared,semantic_contact,,right_hand_tool|right_hand:ring|tool,True,saved comparison/contact evidence
event_00072,FROZEN_SUFFIX_BASELINE,50,49,semantic_contact_disappeared,semantic_contact,,right_hand_tool|right_hand:other|tool,True,saved comparison/contact evidence
event_00073,FROZEN_SUFFIX_BASELINE,51,50,semantic_contact_appeared,semantic_contact,,left_hand_target|left_hand:pinky|target,True,saved comparison/contact evidence
event_00074,FROZEN_SUFFIX_BASELINE,51,50,semantic_contact_disappeared,semantic_contact,,right_hand_tool|right_hand:pinky|tool,True,saved comparison/contact evidence
event_00075,FROZEN_SUFFIX_BASELINE,52,51,semantic_contact_disappeared,semantic_contact,,tool_target|tool|target,True,saved comparison/contact evidence
event_00076,FROZEN_SUFFIX_BASELINE,60,59,semantic_contact_appeared,semantic_contact,,right_hand_tool|right_hand:pinky|tool,True,saved comparison/contact evidence
event_00077,FROZEN_SUFFIX_BASELINE,60,59,semantic_contact_disappeared,semantic_contact,,right_hand_tool|right_hand:ring|tool,True,saved comparison/contact evidence
event_00078,OVERLAP_PLAN,28,27,positive_error_increment,tool_position_error_m,0.00842702202733853,top-3 positive adjacent increment; navigation only,True,saved comparison/contact evidence
event_00079,OVERLAP_PLAN,46,45,positive_error_increment,tool_position_error_m,0.00661837831039102,top-3 positive adjacent increment; navigation only,True,saved comparison/contact evidence
event_00080,OVERLAP_PLAN,49,48,positive_error_increment,tool_position_error_m,0.006592605363327203,top-3 positive adjacent increment; navigation only,True,saved comparison/contact evidence
event_00081,OVERLAP_PLAN,48,47,positive_error_increment,tool_rotation_error_rad,0.13173430544599557,top-3 positive adjacent increment; navigation only,True,saved comparison/contact evidence
event_00082,OVERLAP_PLAN,47,46,positive_error_increment,tool_rotation_error_rad,0.10083707377566636,top-3 positive adjacent increment; navigation only,True,saved comparison/contact evidence
event_00083,OVERLAP_PLAN,49,48,positive_error_increment,tool_rotation_error_rad,0.08362819862900539,top-3 positive adjacent increment; navigation only,True,saved comparison/contact evidence
event_00084,OVERLAP_PLAN,35,34,positive_error_increment,target_position_error_m,0.0027882976764859527,top-3 positive adjacent increment; navigation only,True,saved comparison/contact evidence
event_00085,OVERLAP_PLAN,34,33,positive_error_increment,target_position_error_m,0.002116797462144512,top-3 positive adjacent increment; navigation only,True,saved comparison/contact evidence
event_00086,OVERLAP_PLAN,60,59,positive_error_increment,target_position_error_m,0.002053478048678994,top-3 positive adjacent increment; navigation only,True,saved comparison/contact evidence
event_00087,OVERLAP_PLAN,16,15,positive_error_increment,target_rotation_error_rad,0.03608128214773222,top-3 positive adjacent increment; navigation only,True,saved comparison/contact evidence
event_00088,OVERLAP_PLAN,46,45,positive_error_increment,target_rotation_error_rad,0.021088353477747415,top-3 positive adjacent increment; navigation only,True,saved comparison/contact evidence
event_00089,OVERLAP_PLAN,34,33,positive_error_increment,target_rotation_error_rad,0.019238798702434085,top-3 positive adjacent increment; navigation only,True,saved comparison/contact evidence
event_00090,OVERLAP_PLAN,28,27,positive_error_increment,world_pair_translation_error_m,0.0080779536809318,top-3 positive adjacent increment; navigation only,True,saved comparison/contact evidence
event_00091,OVERLAP_PLAN,26,25,positive_error_increment,world_pair_translation_error_m,0.006967624260322609,top-3 positive adjacent increment; navigation only,True,saved comparison/contact evidence
event_00092,OVERLAP_PLAN,49,48,positive_error_increment,world_pair_translation_error_m,0.006701738492119365,top-3 positive adjacent increment; navigation only,True,saved comparison/contact evidence
event_00093,OVERLAP_PLAN,26,25,positive_error_increment,pair_translation_error_m,0.01020677922171984,top-3 positive adjacent increment; navigation only,True,saved comparison/contact evidence
event_00094,OVERLAP_PLAN,49,48,positive_error_increment,pair_translation_error_m,0.00838905964425389,top-3 positive adjacent increment; navigation only,True,saved comparison/contact evidence
event_00095,OVERLAP_PLAN,28,27,positive_error_increment,pair_translation_error_m,0.007923250326471308,top-3 positive adjacent increment; navigation only,True,saved comparison/contact evidence
event_00096,OVERLAP_PLAN,48,47,positive_error_increment,pair_rotation_error_rad,0.1514780446670469,top-3 positive adjacent increment; navigation only,True,saved comparison/contact evidence
event_00097,OVERLAP_PLAN,47,46,positive_error_increment,pair_rotation_error_rad,0.12612268450041303,top-3 positive adjacent increment; navigation only,True,saved comparison/contact evidence
event_00098,OVERLAP_PLAN,49,48,positive_error_increment,pair_rotation_error_rad,0.08452769186735559,top-3 positive adjacent increment; navigation only,True,saved comparison/contact evidence
event_00099,OVERLAP_PLAN,48,47,positive_error_increment,tracking_score,0.07779398560523987,top-3 positive adjacent increment; navigation only,True,saved comparison/contact evidence
event_00100,OVERLAP_PLAN,49,48,positive_error_increment,tracking_score,0.07591581344604492,top-3 positive adjacent increment; navigation only,True,saved comparison/contact evidence
event_00101,OVERLAP_PLAN,47,46,positive_error_increment,tracking_score,0.05794742703437805,top-3 positive adjacent increment; navigation only,True,saved comparison/contact evidence
event_00102,OVERLAP_PLAN,28,27,actual_speed_global_max,tool_linear_speed_m_s,0.33496612310409546,actual speed peak; not an overspeed threshold,True,saved comparison/contact evidence
event_00103,OVERLAP_PLAN,16,15,actual_speed_largest_positive_increment,tool_linear_speed_m_s,0.20526657613572752,navigation only,True,saved comparison/contact evidence
event_00104,OVERLAP_PLAN,48,47,actual_speed_global_max,tool_angular_speed_rad_s,6.178161144256592,actual speed peak; not an overspeed threshold,True,saved comparison/contact evidence
event_00105,OVERLAP_PLAN,25,24,actual_speed_largest_positive_increment,tool_angular_speed_rad_s,2.651059226736834,navigation only,True,saved comparison/contact evidence
event_00106,OVERLAP_PLAN,16,15,actual_speed_global_max,target_linear_speed_m_s,0.2056303322315216,actual speed peak; not an overspeed threshold,True,saved comparison/contact evidence
event_00107,OVERLAP_PLAN,60,59,actual_speed_largest_positive_increment,target_linear_speed_m_s,0.13152550673112273,navigation only,True,saved comparison/contact evidence
event_00108,OVERLAP_PLAN,17,16,actual_speed_global_max,target_angular_speed_rad_s,1.9971078634262085,actual speed peak; not an overspeed threshold,True,saved comparison/contact evidence
event_00109,OVERLAP_PLAN,13,12,actual_speed_largest_positive_increment,target_angular_speed_rad_s,1.5944015458226204,navigation only,True,saved comparison/contact evidence
event_00110,OVERLAP_PLAN,1,0,semantic_contact_appeared,semantic_contact,,floor_target|floor|target,True,saved comparison/contact evidence
event_00111,OVERLAP_PLAN,1,0,semantic_contact_appeared,semantic_contact,,floor_tool|floor|tool,True,saved comparison/contact evidence
event_00112,OVERLAP_PLAN,1,0,semantic_contact_appeared,semantic_contact,,left_hand_target|left_hand:pinky|target,True,saved comparison/contact evidence
event_00113,OVERLAP_PLAN,1,0,semantic_contact_appeared,semantic_contact,,left_hand_target|left_hand:ring|target,True,saved comparison/contact evidence
event_00114,OVERLAP_PLAN,9,8,semantic_contact_disappeared,semantic_contact,,left_hand_target|left_hand:ring|target,True,saved comparison/contact evidence
event_00115,OVERLAP_PLAN,11,10,semantic_contact_disappeared,semantic_contact,,left_hand_target|left_hand:pinky|target,True,saved comparison/contact evidence
event_00116,OVERLAP_PLAN,12,11,semantic_contact_appeared,semantic_contact,,left_hand_target|left_hand:ring|target,True,saved comparison/contact evidence
event_00117,OVERLAP_PLAN,13,12,semantic_contact_appeared,semantic_contact,,left_hand_target|left_hand:pinky|target,True,saved comparison/contact evidence
event_00118,OVERLAP_PLAN,13,12,semantic_contact_disappeared,semantic_contact,,left_hand_target|left_hand:ring|target,True,saved comparison/contact evidence
event_00119,OVERLAP_PLAN,16,15,semantic_contact_appeared,semantic_contact,,right_hand_tool|right_hand:index|tool,True,saved comparison/contact evidence
event_00120,OVERLAP_PLAN,17,16,semantic_contact_disappeared,semantic_contact,,right_hand_tool|right_hand:index|tool,True,saved comparison/contact evidence
event_00121,OVERLAP_PLAN,18,17,semantic_contact_appeared,semantic_contact,,left_hand_target|left_hand:ring|target,True,saved comparison/contact evidence
event_00122,OVERLAP_PLAN,19,18,semantic_contact_disappeared,semantic_contact,,left_hand_target|left_hand:ring|target,True,saved comparison/contact evidence
event_00123,OVERLAP_PLAN,25,24,semantic_contact_appeared,semantic_contact,,right_hand_tool|right_hand:index|tool,True,saved comparison/contact evidence
event_00124,OVERLAP_PLAN,30,29,semantic_contact_disappeared,semantic_contact,,right_hand_tool|right_hand:index|tool,True,saved comparison/contact evidence
event_00125,OVERLAP_PLAN,33,32,semantic_contact_appeared,semantic_contact,,right_hand_tool|right_hand:thumb|tool,True,saved comparison/contact evidence
event_00126,OVERLAP_PLAN,42,41,semantic_contact_appeared,semantic_contact,,right_hand_tool|right_hand:index|tool,True,saved comparison/contact evidence
event_00127,OVERLAP_PLAN,43,42,semantic_contact_disappeared,semantic_contact,,right_hand_tool|right_hand:thumb|tool,True,saved comparison/contact evidence
event_00128,OVERLAP_PLAN,45,44,semantic_contact_appeared,semantic_contact,,tool_target|tool|target,True,saved comparison/contact evidence
event_00129,OVERLAP_PLAN,46,45,semantic_contact_appeared,semantic_contact,,right_hand_tool|right_hand:other|tool,True,saved comparison/contact evidence
event_00130,OVERLAP_PLAN,46,45,semantic_contact_disappeared,semantic_contact,,floor_tool|floor|tool,True,saved comparison/contact evidence
event_00131,OVERLAP_PLAN,47,46,semantic_contact_disappeared,semantic_contact,,right_hand_tool|right_hand:index|tool,True,saved comparison/contact evidence
event_00132,OVERLAP_PLAN,49,48,semantic_contact_appeared,semantic_contact,,floor_tool|floor|tool,True,saved comparison/contact evidence
event_00133,OVERLAP_PLAN,49,48,semantic_contact_appeared,semantic_contact,,right_hand_tool|right_hand:pinky|tool,True,saved comparison/contact evidence
event_00134,OVERLAP_PLAN,50,49,semantic_contact_appeared,semantic_contact,,right_hand_tool|right_hand:ring|tool,True,saved comparison/contact evidence
event_00135,OVERLAP_PLAN,50,49,semantic_contact_disappeared,semantic_contact,,right_hand_tool|right_hand:pinky|tool,True,saved comparison/contact evidence
event_00136,OVERLAP_PLAN,51,50,semantic_contact_disappeared,semantic_contact,,right_hand_tool|right_hand:other|tool,True,saved comparison/contact evidence
event_00137,OVERLAP_PLAN,52,51,semantic_contact_disappeared,semantic_contact,,right_hand_tool|right_hand:ring|tool,True,saved comparison/contact evidence
event_00138,OVERLAP_PLAN,52,51,semantic_contact_disappeared,semantic_contact,,tool_target|tool|target,True,saved comparison/contact evidence
event_00139,OVERLAP_PLAN,55,54,semantic_contact_appeared,semantic_contact,,right_hand_tool|right_hand:pinky|tool,True,saved comparison/contact evidence
event_00140,OVERLAP_PLAN,57,56,semantic_contact_appeared,semantic_contact,,left_hand_target|left_hand:ring|target,True,saved comparison/contact evidence
event_00141,OVERLAP_PLAN,60,59,semantic_contact_appeared,semantic_contact,,tool_target|tool|target,True,saved comparison/contact evidence
