view,speed,output_frame_index,endpoint,reference_time_s,source_frame_id,uniform_repeat_index,slowdown_factor
oblique,realtime,0,0,0.0,0,0,1
oblique,realtime,1,1,0.03333333333333333,1,0,1
oblique,realtime,2,2,0.06666666666666667,2,0,1
oblique,realtime,3,3,0.1,3,0,1
oblique,realtime,4,4,0.13333333333333333,4,0,1
oblique,realtime,5,5,0.16666666666666666,5,0,1
oblique,realtime,6,6,0.2,6,0,1
oblique,realtime,7,7,0.23333333333333334,7,0,1
oblique,realtime,8,8,0.26666666666666666,8,0,1
oblique,realtime,9,9,0.3,9,0,1
oblique,realtime,10,10,0.3333333333333333,10,0,1
oblique,realtime,11,11,0.36666666666666664,11,0,1
oblique,realtime,12,12,0.4,12,0,1
oblique,realtime,13,13,0.43333333333333335,13,0,1
oblique,realtime,14,14,0.4666666666666667,14,0,1
oblique,realtime,15,15,0.5,15,0,1
oblique,realtime,16,16,0.5333333333333333,16,0,1
oblique,realtime,17,17,0.5666666666666667,17,0,1
oblique,realtime,18,18,0.6,18,0,1
oblique,realtime,19,19,0.6333333333333333,19,0,1
oblique,realtime,20,20,0.6666666666666666,20,0,1
oblique,realtime,21,21,0.7,21,0,1
oblique,realtime,22,22,0.7333333333333333,22,0,1
oblique,realtime,23,23,0.7666666666666667,23,0,1
oblique,realtime,24,24,0.8,24,0,1
oblique,realtime,25,25,0.8333333333333334,25,0,1
oblique,realtime,26,26,0.8666666666666667,26,0,1
oblique,realtime,27,27,0.9,27,0,1
oblique,realtime,28,28,0.9333333333333333,28,0,1
oblique,realtime,29,29,0.9666666666666667,29,0,1
oblique,realtime,30,30,1.0,30,0,1
oblique,realtime,31,31,1.0333333333333334,31,0,1
oblique,realtime,32,32,1.0666666666666667,32,0,1
oblique,realtime,33,33,1.1,33,0,1
oblique,realtime,34,34,1.1333333333333333,34,0,1
oblique,realtime,35,35,1.1666666666666667,35,0,1
oblique,realtime,36,36,1.2,36,0,1
oblique,realtime,37,37,1.2333333333333334,37,0,1
oblique,realtime,38,38,1.2666666666666666,38,0,1
oblique,realtime,39,39,1.3,39,0,1
oblique,realtime,40,40,1.3333333333333333,40,0,1
oblique,realtime,41,41,1.3666666666666667,41,0,1
oblique,realtime,42,42,1.4,42,0,1
oblique,realtime,43,43,1.4333333333333333,43,0,1
oblique,realtime,44,44,1.4666666666666666,44,0,1
oblique,realtime,45,45,1.5,45,0,1
oblique,realtime,46,46,1.5333333333333334,46,0,1
oblique,realtime,47,47,1.5666666666666667,47,0,1
oblique,realtime,48,48,1.6,48,0,1
oblique,realtime,49,49,1.6333333333333333,49,0,1
oblique,realtime,50,50,1.6666666666666667,50,0,1
oblique,realtime,51,51,1.7,51,0,1
oblique,realtime,52,52,1.7333333333333334,52,0,1
oblique,realtime,53,53,1.7666666666666666,53,0,1
oblique,realtime,54,54,1.8,54,0,1
oblique,realtime,55,55,1.8333333333333333,55,0,1
oblique,realtime,56,56,1.8666666666666667,56,0,1
oblique,realtime,57,57,1.9,57,0,1
oblique,realtime,58,58,1.9333333333333333,58,0,1
oblique,realtime,59,59,1.9666666666666666,59,0,1
oblique,realtime,60,60,2.0,60,0,1
oblique,slow4x,0,0,0.0,0,0,4
oblique,slow4x,1,0,0.0,0,1,4
oblique,slow4x,2,0,0.0,0,2,4
oblique,slow4x,3,0,0.0,0,3,4
oblique,slow4x,4,1,0.03333333333333333,1,0,4
oblique,slow4x,5,1,0.03333333333333333,1,1,4
oblique,slow4x,6,1,0.03333333333333333,1,2,4
oblique,slow4x,7,1,0.03333333333333333,1,3,4
oblique,slow4x,8,2,0.06666666666666667,2,0,4
oblique,slow4x,9,2,0.06666666666666667,2,1,4
oblique,slow4x,10,2,0.06666666666666667,2,2,4
oblique,slow4x,11,2,0.06666666666666667,2,3,4
oblique,slow4x,12,3,0.1,3,0,4
oblique,slow4x,13,3,0.1,3,1,4
oblique,slow4x,14,3,0.1,3,2,4
oblique,slow4x,15,3,0.1,3,3,4
oblique,slow4x,16,4,0.13333333333333333,4,0,4
oblique,slow4x,17,4,0.13333333333333333,4,1,4
oblique,slow4x,18,4,0.13333333333333333,4,2,4
oblique,slow4x,19,4,0.13333333333333333,4,3,4
oblique,slow4x,20,5,0.16666666666666666,5,0,4
oblique,slow4x,21,5,0.16666666666666666,5,1,4
oblique,slow4x,22,5,0.16666666666666666,5,2,4
oblique,slow4x,23,5,0.16666666666666666,5,3,4
oblique,slow4x,24,6,0.2,6,0,4
oblique,slow4x,25,6,0.2,6,1,4
oblique,slow4x,26,6,0.2,6,2,4
oblique,slow4x,27,6,0.2,6,3,4
oblique,slow4x,28,7,0.23333333333333334,7,0,4
oblique,slow4x,29,7,0.23333333333333334,7,1,4
oblique,slow4x,30,7,0.23333333333333334,7,2,4
oblique,slow4x,31,7,0.23333333333333334,7,3,4
oblique,slow4x,32,8,0.26666666666666666,8,0,4
oblique,slow4x,33,8,0.26666666666666666,8,1,4
oblique,slow4x,34,8,0.26666666666666666,8,2,4
oblique,slow4x,35,8,0.26666666666666666,8,3,4
oblique,slow4x,36,9,0.3,9,0,4
oblique,slow4x,37,9,0.3,9,1,4
oblique,slow4x,38,9,0.3,9,2,4
oblique,slow4x,39,9,0.3,9,3,4
oblique,slow4x,40,10,0.3333333333333333,10,0,4
oblique,slow4x,41,10,0.3333333333333333,10,1,4
oblique,slow4x,42,10,0.3333333333333333,10,2,4
oblique,slow4x,43,10,0.3333333333333333,10,3,4
oblique,slow4x,44,11,0.36666666666666664,11,0,4
oblique,slow4x,45,11,0.36666666666666664,11,1,4
oblique,slow4x,46,11,0.36666666666666664,11,2,4
oblique,slow4x,47,11,0.36666666666666664,11,3,4
oblique,slow4x,48,12,0.4,12,0,4
oblique,slow4x,49,12,0.4,12,1,4
oblique,slow4x,50,12,0.4,12,2,4
oblique,slow4x,51,12,0.4,12,3,4
oblique,slow4x,52,13,0.43333333333333335,13,0,4
oblique,slow4x,53,13,0.43333333333333335,13,1,4
oblique,slow4x,54,13,0.43333333333333335,13,2,4
oblique,slow4x,55,13,0.43333333333333335,13,3,4
oblique,slow4x,56,14,0.4666666666666667,14,0,4
oblique,slow4x,57,14,0.4666666666666667,14,1,4
oblique,slow4x,58,14,0.4666666666666667,14,2,4
oblique,slow4x,59,14,0.4666666666666667,14,3,4
oblique,slow4x,60,15,0.5,15,0,4
oblique,slow4x,61,15,0.5,15,1,4
oblique,slow4x,62,15,0.5,15,2,4
oblique,slow4x,63,15,0.5,15,3,4
oblique,slow4x,64,16,0.5333333333333333,16,0,4
oblique,slow4x,65,16,0.5333333333333333,16,1,4
oblique,slow4x,66,16,0.5333333333333333,16,2,4
oblique,slow4x,67,16,0.5333333333333333,16,3,4
oblique,slow4x,68,17,0.5666666666666667,17,0,4
oblique,slow4x,69,17,0.5666666666666667,17,1,4
oblique,slow4x,70,17,0.5666666666666667,17,2,4
oblique,slow4x,71,17,0.5666666666666667,17,3,4
oblique,slow4x,72,18,0.6,18,0,4
oblique,slow4x,73,18,0.6,18,1,4
oblique,slow4x,74,18,0.6,18,2,4
oblique,slow4x,75,18,0.6,18,3,4
oblique,slow4x,76,19,0.6333333333333333,19,0,4
oblique,slow4x,77,19,0.6333333333333333,19,1,4
oblique,slow4x,78,19,0.6333333333333333,19,2,4
oblique,slow4x,79,19,0.6333333333333333,19,3,4
oblique,slow4x,80,20,0.6666666666666666,20,0,4
oblique,slow4x,81,20,0.6666666666666666,20,1,4
oblique,slow4x,82,20,0.6666666666666666,20,2,4
oblique,slow4x,83,20,0.6666666666666666,20,3,4
oblique,slow4x,84,21,0.7,21,0,4
oblique,slow4x,85,21,0.7,21,1,4
oblique,slow4x,86,21,0.7,21,2,4
oblique,slow4x,87,21,0.7,21,3,4
oblique,slow4x,88,22,0.7333333333333333,22,0,4
oblique,slow4x,89,22,0.7333333333333333,22,1,4
oblique,slow4x,90,22,0.7333333333333333,22,2,4
oblique,slow4x,91,22,0.7333333333333333,22,3,4
oblique,slow4x,92,23,0.7666666666666667,23,0,4
oblique,slow4x,93,23,0.7666666666666667,23,1,4
oblique,slow4x,94,23,0.7666666666666667,23,2,4
oblique,slow4x,95,23,0.7666666666666667,23,3,4
oblique,slow4x,96,24,0.8,24,0,4
oblique,slow4x,97,24,0.8,24,1,4
oblique,slow4x,98,24,0.8,24,2,4
oblique,slow4x,99,24,0.8,24,3,4
oblique,slow4x,100,25,0.8333333333333334,25,0,4
oblique,slow4x,101,25,0.8333333333333334,25,1,4
oblique,slow4x,102,25,0.8333333333333334,25,2,4
oblique,slow4x,103,25,0.8333333333333334,25,3,4
oblique,slow4x,104,26,0.8666666666666667,26,0,4
oblique,slow4x,105,26,0.8666666666666667,26,1,4
oblique,slow4x,106,26,0.8666666666666667,26,2,4
oblique,slow4x,107,26,0.8666666666666667,26,3,4
oblique,slow4x,108,27,0.9,27,0,4
oblique,slow4x,109,27,0.9,27,1,4
oblique,slow4x,110,27,0.9,27,2,4
oblique,slow4x,111,27,0.9,27,3,4
oblique,slow4x,112,28,0.9333333333333333,28,0,4
oblique,slow4x,113,28,0.9333333333333333,28,1,4
oblique,slow4x,114,28,0.9333333333333333,28,2,4
oblique,slow4x,115,28,0.9333333333333333,28,3,4
oblique,slow4x,116,29,0.9666666666666667,29,0,4
oblique,slow4x,117,29,0.9666666666666667,29,1,4
oblique,slow4x,118,29,0.9666666666666667,29,2,4
oblique,slow4x,119,29,0.9666666666666667,29,3,4
oblique,slow4x,120,30,1.0,30,0,4
oblique,slow4x,121,30,1.0,30,1,4
oblique,slow4x,122,30,1.0,30,2,4
oblique,slow4x,123,30,1.0,30,3,4
oblique,slow4x,124,31,1.0333333333333334,31,0,4
oblique,slow4x,125,31,1.0333333333333334,31,1,4
oblique,slow4x,126,31,1.0333333333333334,31,2,4
oblique,slow4x,127,31,1.0333333333333334,31,3,4
oblique,slow4x,128,32,1.0666666666666667,32,0,4
oblique,slow4x,129,32,1.0666666666666667,32,1,4
oblique,slow4x,130,32,1.0666666666666667,32,2,4
oblique,slow4x,131,32,1.0666666666666667,32,3,4
oblique,slow4x,132,33,1.1,33,0,4
oblique,slow4x,133,33,1.1,33,1,4
oblique,slow4x,134,33,1.1,33,2,4
oblique,slow4x,135,33,1.1,33,3,4
oblique,slow4x,136,34,1.1333333333333333,34,0,4
oblique,slow4x,137,34,1.1333333333333333,34,1,4
oblique,slow4x,138,34,1.1333333333333333,34,2,4
oblique,slow4x,139,34,1.1333333333333333,34,3,4
oblique,slow4x,140,35,1.1666666666666667,35,0,4
oblique,slow4x,141,35,1.1666666666666667,35,1,4
oblique,slow4x,142,35,1.1666666666666667,35,2,4
oblique,slow4x,143,35,1.1666666666666667,35,3,4
oblique,slow4x,144,36,1.2,36,0,4
oblique,slow4x,145,36,1.2,36,1,4
oblique,slow4x,146,36,1.2,36,2,4
oblique,slow4x,147,36,1.2,36,3,4
oblique,slow4x,148,37,1.2333333333333334,37,0,4
oblique,slow4x,149,37,1.2333333333333334,37,1,4
oblique,slow4x,150,37,1.2333333333333334,37,2,4
oblique,slow4x,151,37,1.2333333333333334,37,3,4
oblique,slow4x,152,38,1.2666666666666666,38,0,4
oblique,slow4x,153,38,1.2666666666666666,38,1,4
oblique,slow4x,154,38,1.2666666666666666,38,2,4
oblique,slow4x,155,38,1.2666666666666666,38,3,4
oblique,slow4x,156,39,1.3,39,0,4
oblique,slow4x,157,39,1.3,39,1,4
oblique,slow4x,158,39,1.3,39,2,4
oblique,slow4x,159,39,1.3,39,3,4
oblique,slow4x,160,40,1.3333333333333333,40,0,4
oblique,slow4x,161,40,1.3333333333333333,40,1,4
oblique,slow4x,162,40,1.3333333333333333,40,2,4
oblique,slow4x,163,40,1.3333333333333333,40,3,4
oblique,slow4x,164,41,1.3666666666666667,41,0,4
oblique,slow4x,165,41,1.3666666666666667,41,1,4
oblique,slow4x,166,41,1.3666666666666667,41,2,4
oblique,slow4x,167,41,1.3666666666666667,41,3,4
oblique,slow4x,168,42,1.4,42,0,4
oblique,slow4x,169,42,1.4,42,1,4
oblique,slow4x,170,42,1.4,42,2,4
oblique,slow4x,171,42,1.4,42,3,4
oblique,slow4x,172,43,1.4333333333333333,43,0,4
oblique,slow4x,173,43,1.4333333333333333,43,1,4
oblique,slow4x,174,43,1.4333333333333333,43,2,4
oblique,slow4x,175,43,1.4333333333333333,43,3,4
oblique,slow4x,176,44,1.4666666666666666,44,0,4
oblique,slow4x,177,44,1.4666666666666666,44,1,4
oblique,slow4x,178,44,1.4666666666666666,44,2,4
oblique,slow4x,179,44,1.4666666666666666,44,3,4
oblique,slow4x,180,45,1.5,45,0,4
oblique,slow4x,181,45,1.5,45,1,4
oblique,slow4x,182,45,1.5,45,2,4
oblique,slow4x,183,45,1.5,45,3,4
oblique,slow4x,184,46,1.5333333333333334,46,0,4
oblique,slow4x,185,46,1.5333333333333334,46,1,4
oblique,slow4x,186,46,1.5333333333333334,46,2,4
oblique,slow4x,187,46,1.5333333333333334,46,3,4
oblique,slow4x,188,47,1.5666666666666667,47,0,4
oblique,slow4x,189,47,1.5666666666666667,47,1,4
oblique,slow4x,190,47,1.5666666666666667,47,2,4
oblique,slow4x,191,47,1.5666666666666667,47,3,4
oblique,slow4x,192,48,1.6,48,0,4
oblique,slow4x,193,48,1.6,48,1,4
oblique,slow4x,194,48,1.6,48,2,4
oblique,slow4x,195,48,1.6,48,3,4
oblique,slow4x,196,49,1.6333333333333333,49,0,4
oblique,slow4x,197,49,1.6333333333333333,49,1,4
oblique,slow4x,198,49,1.6333333333333333,49,2,4
oblique,slow4x,199,49,1.6333333333333333,49,3,4
oblique,slow4x,200,50,1.6666666666666667,50,0,4
oblique,slow4x,201,50,1.6666666666666667,50,1,4
oblique,slow4x,202,50,1.6666666666666667,50,2,4
oblique,slow4x,203,50,1.6666666666666667,50,3,4
oblique,slow4x,204,51,1.7,51,0,4
oblique,slow4x,205,51,1.7,51,1,4
oblique,slow4x,206,51,1.7,51,2,4
oblique,slow4x,207,51,1.7,51,3,4
oblique,slow4x,208,52,1.7333333333333334,52,0,4
oblique,slow4x,209,52,1.7333333333333334,52,1,4
oblique,slow4x,210,52,1.7333333333333334,52,2,4
oblique,slow4x,211,52,1.7333333333333334,52,3,4
oblique,slow4x,212,53,1.7666666666666666,53,0,4
oblique,slow4x,213,53,1.7666666666666666,53,1,4
oblique,slow4x,214,53,1.7666666666666666,53,2,4
oblique,slow4x,215,53,1.7666666666666666,53,3,4
oblique,slow4x,216,54,1.8,54,0,4
oblique,slow4x,217,54,1.8,54,1,4
oblique,slow4x,218,54,1.8,54,2,4
oblique,slow4x,219,54,1.8,54,3,4
oblique,slow4x,220,55,1.8333333333333333,55,0,4
oblique,slow4x,221,55,1.8333333333333333,55,1,4
oblique,slow4x,222,55,1.8333333333333333,55,2,4
oblique,slow4x,223,55,1.8333333333333333,55,3,4
oblique,slow4x,224,56,1.8666666666666667,56,0,4
oblique,slow4x,225,56,1.8666666666666667,56,1,4
oblique,slow4x,226,56,1.8666666666666667,56,2,4
oblique,slow4x,227,56,1.8666666666666667,56,3,4
oblique,slow4x,228,57,1.9,57,0,4
oblique,slow4x,229,57,1.9,57,1,4
oblique,slow4x,230,57,1.9,57,2,4
oblique,slow4x,231,57,1.9,57,3,4
oblique,slow4x,232,58,1.9333333333333333,58,0,4
oblique,slow4x,233,58,1.9333333333333333,58,1,4
oblique,slow4x,234,58,1.9333333333333333,58,2,4
oblique,slow4x,235,58,1.9333333333333333,58,3,4
oblique,slow4x,236,59,1.9666666666666666,59,0,4
oblique,slow4x,237,59,1.9666666666666666,59,1,4
oblique,slow4x,238,59,1.9666666666666666,59,2,4
oblique,slow4x,239,59,1.9666666666666666,59,3,4
oblique,slow4x,240,60,2.0,60,0,4
oblique,slow4x,241,60,2.0,60,1,4
oblique,slow4x,242,60,2.0,60,2,4
oblique,slow4x,243,60,2.0,60,3,4
top,realtime,0,0,0.0,0,0,1
top,realtime,1,1,0.03333333333333333,1,0,1
top,realtime,2,2,0.06666666666666667,2,0,1
top,realtime,3,3,0.1,3,0,1
top,realtime,4,4,0.13333333333333333,4,0,1
top,realtime,5,5,0.16666666666666666,5,0,1
top,realtime,6,6,0.2,6,0,1
top,realtime,7,7,0.23333333333333334,7,0,1
top,realtime,8,8,0.26666666666666666,8,0,1
top,realtime,9,9,0.3,9,0,1
top,realtime,10,10,0.3333333333333333,10,0,1
top,realtime,11,11,0.36666666666666664,11,0,1
top,realtime,12,12,0.4,12,0,1
top,realtime,13,13,0.43333333333333335,13,0,1
top,realtime,14,14,0.4666666666666667,14,0,1
top,realtime,15,15,0.5,15,0,1
top,realtime,16,16,0.5333333333333333,16,0,1
top,realtime,17,17,0.5666666666666667,17,0,1
top,realtime,18,18,0.6,18,0,1
top,realtime,19,19,0.6333333333333333,19,0,1
top,realtime,20,20,0.6666666666666666,20,0,1
top,realtime,21,21,0.7,21,0,1
top,realtime,22,22,0.7333333333333333,22,0,1
top,realtime,23,23,0.7666666666666667,23,0,1
top,realtime,24,24,0.8,24,0,1
top,realtime,25,25,0.8333333333333334,25,0,1
top,realtime,26,26,0.8666666666666667,26,0,1
top,realtime,27,27,0.9,27,0,1
top,realtime,28,28,0.9333333333333333,28,0,1
top,realtime,29,29,0.9666666666666667,29,0,1
top,realtime,30,30,1.0,30,0,1
top,realtime,31,31,1.0333333333333334,31,0,1
top,realtime,32,32,1.0666666666666667,32,0,1
top,realtime,33,33,1.1,33,0,1
top,realtime,34,34,1.1333333333333333,34,0,1
top,realtime,35,35,1.1666666666666667,35,0,1
top,realtime,36,36,1.2,36,0,1
top,realtime,37,37,1.2333333333333334,37,0,1
top,realtime,38,38,1.2666666666666666,38,0,1
top,realtime,39,39,1.3,39,0,1
top,realtime,40,40,1.3333333333333333,40,0,1
top,realtime,41,41,1.3666666666666667,41,0,1
top,realtime,42,42,1.4,42,0,1
top,realtime,43,43,1.4333333333333333,43,0,1
top,realtime,44,44,1.4666666666666666,44,0,1
top,realtime,45,45,1.5,45,0,1
top,realtime,46,46,1.5333333333333334,46,0,1
top,realtime,47,47,1.5666666666666667,47,0,1
top,realtime,48,48,1.6,48,0,1
top,realtime,49,49,1.6333333333333333,49,0,1
top,realtime,50,50,1.6666666666666667,50,0,1
top,realtime,51,51,1.7,51,0,1
top,realtime,52,52,1.7333333333333334,52,0,1
top,realtime,53,53,1.7666666666666666,53,0,1
top,realtime,54,54,1.8,54,0,1
top,realtime,55,55,1.8333333333333333,55,0,1
top,realtime,56,56,1.8666666666666667,56,0,1
top,realtime,57,57,1.9,57,0,1
top,realtime,58,58,1.9333333333333333,58,0,1
top,realtime,59,59,1.9666666666666666,59,0,1
top,realtime,60,60,2.0,60,0,1
top,slow4x,0,0,0.0,0,0,4
top,slow4x,1,0,0.0,0,1,4
top,slow4x,2,0,0.0,0,2,4
top,slow4x,3,0,0.0,0,3,4
top,slow4x,4,1,0.03333333333333333,1,0,4
top,slow4x,5,1,0.03333333333333333,1,1,4
top,slow4x,6,1,0.03333333333333333,1,2,4
top,slow4x,7,1,0.03333333333333333,1,3,4
top,slow4x,8,2,0.06666666666666667,2,0,4
top,slow4x,9,2,0.06666666666666667,2,1,4
top,slow4x,10,2,0.06666666666666667,2,2,4
top,slow4x,11,2,0.06666666666666667,2,3,4
top,slow4x,12,3,0.1,3,0,4
top,slow4x,13,3,0.1,3,1,4
top,slow4x,14,3,0.1,3,2,4
top,slow4x,15,3,0.1,3,3,4
top,slow4x,16,4,0.13333333333333333,4,0,4
top,slow4x,17,4,0.13333333333333333,4,1,4
top,slow4x,18,4,0.13333333333333333,4,2,4
top,slow4x,19,4,0.13333333333333333,4,3,4
top,slow4x,20,5,0.16666666666666666,5,0,4
top,slow4x,21,5,0.16666666666666666,5,1,4
top,slow4x,22,5,0.16666666666666666,5,2,4
top,slow4x,23,5,0.16666666666666666,5,3,4
top,slow4x,24,6,0.2,6,0,4
top,slow4x,25,6,0.2,6,1,4
top,slow4x,26,6,0.2,6,2,4
top,slow4x,27,6,0.2,6,3,4
top,slow4x,28,7,0.23333333333333334,7,0,4
top,slow4x,29,7,0.23333333333333334,7,1,4
top,slow4x,30,7,0.23333333333333334,7,2,4
top,slow4x,31,7,0.23333333333333334,7,3,4
top,slow4x,32,8,0.26666666666666666,8,0,4
top,slow4x,33,8,0.26666666666666666,8,1,4
top,slow4x,34,8,0.26666666666666666,8,2,4
top,slow4x,35,8,0.26666666666666666,8,3,4
top,slow4x,36,9,0.3,9,0,4
top,slow4x,37,9,0.3,9,1,4
top,slow4x,38,9,0.3,9,2,4
top,slow4x,39,9,0.3,9,3,4
top,slow4x,40,10,0.3333333333333333,10,0,4
top,slow4x,41,10,0.3333333333333333,10,1,4
top,slow4x,42,10,0.3333333333333333,10,2,4
top,slow4x,43,10,0.3333333333333333,10,3,4
top,slow4x,44,11,0.36666666666666664,11,0,4
top,slow4x,45,11,0.36666666666666664,11,1,4
top,slow4x,46,11,0.36666666666666664,11,2,4
top,slow4x,47,11,0.36666666666666664,11,3,4
top,slow4x,48,12,0.4,12,0,4
top,slow4x,49,12,0.4,12,1,4
top,slow4x,50,12,0.4,12,2,4
top,slow4x,51,12,0.4,12,3,4
top,slow4x,52,13,0.43333333333333335,13,0,4
top,slow4x,53,13,0.43333333333333335,13,1,4
top,slow4x,54,13,0.43333333333333335,13,2,4
top,slow4x,55,13,0.43333333333333335,13,3,4
top,slow4x,56,14,0.4666666666666667,14,0,4
top,slow4x,57,14,0.4666666666666667,14,1,4
top,slow4x,58,14,0.4666666666666667,14,2,4
top,slow4x,59,14,0.4666666666666667,14,3,4
top,slow4x,60,15,0.5,15,0,4
top,slow4x,61,15,0.5,15,1,4
top,slow4x,62,15,0.5,15,2,4
top,slow4x,63,15,0.5,15,3,4
top,slow4x,64,16,0.5333333333333333,16,0,4
top,slow4x,65,16,0.5333333333333333,16,1,4
top,slow4x,66,16,0.5333333333333333,16,2,4
top,slow4x,67,16,0.5333333333333333,16,3,4
top,slow4x,68,17,0.5666666666666667,17,0,4
top,slow4x,69,17,0.5666666666666667,17,1,4
top,slow4x,70,17,0.5666666666666667,17,2,4
top,slow4x,71,17,0.5666666666666667,17,3,4
top,slow4x,72,18,0.6,18,0,4
top,slow4x,73,18,0.6,18,1,4
top,slow4x,74,18,0.6,18,2,4
top,slow4x,75,18,0.6,18,3,4
top,slow4x,76,19,0.6333333333333333,19,0,4
top,slow4x,77,19,0.6333333333333333,19,1,4
top,slow4x,78,19,0.6333333333333333,19,2,4
top,slow4x,79,19,0.6333333333333333,19,3,4
top,slow4x,80,20,0.6666666666666666,20,0,4
top,slow4x,81,20,0.6666666666666666,20,1,4
top,slow4x,82,20,0.6666666666666666,20,2,4
top,slow4x,83,20,0.6666666666666666,20,3,4
top,slow4x,84,21,0.7,21,0,4
top,slow4x,85,21,0.7,21,1,4
top,slow4x,86,21,0.7,21,2,4
top,slow4x,87,21,0.7,21,3,4
top,slow4x,88,22,0.7333333333333333,22,0,4
top,slow4x,89,22,0.7333333333333333,22,1,4
top,slow4x,90,22,0.7333333333333333,22,2,4
top,slow4x,91,22,0.7333333333333333,22,3,4
top,slow4x,92,23,0.7666666666666667,23,0,4
top,slow4x,93,23,0.7666666666666667,23,1,4
top,slow4x,94,23,0.7666666666666667,23,2,4
top,slow4x,95,23,0.7666666666666667,23,3,4
top,slow4x,96,24,0.8,24,0,4
top,slow4x,97,24,0.8,24,1,4
top,slow4x,98,24,0.8,24,2,4
top,slow4x,99,24,0.8,24,3,4
top,slow4x,100,25,0.8333333333333334,25,0,4
top,slow4x,101,25,0.8333333333333334,25,1,4
top,slow4x,102,25,0.8333333333333334,25,2,4
top,slow4x,103,25,0.8333333333333334,25,3,4
top,slow4x,104,26,0.8666666666666667,26,0,4
top,slow4x,105,26,0.8666666666666667,26,1,4
top,slow4x,106,26,0.8666666666666667,26,2,4
top,slow4x,107,26,0.8666666666666667,26,3,4
top,slow4x,108,27,0.9,27,0,4
top,slow4x,109,27,0.9,27,1,4
top,slow4x,110,27,0.9,27,2,4
top,slow4x,111,27,0.9,27,3,4
top,slow4x,112,28,0.9333333333333333,28,0,4
top,slow4x,113,28,0.9333333333333333,28,1,4
top,slow4x,114,28,0.9333333333333333,28,2,4
top,slow4x,115,28,0.9333333333333333,28,3,4
top,slow4x,116,29,0.9666666666666667,29,0,4
top,slow4x,117,29,0.9666666666666667,29,1,4
top,slow4x,118,29,0.9666666666666667,29,2,4
top,slow4x,119,29,0.9666666666666667,29,3,4
top,slow4x,120,30,1.0,30,0,4
top,slow4x,121,30,1.0,30,1,4
top,slow4x,122,30,1.0,30,2,4
top,slow4x,123,30,1.0,30,3,4
top,slow4x,124,31,1.0333333333333334,31,0,4
top,slow4x,125,31,1.0333333333333334,31,1,4
top,slow4x,126,31,1.0333333333333334,31,2,4
top,slow4x,127,31,1.0333333333333334,31,3,4
top,slow4x,128,32,1.0666666666666667,32,0,4
top,slow4x,129,32,1.0666666666666667,32,1,4
top,slow4x,130,32,1.0666666666666667,32,2,4
top,slow4x,131,32,1.0666666666666667,32,3,4
top,slow4x,132,33,1.1,33,0,4
top,slow4x,133,33,1.1,33,1,4
top,slow4x,134,33,1.1,33,2,4
top,slow4x,135,33,1.1,33,3,4
top,slow4x,136,34,1.1333333333333333,34,0,4
top,slow4x,137,34,1.1333333333333333,34,1,4
top,slow4x,138,34,1.1333333333333333,34,2,4
top,slow4x,139,34,1.1333333333333333,34,3,4
top,slow4x,140,35,1.1666666666666667,35,0,4
top,slow4x,141,35,1.1666666666666667,35,1,4
top,slow4x,142,35,1.1666666666666667,35,2,4
top,slow4x,143,35,1.1666666666666667,35,3,4
top,slow4x,144,36,1.2,36,0,4
top,slow4x,145,36,1.2,36,1,4
top,slow4x,146,36,1.2,36,2,4
top,slow4x,147,36,1.2,36,3,4
top,slow4x,148,37,1.2333333333333334,37,0,4
top,slow4x,149,37,1.2333333333333334,37,1,4
top,slow4x,150,37,1.2333333333333334,37,2,4
top,slow4x,151,37,1.2333333333333334,37,3,4
top,slow4x,152,38,1.2666666666666666,38,0,4
top,slow4x,153,38,1.2666666666666666,38,1,4
top,slow4x,154,38,1.2666666666666666,38,2,4
top,slow4x,155,38,1.2666666666666666,38,3,4
top,slow4x,156,39,1.3,39,0,4
top,slow4x,157,39,1.3,39,1,4
top,slow4x,158,39,1.3,39,2,4
top,slow4x,159,39,1.3,39,3,4
top,slow4x,160,40,1.3333333333333333,40,0,4
top,slow4x,161,40,1.3333333333333333,40,1,4
top,slow4x,162,40,1.3333333333333333,40,2,4
top,slow4x,163,40,1.3333333333333333,40,3,4
top,slow4x,164,41,1.3666666666666667,41,0,4
top,slow4x,165,41,1.3666666666666667,41,1,4
top,slow4x,166,41,1.3666666666666667,41,2,4
top,slow4x,167,41,1.3666666666666667,41,3,4
top,slow4x,168,42,1.4,42,0,4
top,slow4x,169,42,1.4,42,1,4
top,slow4x,170,42,1.4,42,2,4
top,slow4x,171,42,1.4,42,3,4
top,slow4x,172,43,1.4333333333333333,43,0,4
top,slow4x,173,43,1.4333333333333333,43,1,4
top,slow4x,174,43,1.4333333333333333,43,2,4
top,slow4x,175,43,1.4333333333333333,43,3,4
top,slow4x,176,44,1.4666666666666666,44,0,4
top,slow4x,177,44,1.4666666666666666,44,1,4
top,slow4x,178,44,1.4666666666666666,44,2,4
top,slow4x,179,44,1.4666666666666666,44,3,4
top,slow4x,180,45,1.5,45,0,4
top,slow4x,181,45,1.5,45,1,4
top,slow4x,182,45,1.5,45,2,4
top,slow4x,183,45,1.5,45,3,4
top,slow4x,184,46,1.5333333333333334,46,0,4
top,slow4x,185,46,1.5333333333333334,46,1,4
top,slow4x,186,46,1.5333333333333334,46,2,4
top,slow4x,187,46,1.5333333333333334,46,3,4
top,slow4x,188,47,1.5666666666666667,47,0,4
top,slow4x,189,47,1.5666666666666667,47,1,4
top,slow4x,190,47,1.5666666666666667,47,2,4
top,slow4x,191,47,1.5666666666666667,47,3,4
top,slow4x,192,48,1.6,48,0,4
top,slow4x,193,48,1.6,48,1,4
top,slow4x,194,48,1.6,48,2,4
top,slow4x,195,48,1.6,48,3,4
top,slow4x,196,49,1.6333333333333333,49,0,4
top,slow4x,197,49,1.6333333333333333,49,1,4
top,slow4x,198,49,1.6333333333333333,49,2,4
top,slow4x,199,49,1.6333333333333333,49,3,4
top,slow4x,200,50,1.6666666666666667,50,0,4
top,slow4x,201,50,1.6666666666666667,50,1,4
top,slow4x,202,50,1.6666666666666667,50,2,4
top,slow4x,203,50,1.6666666666666667,50,3,4
top,slow4x,204,51,1.7,51,0,4
top,slow4x,205,51,1.7,51,1,4
top,slow4x,206,51,1.7,51,2,4
top,slow4x,207,51,1.7,51,3,4
top,slow4x,208,52,1.7333333333333334,52,0,4
top,slow4x,209,52,1.7333333333333334,52,1,4
top,slow4x,210,52,1.7333333333333334,52,2,4
top,slow4x,211,52,1.7333333333333334,52,3,4
top,slow4x,212,53,1.7666666666666666,53,0,4
top,slow4x,213,53,1.7666666666666666,53,1,4
top,slow4x,214,53,1.7666666666666666,53,2,4
top,slow4x,215,53,1.7666666666666666,53,3,4
top,slow4x,216,54,1.8,54,0,4
top,slow4x,217,54,1.8,54,1,4
top,slow4x,218,54,1.8,54,2,4
top,slow4x,219,54,1.8,54,3,4
top,slow4x,220,55,1.8333333333333333,55,0,4
top,slow4x,221,55,1.8333333333333333,55,1,4
top,slow4x,222,55,1.8333333333333333,55,2,4
top,slow4x,223,55,1.8333333333333333,55,3,4
top,slow4x,224,56,1.8666666666666667,56,0,4
top,slow4x,225,56,1.8666666666666667,56,1,4
top,slow4x,226,56,1.8666666666666667,56,2,4
top,slow4x,227,56,1.8666666666666667,56,3,4
top,slow4x,228,57,1.9,57,0,4
top,slow4x,229,57,1.9,57,1,4
top,slow4x,230,57,1.9,57,2,4
top,slow4x,231,57,1.9,57,3,4
top,slow4x,232,58,1.9333333333333333,58,0,4
top,slow4x,233,58,1.9333333333333333,58,1,4
top,slow4x,234,58,1.9333333333333333,58,2,4
top,slow4x,235,58,1.9333333333333333,58,3,4
top,slow4x,236,59,1.9666666666666666,59,0,4
top,slow4x,237,59,1.9666666666666666,59,1,4
top,slow4x,238,59,1.9666666666666666,59,2,4
top,slow4x,239,59,1.9666666666666666,59,3,4
top,slow4x,240,60,2.0,60,0,4
top,slow4x,241,60,2.0,60,1,4
top,slow4x,242,60,2.0,60,2,4
top,slow4x,243,60,2.0,60,3,4
