seed,alpha,label,N,first_failure_endpoint,retained_base_intervals,lost_base_intervals,added_intervals_beyond_base,valid_prefix_reward,first20_reward,endpoint60_score
0,0.0,BASE_ANCHOR,20,61,20,0,0,4.381872117519379,4.381872117519379,0.9899907112121582
0,1.0,FULL_ANCHOR,14,55,14,6,0,3.752151072025299,3.752151072025299,post_failure_diagnostic
0,0.5,HALF,14,55,14,6,0,3.888676345348358,3.888676345348358,post_failure_diagnostic
0,0.25,QUARTER,15,56,15,5,0,4.006480872631073,4.006480872631073,post_failure_diagnostic
0,0.125,EIGHTH,15,56,15,5,0,3.5305556058883667,3.5305556058883667,post_failure_diagnostic
1,0.0,BASE_ANCHOR,20,61,20,0,0,4.381872117519379,4.381872117519379,0.9899907112121582
1,1.0,FULL_ANCHOR,14,55,14,6,0,3.8138628602027893,3.8138628602027893,post_failure_diagnostic
1,0.5,HALF,15,56,15,5,0,4.114556133747101,4.114556133747101,post_failure_diagnostic
1,0.25,QUARTER,15,56,15,5,0,3.914302885532379,3.914302885532379,post_failure_diagnostic
1,0.125,EIGHTH,13,54,13,7,0,3.6129119992256165,3.6129119992256165,post_failure_diagnostic
2,0.0,BASE_ANCHOR,20,61,20,0,0,4.381872117519379,4.381872117519379,0.9899907112121582
2,1.0,FULL_ANCHOR,20,61,20,0,0,4.4544254541397095,4.4544254541397095,0.9635680317878723
2,0.5,HALF,15,56,15,5,0,4.0788774490356445,4.0788774490356445,post_failure_diagnostic
2,0.25,QUARTER,12,53,12,8,0,3.542458653450012,3.542458653450012,post_failure_diagnostic
2,0.125,EIGHTH,15,56,15,5,0,3.954858362674713,3.954858362674713,post_failure_diagnostic
