seed,alpha,label,KL_mean,KL_p95,KL_max,ratio_mean,ratio_outside,true_clip,mu_RMS,sigma_RMS,policy_loss,value_loss,full_loss
0,0.0,BASE_ANCHOR,1.7656570650004255e-13,3.6375902290330924e-13,5.021538740379583e-13,0.9999999288469553,0.0,0.0,2.7079293474230326e-08,0.0,-3.1292437085994607e-08,7.207079887390137,7.207079887390137
0,1.0,FULL_ANCHOR,0.5216911693445988,0.5990873064980853,0.647226729156644,1.1265257495222614,0.8687499761581421,0.606249988079071,0.04441506043076515,2.5001263566082343e-05,0.008760584518313408,5.794613361358643,5.80337381362915
0,0.5,HALF,0.1312614099819221,0.15227689828429908,0.1649083485010704,1.0262209272012115,0.7562500238418579,0.5375000238418579,0.022268006578087807,1.2499196600401774e-05,-0.0522301085293293,6.173682689666748,6.121452808380127
0,0.25,QUARTER,0.032883305614968154,0.03843932818113537,0.041534833034528484,1.0028156291693449,0.4749999940395355,0.3812499940395355,0.011140762828290462,6.257672794163227e-06,-0.07219795137643814,6.592695713043213,6.520497798919678
0,0.125,EIGHTH,0.008227498877218447,0.009651105077571416,0.010416722376642928,0.9988740414381028,0.17499999701976776,0.16249999403953552,0.005571452435106039,3.1292615858546924e-06,-0.06453974545001984,6.875664710998535,6.811124801635742
1,0.0,BASE_ANCHOR,1.8997095563300093e-13,4.130584763117895e-13,5.873634911779391e-13,0.9999998647719621,0.0,0.0,2.8042489219615163e-08,0.0,5.960464477539063e-08,4.969816207885742,4.969816207885742
1,1.0,FULL_ANCHOR,0.5095753279255162,0.6513807652857357,0.6657520967413795,1.2528999173780904,0.887499988079071,0.637499988079071,0.04402969405055046,2.5002094844239764e-05,0.029417771846055984,2.811525821685791,2.8409435749053955
1,0.5,HALF,0.12809508696967611,0.16633175076470838,0.16972335952443812,1.04078498063609,0.762499988079071,0.5874999761581421,0.02209242805838585,1.2500023331085686e-05,-0.05193399265408516,3.393489122390747,3.341555118560791
1,0.25,QUARTER,0.032089196460495156,0.041971942910426725,0.042787007322321435,0.9980878870934248,0.53125,0.4375,0.01106194406747818,6.257670520426473e-06,-0.08111970126628876,4.045065879821777,3.9639461040496826
1,0.125,EIGHTH,0.008029046323295366,0.010538421160424446,0.01073759366964988,0.9934626571834088,0.23125000298023224,0.21250000596046448,0.005534439347684383,3.130912773485761e-06,-0.07695339620113373,4.475982666015625,4.39902925491333
2,0.0,BASE_ANCHOR,1.8338837393105933e-13,4.1771863745765347e-13,6.685763054292693e-13,1.0000000581145287,0.0,0.0,2.765058937370668e-08,0.0,-4.7683716530855236e-08,5.04111385345459,5.04111385345459
2,1.0,FULL_ANCHOR,0.6055443031956179,0.7237953107100149,0.738747988919918,1.0473551223636606,0.893750011920929,0.637499988079071,0.04798046499490738,2.50045759457862e-05,0.013359908945858479,3.124683380126953,3.1380434036254883
2,0.5,HALF,0.15190850410069973,0.18173318267619668,0.18504752130076502,0.9780807760544121,0.731249988079071,0.550000011920929,0.024094317108392715,1.2501681339927018e-05,-0.04946824163198471,3.6827151775360107,3.633246898651123
2,0.25,QUARTER,0.03793002469214213,0.0455124668085099,0.046502101517141625,0.9776708459481597,0.53125,0.4312500059604645,0.012037784792482853,6.260985173867084e-06,-0.07187115401029587,4.2509846687316895,4.179113388061523
2,0.125,EIGHTH,0.009475191287461543,0.011393971020454283,0.011650041617064566,0.986165463924408,0.20000000298023224,0.1875,0.006016348022967577,3.1325751024269266e-06,-0.06628347188234329,4.615074634552002,4.54879093170166
