condition,endpoint,availability,tool_error_x_m,tool_error_y_m,tool_error_z_m,tool_position_error_m,tool_rotation_error_rad,tool_ellipse_score,target_error_x_m,target_error_y_m,target_error_z_m,target_position_error_m,target_rotation_error_rad,pair_error_x_m,pair_error_y_m,pair_error_z_m,pair_position_error_m
ORIGINAL,0,measured,-9.685754753796516e-09,0.0,4.536664710563798e-09,1.0695567859948657e-08,1.2366100382792498e-08,8.951018822143991e-08,-2.235174156872688e-09,0.0,4.536664710563798e-09,5.057403504529418e-09,3.8206726431492624e-08,-7.450580596923828e-09,0.0,0.0,7.450580596923828e-09
ORIGINAL,1,measured,-0.0004974849522113578,0.0006437776610255241,-0.0017964794568655629,0.001972125602859062,0.026899660219576134,0.024324579477059877,0.00013092681765558556,-0.00020082946866750717,-0.0009590341977713246,0.0009885448394289357,0.01585506917333582,-0.0006284117698669434,0.0008446080610156059,-0.0008374452590942383,0.0013452058174194988
ORIGINAL,2,measured,-0.00020171180367467567,0.0004046997055411339,-0.0019122912816641469,0.0019650260683602844,0.015355499538937228,0.019311755545366315,0.00046455636620523766,-0.0001338212750852108,-0.0021688892774222035,0.002222116434565087,0.01878456951615283,-0.0006662681698799133,0.0005385209806263447,0.00025659799575805664,0.0008942933815012502
ORIGINAL,3,measured,-0.0002895243465900199,0.0004164343699812889,-0.0018805220059988637,0.0019477178817313562,0.020044594170980572,0.021024182144688333,0.0007666923105716927,-0.0001951400190591812,-0.0025820686750052113,0.0027005509379701294,0.024281396959759328,-0.0010562166571617126,0.0006115753203630447,0.0007015466690063477,0.0014077591158067227
ORIGINAL,4,measured,-0.00027849748730657264,0.0004458427429199219,-0.001882548563921227,0.001954565347429527,0.019440709041396276,0.020815240765113006,0.0009438000619411691,-0.0002971384674310684,-0.0025215103559134144,0.002708701589456844,0.025489797184844367,-0.0012222975492477417,0.0007429821416735649,0.0006389617919921875,0.0015666224603805283
ORIGINAL,5,measured,-0.00030973032116887733,0.0004591187462210655,-0.0019143774442312855,0.0019928782938163805,0.018863562399689282,0.02083150226448099,0.0010258458554744943,-0.0005143191665410995,-0.002255017989122643,0.002530215416823725,0.02938241207235564,-0.0013355761766433716,0.0009734397754073143,0.0003406405448913574,0.0016874195390554922
ORIGINAL,6,measured,-0.00034319832921025917,0.0004563331604003906,-0.0019476368360159535,0.002029609393814474,0.017646545247635044,0.020602517831215025,0.001031448692083381,-0.0010647536255419254,-0.0015358283452627797,0.002134562108165935,0.03796030463996293,-0.0013746470212936401,0.0015210858546197414,-0.00041180849075317383,0.0020911582540143045
ORIGINAL,7,measured,-0.00031721070408818886,0.00042859744280576706,-0.001887734168016686,0.001961595954284525,0.018087052682115908,0.020312769871898676,0.0009906344115734322,-0.0019194083288311958,-0.00020026706978060194,0.0021692376009599577,0.05627090028997081,-0.001307845115661621,0.002348005771636963,-0.001687467098236084,0.0031735051847806644
ORIGINAL,8,measured,-0.0003204740583896415,0.00040966272354125977,-0.0018802239827749867,0.001950838126181207,0.018857038657322647,0.020550635295117657,0.0009625755250454171,-0.0029837158508598804,0.0014912531443002086,0.003471735568915671,0.07547984254208039,-0.0012830495834350586,0.003393379505723715,-0.0033714771270751953,0.004952585054475068
ORIGINAL,9,measured,-0.0003538675606250541,0.00041895080357789993,-0.0019257619313833851,0.002002323910521662,0.01737612115616425,0.0203129173389989,0.0012299545109272225,-0.003959130495786667,0.001244430310285316,0.004328522747863873,0.07012467784198013,-0.0015838220715522766,0.004378079436719418,-0.003170192241668701,0.005632600709947225
ORIGINAL,10,measured,-0.00026586130261418983,0.00036269426345825195,-0.0019035890035269398,0.001955985801411126,0.018038293313124665,0.020255850697123635,0.0018583737313747628,-0.003995752893388271,-0.002276833289110436,0.004960197973557704,0.04539161148162287,-0.0021242350339889526,0.004358446225523949,0.0003732442855834961,0.004862894125634521
ORIGINAL,11,measured,-0.00030613914132116005,0.0003366135060787201,-0.0019004299573538441,0.0019541401815456843,0.018291910947841147,0.020344371130342796,0.001737353950738929,-0.004722604062408209,6.97419710519176e-05,0.0050325194309559194,0.06316044619166356,-0.002043493092060089,0.005059216637164354,-0.0019701719284057617,0.005801130443847645
ORIGINAL,12,measured,-0.0002920277416705863,0.0003379853442311287,-0.0018758728437063832,0.0019283187549197695,0.01815958020502978,0.020119337507734578,0.002042432874441169,-0.005614614579826593,-0.0019363119535086293,0.0062805041921727735,0.053912584124439465,-0.0023344606161117554,0.005952599924057722,6.0439109802246094e-05,0.0063942790922873055
ORIGINAL,13,measured,-0.00027718618512151405,0.0003182431682944298,-0.0018884494237539906,0.0019350328476449889,0.018487481788842727,0.020296053276675458,0.0019611097872257455,-0.005966076161712408,-0.001811917059862389,0.006536287921804396,0.052955459358666176,-0.0022382959723472595,0.006284321192651987,-7.653236389160156e-05,0.006671470521179247
ORIGINAL,14,measured,-0.0003185965120792167,0.0003528119996190071,-0.0019261195592520375,0.0019839144641635807,0.017901090159240258,0.020389932132346893,0.0018945761024952157,-0.006222648546099663,-0.0020764424733755726,0.006828058793072909,0.048476464741606586,-0.0022131726145744324,0.006575458683073521,0.00015032291412353516,0.006939552355391504
ORIGINAL,15,measured,0.000725781172513984,0.0010818811133503914,-0.0014346196584341664,0.0019378747684424347,0.023685779336388837,0.02258604216827054,0.0007770933210849984,-0.00947200646623969,-0.001779730551683678,0.009669034148391334,0.05545205029514564,-5.1312148571014404e-05,0.010553889442235231,0.0003451108932495117,0.01055965514702799
ORIGINAL,16,measured,0.009453644603490852,0.007375885732471943,0.000542824036634193,0.012002905671642292,0.09230367435085444,0.11743720002440006,-0.002301814407110192,-0.013419735245406628,-0.0027278020314810414,0.013886271909499,0.056690076696880955,0.011755459010601044,0.02079562097787857,0.0032706260681152344,0.024111110784925265
ORIGINAL,17,measured,0.015417864173650764,0.012656782753765583,0.001604084736860023,0.02001194076535779,0.16070191283096985,0.1982139773627785,-0.00669562295079229,-0.01737478142604232,-0.0011522128514883656,0.018655883542653684,0.05650396899037068,0.022113487124443054,0.03003156604245305,0.0027562975883483887,0.037396503154180916
ORIGINAL,18,measured,0.024962400645017646,0.021040542982518673,0.0048269674845101695,0.03300190161275728,0.1558389704282703,0.29398537049824114,-0.009220937639474847,-0.020222692284733057,-0.002326126330339684,0.022347121467848726,0.054378865787084674,0.03418333828449249,0.04126323526725173,0.0071530938148498535,0.05405850490086329
ORIGINAL,19,measured,0.03206322118639948,0.028157911263406277,0.0009210751123788219,0.04268215668084829,0.16981921693952165,0.3732676024870854,-0.009979883581399895,-0.022165949922055006,-0.0019509746961233754,0.02438716290408253,0.062364604582273137,0.04204310476779938,0.050323857460170984,0.0028720498085021973,0.06563811361008388
ORIGINAL,20,measured,0.03615207001566889,0.03282634261995554,0.0005807921953561168,0.04883521532454548,0.1887352035267075,0.425967241577301,-0.010340625792741753,-0.02295461716130376,-0.002337749236070885,0.025284541963387176,0.06337084675106744,0.046492695808410645,0.0557809597812593,0.002918541431427002,0.07267464565953402
HOLD_1,0,measured,-9.685754753796516e-09,0.0,4.536664710563798e-09,1.0695567859948657e-08,1.2366100382792498e-08,8.951018822143991e-08,-2.235174156872688e-09,0.0,4.536664710563798e-09,5.057403504529418e-09,3.8206726431492624e-08,-7.450580596923828e-09,0.0,0.0,7.450580596923828e-09
HOLD_1,1,measured,-0.0004974849522113578,0.0006437795236706734,-0.0017964794568655629,0.0019721262108988776,0.0268995485268542,0.024324528004135648,-0.00014045313000676796,-3.905128687620163e-05,-0.0004932238988516469,0.0005143169247981298,0.01695642625626489,-0.00035703182220458984,0.0006828298792243004,-0.001303255558013916,0.0015140024489816277
HOLD_1,2,N/A,,,,,,,,,,,,,,,
HOLD_1,3,N/A,,,,,,,,,,,,,,,
HOLD_1,4,N/A,,,,,,,,,,,,,,,
HOLD_1,5,N/A,,,,,,,,,,,,,,,
HOLD_1,6,N/A,,,,,,,,,,,,,,,
HOLD_1,7,N/A,,,,,,,,,,,,,,,
HOLD_1,8,N/A,,,,,,,,,,,,,,,
HOLD_1,9,N/A,,,,,,,,,,,,,,,
HOLD_1,10,N/A,,,,,,,,,,,,,,,
HOLD_1,11,N/A,,,,,,,,,,,,,,,
HOLD_1,12,N/A,,,,,,,,,,,,,,,
HOLD_1,13,N/A,,,,,,,,,,,,,,,
HOLD_1,14,N/A,,,,,,,,,,,,,,,
HOLD_1,15,N/A,,,,,,,,,,,,,,,
HOLD_1,16,N/A,,,,,,,,,,,,,,,
HOLD_1,17,N/A,,,,,,,,,,,,,,,
HOLD_1,18,N/A,,,,,,,,,,,,,,,
HOLD_1,19,N/A,,,,,,,,,,,,,,,
HOLD_1,20,N/A,,,,,,,,,,,,,,,
BLEND_5,0,measured,-9.685754753796516e-09,0.0,4.536664710563798e-09,1.0695567859948657e-08,1.2366100382792498e-08,8.951018822143991e-08,-2.235174156872688e-09,0.0,4.536664710563798e-09,5.057403504529418e-09,3.8206726431492624e-08,-7.450580596923828e-09,0.0,0.0,7.450580596923828e-09
BLEND_5,1,measured,-0.0004974849522113578,0.0006437664851546288,-0.0017964794568655629,0.0019721219546531775,0.026899452206407715,0.024324456699505174,-2.7293711900688855e-05,-3.1329691410064697e-06,-0.000637288325273766,0.0006378802173881847,0.01612698375739821,-0.00047019124031066895,0.0006468994542956352,-0.0011591911315917969,0.0014082907320556882
BLEND_5,2,measured,-0.0002015925943851249,0.0004047201946377754,-0.0019122316770193715,0.0019649600496332953,0.015355529604860687,0.019311299673427568,0.0003312505781650765,-3.630993887782097e-05,-0.0010232880048391957,0.001076180142004019,0.014962740891968994,-0.0005328431725502014,0.0004410301335155964,-0.0008889436721801758,0.0011263437652472377
BLEND_5,3,measured,-0.00028916671872136757,0.000415213406085968,-0.0018803431920645375,0.0019472313893713422,0.02003016607824575,0.021014939169907154,0.0008426584303379281,-5.8135949075222015e-05,-0.0018085195951101918,0.001996045125915742,0.016812902072944825,-0.0011318251490592957,0.0004733484238386154,-7.18235969543457e-05,0.0012289204723956138
BLEND_5,4,measured,-0.00027784183621404335,0.00044543948024511337,-0.0018824889592764515,0.0019543226699574373,0.01943952484260555,0.02081316674839536,0.0014779768884182198,-0.0001485738903284073,-0.0024837210111258168,0.00289402141400052,0.02776985274152749,-0.0017558187246322632,0.0005940133705735207,0.0006012320518493652,0.001948648572308609
BLEND_5,5,measured,-0.0003093130886554496,0.0004586195573210716,-0.0019143178395865101,0.0019926412813474764,0.0188632738573414,0.02082981156913107,0.0016066037118435128,-0.00042675528675317764,-0.002244169943773522,0.002792775375539106,0.031867665920259226,-0.0019159168004989624,0.0008853739127516747,0.0003298521041870117,0.002136217817183442
BLEND_5,6,measured,-0.00034278109669683143,0.0004558442160487175,-0.001947577231371178,0.0020293717997728203,0.017646451623103968,0.020600856800188704,0.001666148751974128,-0.000999376643449068,-0.0018962576322195668,0.002714884591824748,0.03756687848629337,-0.0020089298486709595,0.0014552189968526363,-5.131959915161133e-05,0.0024811479534560207
BLEND_5,7,measured,-0.0003167934715747611,0.0004281066358089447,-0.0018876745633719105,0.0019613639775567853,0.018087069716180276,0.02031122095858926,0.0015362255275249703,-0.0019682710990309715,-0.00021171116157747694,0.0025057736543104697,0.05910622140399863,-0.0018530189990997314,0.002396378666162491,-0.0016759634017944336,0.003461959480816848
BLEND_5,8,measured,-0.00032005682587621376,0.00040916260331869125,-0.0018801643781302113,0.001950607212263466,0.018856767989293033,0.0205490026963787,0.0012778244912624581,-0.003318049479275942,0.002339069611585365,0.004255999814994782,0.08975116481414555,-0.0015978813171386719,0.003727210219949484,-0.004219233989715576,0.0058521155309279324
BLEND_5,9,measured,-0.00035345032811162636,0.00041845347732305527,-0.0019257023267386097,0.0020020888837243137,0.01737592348135379,0.020311233355453664,0.0010888107120990975,-0.0051589589565992355,0.005356375939405189,0.0075160581082703215,0.12446621752298313,-0.0014422610402107239,0.00557741429656744,-0.007282078266143799,0.009285274956505513
BLEND_5,10,measured,-0.0002654440701007621,0.0003621932119131088,-0.0019035293988821644,0.0019557782720738786,0.018037948133287934,0.020254322439596885,0.0021277569234371407,-0.007209639064967632,-0.0005322649411795277,0.007535884217525564,0.07658277537385305,-0.002393200993537903,0.007571833208203316,-0.0013712644577026367,0.008058562858306674
BLEND_5,11,measured,-0.0003057219088077323,0.0003361096605658531,-0.0019003703527090687,0.0019539301591680104,0.018291656597638994,0.020342868587078355,0.0025540567934513314,-0.008214581292122602,-0.002005214922868981,0.008833087727174569,0.07823604749333897,-0.0028597787022590637,0.008550689090043306,0.00010484457015991211,0.009016851475119915
BLEND_5,12,measured,-0.0002916105091571586,0.0003374917432665825,-0.0018758132390616078,0.001928111167350787,0.018159617963867426,0.0201179710138134,0.002630104869604133,-0.009676829446107149,-0.0010868861608145375,0.010086614956502104,0.08738486744366589,-0.0029217153787612915,0.010014321189373732,-0.0007889270782470703,0.010461618210067762
BLEND_5,13,measured,-0.0002767689526080863,0.0003177439793944359,-0.0018883898191092152,0.0019348329122910132,0.018487221622534036,0.02029462422617704,0.0027580834925174935,-0.01098773954436183,-0.0027037217549917836,0.011646783082673346,0.08966678107227183,-0.00303485244512558,0.011305483523756266,0.0008153319358825684,0.011734097887578709
BLEND_5,14,measured,-0.00031817927956578895,0.0003523174673318863,-0.001926059954607262,0.0019837017418134935,0.017900998235961786,0.020388458954003607,0.0025663502514362557,-0.011390307918190956,-0.002223606341326012,0.011885692796191385,0.09127097026283178,-0.0028845295310020447,0.011742626316845417,0.00029754638671875,0.012095384131334682
BLEND_5,15,measured,0.0009627692401409371,0.0010635973885655403,-0.0013830616407034535,0.00199274271212074,0.021938662354211765,0.022128687568434245,0.0016951836645603402,-0.012671911623328924,-5.632185264803358e-05,0.012784919397365656,0.09371928138207516,-0.0007324144244194031,0.013735510874539614,-0.00132673978805542,0.013818861325699124
BLEND_5,16,measured,0.00957547649741175,0.007025203667581081,0.0017751500673653942,0.012008097038463124,0.062056685222321835,0.10828235994449682,-3.949031233785316e-05,-0.014345920644700527,-0.0023225500516531605,0.014532764271508961,0.09056480113085041,0.009614966809749603,0.02137112244963646,0.004097700119018555,0.023789989654796964
BLEND_5,17,measured,0.015428712218999885,0.011956398375332355,3.3621556318030876e-05,0.019519266206889433,0.10438351375126043,0.17692112729715753,-0.0010566063225269096,-0.015622514765709639,0.0006786630220773082,0.01567290553864071,0.1018671104341585,0.016485318541526794,0.027578913141041994,-0.0006450414657592773,0.03213686755035865
BLEND_5,18,measured,0.02483186647295954,0.021437893621623516,0.0008337543077828746,0.03281615488915002,0.12317279089516528,0.28553043411158363,-0.002727518230676629,-0.018078739289194345,-0.0024551107816336293,0.018447431770721535,0.09624825695852757,0.02755938470363617,0.03951663291081786,0.003288865089416504,0.04828975663044629
BLEND_5,19,measured,0.03218982145190241,0.0286085968837142,0.001235430008924232,0.04308320679878842,0.1449077658035308,0.3717966491545053,-0.0032671786844730155,-0.01857539964839816,-0.0027199938230154652,0.019055663070363823,0.09396695919231071,0.03545700013637543,0.04718399653211236,0.003955423831939697,0.05915381445945472
BLEND_5,20,measured,0.039695923775434516,0.03425075579434633,-0.0003779485158560414,0.05243113084751934,0.16352872609825758,0.45032164471085856,-0.005568171292543389,-0.020147853065282106,0.010789994961774574,0.023523700940932372,0.14103886698678725,0.045264095067977905,0.05439860885962844,-0.011167943477630615,0.0716433521668643
BLEND_5_COLD,0,measured,-9.685754753796516e-09,0.0,4.536664710563798e-09,1.0695567859948657e-08,1.2366100382792498e-08,8.951018822143991e-08,-2.235174156872688e-09,0.0,4.536664710563798e-09,5.057403504529418e-09,3.8206726431492624e-08,-7.450580596923828e-09,0.0,0.0,7.450580596923828e-09
BLEND_5_COLD,1,measured,-0.0004974849522113578,0.0006437664851546288,-0.0017964794568655629,0.0019721219546531775,0.026899452206407715,0.024324456699505174,-2.7293711900688855e-05,-3.1329691410064697e-06,-0.000637288325273766,0.0006378802173881847,0.01612698375739821,-0.00047019124031066895,0.0006468994542956352,-0.0011591911315917969,0.0014082907320556882
BLEND_5_COLD,2,measured,-0.0002015925943851249,0.0004047201946377754,-0.0019122316770193715,0.0019649600496332953,0.015355529604860687,0.019311299673427568,0.0003312505781650765,-3.630993887782097e-05,-0.0010232880048391957,0.001076180142004019,0.014962740891968994,-0.0005328431725502014,0.0004410301335155964,-0.0008889436721801758,0.0011263437652472377
BLEND_5_COLD,3,measured,-0.00028916671872136757,0.000415213406085968,-0.0018803431920645375,0.0019472313893713422,0.02003016607824575,0.021014939169907154,0.0008426584303379281,-5.8135949075222015e-05,-0.0018085195951101918,0.001996045125915742,0.016812902072944825,-0.0011318251490592957,0.0004733484238386154,-7.18235969543457e-05,0.0012289204723956138
BLEND_5_COLD,4,measured,-0.00027784183621404335,0.00044543948024511337,-0.0018824889592764515,0.0019543226699574373,0.01943952484260555,0.02081316674839536,0.0014779768884182198,-0.0001485738903284073,-0.0024837210111258168,0.00289402141400052,0.02776985274152749,-0.0017558187246322632,0.0005940133705735207,0.0006012320518493652,0.001948648572308609
BLEND_5_COLD,5,measured,-0.0003093130886554496,0.0004586195573210716,-0.0019143178395865101,0.0019926412813474764,0.0188632738573414,0.02082981156913107,0.0016066037118435128,-0.00042675528675317764,-0.002244169943773522,0.002792775375539106,0.031867665920259226,-0.0019159168004989624,0.0008853739127516747,0.0003298521041870117,0.002136217817183442
BLEND_5_COLD,6,measured,-0.00034278109669683143,0.0004558442160487175,-0.001947577231371178,0.0020293717997728203,0.017646451623103968,0.020600856800188704,0.001666148751974128,-0.000999376643449068,-0.0018962576322195668,0.002714884591824748,0.03756687848629337,-0.0020089298486709595,0.0014552189968526363,-5.131959915161133e-05,0.0024811479534560207
BLEND_5_COLD,7,measured,-0.0003167934715747611,0.0004281066358089447,-0.0018876745633719105,0.0019613639775567853,0.018087069716180276,0.02031122095858926,0.0015362255275249703,-0.0019682710990309715,-0.00021171116157747694,0.0025057736543104697,0.05910622140399863,-0.0018530189990997314,0.002396378666162491,-0.0016759634017944336,0.003461959480816848
BLEND_5_COLD,8,measured,-0.00032005682587621376,0.00040916260331869125,-0.0018801643781302113,0.001950607212263466,0.018856767989293033,0.0205490026963787,0.0012778244912624581,-0.003318049479275942,0.002339069611585365,0.004255999814994782,0.08975116481414555,-0.0015978813171386719,0.003727210219949484,-0.004219233989715576,0.0058521155309279324
BLEND_5_COLD,9,measured,-0.00035345032811162636,0.00041845347732305527,-0.0019257023267386097,0.0020020888837243137,0.01737592348135379,0.020311233355453664,0.0010888107120990975,-0.0051589589565992355,0.005356375939405189,0.0075160581082703215,0.12446621752298313,-0.0014422610402107239,0.00557741429656744,-0.007282078266143799,0.009285274956505513
BLEND_5_COLD,10,measured,-0.0002654440701007621,0.0003621932119131088,-0.0019035293988821644,0.0019557782720738786,0.018037948133287934,0.020254322439596885,0.0021277569234371407,-0.007209639064967632,-0.0005322649411795277,0.007535884217525564,0.07658277537385305,-0.002393200993537903,0.007571833208203316,-0.0013712644577026367,0.008058562858306674
BLEND_5_COLD,11,measured,-0.0003057219088077323,0.0003361096605658531,-0.0019003703527090687,0.0019539301591680104,0.018291656597638994,0.020342868587078355,0.0025540567934513314,-0.008214581292122602,-0.002005214922868981,0.008833087727174569,0.07823604749333897,-0.0028597787022590637,0.008550689090043306,0.00010484457015991211,0.009016851475119915
BLEND_5_COLD,12,measured,-0.0002916105091571586,0.0003374917432665825,-0.0018758132390616078,0.001928111167350787,0.018159617963867426,0.0201179710138134,0.002630104869604133,-0.009676829446107149,-0.0010868861608145375,0.010086614956502104,0.08738486744366589,-0.0029217153787612915,0.010014321189373732,-0.0007889270782470703,0.010461618210067762
BLEND_5_COLD,13,measured,-0.0002767689526080863,0.0003177439793944359,-0.0018883898191092152,0.0019348329122910132,0.018487221622534036,0.02029462422617704,0.0027580834925174935,-0.01098773954436183,-0.0027037217549917836,0.011646783082673346,0.08966678107227183,-0.00303485244512558,0.011305483523756266,0.0008153319358825684,0.011734097887578709
BLEND_5_COLD,14,measured,-0.00031817927956578895,0.0003523174673318863,-0.001926059954607262,0.0019837017418134935,0.017900998235961786,0.020388458954003607,0.0025663502514362557,-0.011390307918190956,-0.002223606341326012,0.011885692796191385,0.09127097026283178,-0.0028845295310020447,0.011742626316845417,0.00029754638671875,0.012095384131334682
BLEND_5_COLD,15,measured,0.0009627692401409371,0.0010635973885655403,-0.0013830616407034535,0.00199274271212074,0.021938662354211765,0.022128687568434245,0.0016951836645603402,-0.012671911623328924,-5.632185264803358e-05,0.012784919397365656,0.09371928138207516,-0.0007324144244194031,0.013735510874539614,-0.00132673978805542,0.013818861325699124
BLEND_5_COLD,16,measured,0.00957547649741175,0.007025203667581081,0.0017751500673653942,0.012008097038463124,0.062056685222321835,0.10828235994449682,-3.949031233785316e-05,-0.014345920644700527,-0.0023225500516531605,0.014532764271508961,0.09056480113085041,0.009614966809749603,0.02137112244963646,0.004097700119018555,0.023789989654796964
BLEND_5_COLD,17,measured,0.015428712218999885,0.011956398375332355,3.3621556318030876e-05,0.019519266206889433,0.10438351375126043,0.17692112729715753,-0.0010566063225269096,-0.015622514765709639,0.0006786630220773082,0.01567290553864071,0.1018671104341585,0.016485318541526794,0.027578913141041994,-0.0006450414657592773,0.03213686755035865
BLEND_5_COLD,18,measured,0.02483186647295954,0.021437893621623516,0.0008337543077828746,0.03281615488915002,0.12317279089516528,0.28553043411158363,-0.002727518230676629,-0.018078739289194345,-0.0024551107816336293,0.018447431770721535,0.09624825695852757,0.02755938470363617,0.03951663291081786,0.003288865089416504,0.04828975663044629
BLEND_5_COLD,19,measured,0.03218982145190241,0.0286085968837142,0.001235430008924232,0.04308320679878842,0.1449077658035308,0.3717966491545053,-0.0032671786844730155,-0.01857539964839816,-0.0027199938230154652,0.019055663070363823,0.09396695919231071,0.03545700013637543,0.04718399653211236,0.003955423831939697,0.05915381445945472
BLEND_5_COLD,20,measured,0.039695923775434516,0.03425075579434633,-0.0003779485158560414,0.05243113084751934,0.16352872609825758,0.45032164471085856,-0.005568171292543389,-0.020147853065282106,0.010789994961774574,0.023523700940932372,0.14103886698678725,0.045264095067977905,0.05439860885962844,-0.011167943477630615,0.0716433521668643
