condition,substep,time_s,tool_position_delta_vs_original_m,target_position_delta_vs_original_m,pair_position_delta_vs_original_m,maximum_qpos_delta_vs_original
ORIGINAL,0,0.0033333334140479565,0.0,0.0,0.0,0.0
ORIGINAL,1,0.006666666828095913,0.0,0.0,0.0,0.0
ORIGINAL,2,0.009999999776482582,0.0,0.0,0.0,0.0
ORIGINAL,3,0.013333333656191826,0.0,0.0,0.0,0.0
ORIGINAL,4,0.01666666753590107,0.0,0.0,0.0,0.0
ORIGINAL,5,0.020000001415610313,0.0,0.0,0.0,0.0
ORIGINAL,6,0.023333335295319557,0.0,0.0,0.0,0.0
ORIGINAL,7,0.0266666691750288,0.0,0.0,0.0,0.0
ORIGINAL,8,0.030000003054738045,0.0,0.0,0.0,0.0
ORIGINAL,9,0.03333333507180214,0.0,0.0,0.0,0.0
HOLD_1,0,0.0033333334140479565,0.0,0.00012291914026718587,0.00012291893654037267,0.00023937225341796875
HOLD_1,1,0.006666666828095913,0.0,0.00026850641006603837,0.0002685061772353947,0.0007735695689916611
HOLD_1,2,0.009999999776482582,0.0,0.00046179108903743327,0.00046179129276424646,0.001752636395394802
HOLD_1,3,0.013333333656191826,0.0,0.0005525322631001472,0.0005525327287614346,0.003479978535324335
HOLD_1,4,0.01666666753590107,0.0,0.0003669998550321907,0.0003669998550321907,0.005447296425700188
HOLD_1,5,0.020000001415610313,0.0,0.0002854792692232877,0.00028548005502671003,0.004411195870488882
HOLD_1,6,0.023333335295319557,0.0,0.00030826410511508584,0.00030826410511508584,0.004567146301269531
HOLD_1,7,0.0266666691750288,0.0,0.00038260017754510045,0.0003825996827799827,0.0055228471755981445
HOLD_1,8,0.030000003054738045,1.862645149230957e-09,0.0005009046872146428,0.0005009033484384418,0.006494641304016113
HOLD_1,9,0.03333333507180214,1.862645149230957e-09,0.0005628485232591629,0.0005628485232591629,0.007464051246643066
BLEND_5,0,0.0033333334140479565,0.0,0.0001161534819402732,0.00011615329276537523,0.00022554397583007812
BLEND_5,1,0.006666666828095913,0.0,0.00022259404067881405,0.00022259347315412015,0.0006557321175932884
BLEND_5,2,0.009999999776482582,0.0,0.0003781474370043725,0.0003781474370043725,0.0014355313032865524
BLEND_5,3,0.013333333656191826,0.0,0.00045687559759244323,0.0004568762378767133,0.0030225529335439205
BLEND_5,4,0.01666666753590107,0.0,0.00029907780117355287,0.00029907780117355287,0.004873753059655428
BLEND_5,5,0.020000001415610313,9.313225746154785e-10,0.00023955039796419442,0.00023955224605742842,0.0037725763395428658
BLEND_5,6,0.023333335295319557,9.313225746154785e-10,0.00025608332362025976,0.00025608501164242625,0.004319310188293457
BLEND_5,7,0.0266666691750288,5.587935447692871e-09,0.00032654707320034504,0.0003265500708948821,0.005224704742431641
BLEND_5,8,0.030000003054738045,7.450580596923828e-09,0.0003776541561819613,0.0003776576486416161,0.006142973899841309
BLEND_5,9,0.03333333507180214,1.1175870895385742e-08,0.0004094362666364759,0.0004094421165063977,0.007062792778015137
BLEND_5_COLD,0,0.0033333334140479565,0.0,0.0001161534819402732,0.00011615329276537523,0.00022554397583007812
BLEND_5_COLD,1,0.006666666828095913,0.0,0.00022259404067881405,0.00022259347315412015,0.0006557321175932884
BLEND_5_COLD,2,0.009999999776482582,0.0,0.0003781474370043725,0.0003781474370043725,0.0014355313032865524
BLEND_5_COLD,3,0.013333333656191826,0.0,0.00045687559759244323,0.0004568762378767133,0.0030225529335439205
BLEND_5_COLD,4,0.01666666753590107,0.0,0.00029907780117355287,0.00029907780117355287,0.004873753059655428
BLEND_5_COLD,5,0.020000001415610313,9.313225746154785e-10,0.00023955039796419442,0.00023955224605742842,0.0037725763395428658
BLEND_5_COLD,6,0.023333335295319557,9.313225746154785e-10,0.00025608332362025976,0.00025608501164242625,0.004319310188293457
BLEND_5_COLD,7,0.0266666691750288,5.587935447692871e-09,0.00032654707320034504,0.0003265500708948821,0.005224704742431641
BLEND_5_COLD,8,0.030000003054738045,7.450580596923828e-09,0.0003776541561819613,0.0003776576486416161,0.006142973899841309
BLEND_5_COLD,9,0.03333333507180214,1.1175870895385742e-08,0.0004094362666364759,0.0004094421165063977,0.007062792778015137
