case_id,method,model,preprocessing_seconds,model_sampling_seconds,solve_seconds,peak_rss_delta_kib,answer_status
4c28d9f666dd4c8abe85a6a76588181a,CURRENT_FIXED,WORLD_FIXED,0.20824696496129036,0.007172774523496628,16.66940218769014,27148,STOPPED
4c28d9f666dd4c8abe85a6a76588181a,CURRENT_FIXED,CAMERA_LOCAL,0.20824696496129036,0.007172774523496628,3.2171376701444387,24296,OUTPUT_ALTERNATIVE_MODEL_NO_UNIQUE_TRUTH_COMPARISON
3ba9fd0ecf7d4c1090a3fc9ad48d8740,CURRENT_FIXED,WORLD_FIXED,0.002441907301545143,0.0005991067737340927,0.5334665719419718,0,OUTPUT_WITHOUT_IDENTIFIABILITY_CERTIFICATE
3ba9fd0ecf7d4c1090a3fc9ad48d8740,CURRENT_FIXED,CAMERA_LOCAL,0.002441907301545143,0.0005991067737340927,0.32825091667473316,0,OUTPUT_WITHOUT_IDENTIFIABILITY_CERTIFICATE
61b2c63680b94806b73b1cb28d85de38,CURRENT_FIXED,WORLD_FIXED,0.001368088647723198,0.00024193152785301208,0.3032118249684572,0,OUTPUT_ALTERNATIVE_MODEL_NO_UNIQUE_TRUTH_COMPARISON
61b2c63680b94806b73b1cb28d85de38,CURRENT_FIXED,CAMERA_LOCAL,0.001368088647723198,0.00024193152785301208,0.24155925959348679,0,OUTPUT
95a90168c3e044dc8ed518992c44c9ed,CURRENT_FIXED,WORLD_FIXED,0.000881880521774292,0.0001781657338142395,1.1710116676986217,0,OUTPUT
95a90168c3e044dc8ed518992c44c9ed,CURRENT_FIXED,CAMERA_LOCAL,0.000881880521774292,0.0001781657338142395,0.19254779256880283,0,OUTPUT_ALTERNATIVE_MODEL_NO_UNIQUE_TRUTH_COMPARISON
c331fd6ad8e54d669cb213403c65116d,CURRENT_FIXED,WORLD_FIXED,0.20618151128292084,0.011133154854178429,3.704215569421649,0,OUTPUT_ALTERNATIVE_MODEL_NO_UNIQUE_TRUTH_COMPARISON
c331fd6ad8e54d669cb213403c65116d,CURRENT_FIXED,CAMERA_LOCAL,0.20618151128292084,0.011133154854178429,5.684143492951989,404,OUTPUT
16068ca95f804ff88a0427a11f80ede8,CURRENT_FIXED,WORLD_FIXED,0.19854833744466305,0.006735268980264664,5.974112743511796,15424,OUTPUT
16068ca95f804ff88a0427a11f80ede8,CURRENT_FIXED,CAMERA_LOCAL,0.19854833744466305,0.006735268980264664,4.723432764410973,15520,OUTPUT_ALTERNATIVE_MODEL_NO_UNIQUE_TRUTH_COMPARISON
62b3e8164a8a4b0089924f4e8908009a,CURRENT_FIXED,WORLD_FIXED,0.19958141446113586,0.006415810436010361,17.76126280426979,14348,STOPPED
62b3e8164a8a4b0089924f4e8908009a,CURRENT_FIXED,CAMERA_LOCAL,0.19958141446113586,0.006415810436010361,4.829186849296093,15176,OUTPUT_ALTERNATIVE_MODEL_NO_UNIQUE_TRUTH_COMPARISON
a86cf6e5ba4f4b4cb6b5d3f0d2cdf7c4,CURRENT_FIXED,WORLD_FIXED,0.001499868929386139,0.0003386065363883972,0.34492451325058937,0,STOPPED_INFORMATION_INSUFFICIENT
a86cf6e5ba4f4b4cb6b5d3f0d2cdf7c4,CURRENT_FIXED,CAMERA_LOCAL,0.001499868929386139,0.0003386065363883972,0.5522486474364996,0,STOPPED_INFORMATION_INSUFFICIENT
2d510a4d4a3949b09dfa947878b1109b,CURRENT_FIXED,WORLD_FIXED,0.0014081168919801712,0.00016675889492034912,0.17747661471366882,0,OUTPUT_ALTERNATIVE_MODEL_NO_UNIQUE_TRUTH_COMPARISON
2d510a4d4a3949b09dfa947878b1109b,CURRENT_FIXED,CAMERA_LOCAL,0.0014081168919801712,0.00016675889492034912,0.06304220110177994,0,OUTPUT
38966a1d743349c98959d1d60a8fe011,CURRENT_FIXED,WORLD_FIXED,0.0009151920676231384,0.00021523237228393555,0.2371381837874651,0,OUTPUT_ALTERNATIVE_MODEL_NO_UNIQUE_TRUTH_COMPARISON
38966a1d743349c98959d1d60a8fe011,CURRENT_FIXED,CAMERA_LOCAL,0.0009151920676231384,0.00021523237228393555,0.2656801138073206,0,OUTPUT
d0a112c217d44081b2e4e6c8fbfc049f,CURRENT_FIXED,WORLD_FIXED,0.19879386387765408,0.006638955324888229,3.4577196426689625,0,OUTPUT_ALTERNATIVE_MODEL_NO_UNIQUE_TRUTH_COMPARISON
d0a112c217d44081b2e4e6c8fbfc049f,CURRENT_FIXED,CAMERA_LOCAL,0.19879386387765408,0.006638955324888229,4.730910832062364,0,OUTPUT
d833a84a788a44c3999fc34090c9719b,CURRENT_FIXED,WORLD_FIXED,0.0015154015272855759,0.00031386129558086395,0.05318443104624748,0,OUTPUT_ALTERNATIVE_MODEL_NO_UNIQUE_TRUTH_COMPARISON
d833a84a788a44c3999fc34090c9719b,CURRENT_FIXED,CAMERA_LOCAL,0.0015154015272855759,0.00031386129558086395,0.05296487361192703,0,OUTPUT
811fe61ae2cc47c688a2a1d3cf5d27a7,CURRENT_FIXED,WORLD_FIXED,0.20148755051195621,0.006534367799758911,3.355286492034793,0,OUTPUT
811fe61ae2cc47c688a2a1d3cf5d27a7,CURRENT_FIXED,CAMERA_LOCAL,0.20148755051195621,0.006534367799758911,3.6901149824261665,0,OUTPUT_ALTERNATIVE_MODEL_NO_UNIQUE_TRUTH_COMPARISON
0d0eaac4669b41c3ab399a00a2af2d2b,CURRENT_FIXED,WORLD_FIXED,0.19976120442152023,0.006550950929522514,15.155096950009465,0,OUTPUT
0d0eaac4669b41c3ab399a00a2af2d2b,CURRENT_FIXED,CAMERA_LOCAL,0.19976120442152023,0.006550950929522514,4.984877705574036,0,OUTPUT_ALTERNATIVE_MODEL_NO_UNIQUE_TRUTH_COMPARISON
15b25d6b7521453abee0455fc66ecbb6,CURRENT_FIXED,WORLD_FIXED,0.001568719744682312,0.0002554226666688919,0.3510312642902136,0,STOPPED_INFORMATION_INSUFFICIENT
15b25d6b7521453abee0455fc66ecbb6,CURRENT_FIXED,CAMERA_LOCAL,0.001568719744682312,0.0002554226666688919,0.36870693042874336,0,OUTPUT_WITHOUT_IDENTIFIABILITY_CERTIFICATE
89011a2ead624e698e42ce0abc69dff2,CURRENT_FIXED,WORLD_FIXED,0.20164147950708866,0.006583159789443016,3.869464874267578,0,OUTPUT_ALTERNATIVE_MODEL_NO_UNIQUE_TRUTH_COMPARISON
89011a2ead624e698e42ce0abc69dff2,CURRENT_FIXED,CAMERA_LOCAL,0.20164147950708866,0.006583159789443016,4.555569499731064,0,OUTPUT
2ebce00c7f6d4bfaab41db93dd0e2c25,CURRENT_FIXED,WORLD_FIXED,0.0021077487617731094,0.00018887408077716827,0.0009619425982236862,0,STOPPED
2ebce00c7f6d4bfaab41db93dd0e2c25,CURRENT_FIXED,CAMERA_LOCAL,0.0021077487617731094,0.00018887408077716827,0.0006156321614980698,0,STOPPED
92c840c690094719a5435b8ac0fc5268,CURRENT_FIXED,WORLD_FIXED,0.0008512157946825027,0.00015995092689990997,0.21725255623459816,0,OUTPUT_ALTERNATIVE_MODEL_NO_UNIQUE_TRUTH_COMPARISON
92c840c690094719a5435b8ac0fc5268,CURRENT_FIXED,CAMERA_LOCAL,0.0008512157946825027,0.00015995092689990997,1.6724721807986498,0,OUTPUT
b189d7d17bec43978637e80534727d21,CURRENT_FIXED,WORLD_FIXED,0.19994141533970833,0.006400665268301964,4.513515528291464,0,OUTPUT_ALTERNATIVE_MODEL_NO_UNIQUE_TRUTH_COMPARISON
b189d7d17bec43978637e80534727d21,CURRENT_FIXED,CAMERA_LOCAL,0.19994141533970833,0.006400665268301964,4.285609183833003,0,OUTPUT
4d43ec3416434c6dba1151fc64b3afa6,CURRENT_FIXED,WORLD_FIXED,0.2004895657300949,0.006419224664568901,6.123162653297186,0,OUTPUT
4d43ec3416434c6dba1151fc64b3afa6,CURRENT_FIXED,CAMERA_LOCAL,0.2004895657300949,0.006419224664568901,4.95200378075242,0,OUTPUT_ALTERNATIVE_MODEL_NO_UNIQUE_TRUTH_COMPARISON
7522e4f6d327441baa991f95a4a74ef2,CURRENT_FIXED,WORLD_FIXED,0.20313482731580734,0.006407406181097031,0.6375511065125465,0,OUTPUT_ALTERNATIVE_MODEL_NO_UNIQUE_TRUTH_COMPARISON
7522e4f6d327441baa991f95a4a74ef2,CURRENT_FIXED,CAMERA_LOCAL,0.20313482731580734,0.006407406181097031,0.8155144173651934,0,OUTPUT
39b31a9f2dbb475e9ff96c0bbaa16445,CURRENT_FIXED,WORLD_FIXED,0.0022340547293424606,0.00033931806683540344,0.5107859801501036,0,OUTPUT_WITHOUT_IDENTIFIABILITY_CERTIFICATE
39b31a9f2dbb475e9ff96c0bbaa16445,CURRENT_FIXED,CAMERA_LOCAL,0.0022340547293424606,0.00033931806683540344,0.37825785018503666,0,OUTPUT_WITHOUT_IDENTIFIABILITY_CERTIFICATE
0d739c353a2243f7add2a9694b908956,CURRENT_FIXED,WORLD_FIXED,0.0013741161674261093,0.00014221109449863434,0.2346506044268608,0,OUTPUT
0d739c353a2243f7add2a9694b908956,CURRENT_FIXED,CAMERA_LOCAL,0.0013741161674261093,0.00014221109449863434,0.17160021513700485,0,OUTPUT_ALTERNATIVE_MODEL_NO_UNIQUE_TRUTH_COMPARISON
ba152c587fc84b70bb6ef936f6d845a4,CURRENT_FIXED,WORLD_FIXED,0.20193449780344963,0.006367186084389687,4.0190826915204525,0,OUTPUT_ALTERNATIVE_MODEL_NO_UNIQUE_TRUTH_COMPARISON
ba152c587fc84b70bb6ef936f6d845a4,CURRENT_FIXED,CAMERA_LOCAL,0.20193449780344963,0.006367186084389687,17.66706203110516,0,STOPPED
904d992d3e1944059c7c57f9c779a8e0,CURRENT_FIXED,WORLD_FIXED,0.19996261596679688,0.006541816517710686,0.825496319681406,0,OUTPUT
904d992d3e1944059c7c57f9c779a8e0,CURRENT_FIXED,CAMERA_LOCAL,0.19996261596679688,0.006541816517710686,0.6341047715395689,0,OUTPUT_ALTERNATIVE_MODEL_NO_UNIQUE_TRUTH_COMPARISON
642e1208e14d41cf8d62c915b95a109f,CURRENT_FIXED,WORLD_FIXED,0.0015457551926374435,0.00024373643100261688,0.26588828302919865,0,OUTPUT_WITHOUT_IDENTIFIABILITY_CERTIFICATE
642e1208e14d41cf8d62c915b95a109f,CURRENT_FIXED,CAMERA_LOCAL,0.0015457551926374435,0.00024373643100261688,0.2701325099915266,0,OUTPUT_WITHOUT_IDENTIFIABILITY_CERTIFICATE
275076508c8b4fabbd81606e507b6e5b,CURRENT_FIXED,WORLD_FIXED,0.0008648168295621872,0.0001669079065322876,0.28583453223109245,0,OUTPUT_ALTERNATIVE_MODEL_NO_UNIQUE_TRUTH_COMPARISON
275076508c8b4fabbd81606e507b6e5b,CURRENT_FIXED,CAMERA_LOCAL,0.0008648168295621872,0.0001669079065322876,1.3687502481043339,0,OUTPUT
07c581eb235040f8b2bcf26af0aaf020,CURRENT_FIXED,WORLD_FIXED,0.0008727274835109711,0.00020491890609264374,0.24237319082021713,0,OUTPUT
07c581eb235040f8b2bcf26af0aaf020,CURRENT_FIXED,CAMERA_LOCAL,0.0008727274835109711,0.00020491890609264374,0.2983627300709486,0,OUTPUT_ALTERNATIVE_MODEL_NO_UNIQUE_TRUTH_COMPARISON
0a72517e954d49879a04e98843dee22b,CURRENT_FIXED,WORLD_FIXED,0.0008730795234441757,0.0001644957810640335,0.7346348222345114,0,OUTPUT
0a72517e954d49879a04e98843dee22b,CURRENT_FIXED,CAMERA_LOCAL,0.0008730795234441757,0.0001644957810640335,0.19969210401177406,0,OUTPUT_ALTERNATIVE_MODEL_NO_UNIQUE_TRUTH_COMPARISON
0613bd6004934d7e9a4d9bb9ee1b917f,CURRENT_FIXED,WORLD_FIXED,0.0008930359035730362,0.0001568831503391266,0.14732485823333263,0,OUTPUT
0613bd6004934d7e9a4d9bb9ee1b917f,CURRENT_FIXED,CAMERA_LOCAL,0.0008930359035730362,0.0001568831503391266,0.1744672656059265,0,OUTPUT_ALTERNATIVE_MODEL_NO_UNIQUE_TRUTH_COMPARISON
b64258d87dfd4efd834c86f47193d529,CURRENT_FIXED,WORLD_FIXED,0.0012740902602672577,0.00013313814997673035,0.00020113959908485413,0,STOPPED
b64258d87dfd4efd834c86f47193d529,CURRENT_FIXED,CAMERA_LOCAL,0.0012740902602672577,0.00013313814997673035,0.00012197345495223999,0,STOPPED
97c58d07be404adfbc9ac8d302006599,CURRENT_FIXED,WORLD_FIXED,0.0008566733449697495,0.00015879608690738678,0.8644764255732298,0,OUTPUT
97c58d07be404adfbc9ac8d302006599,CURRENT_FIXED,CAMERA_LOCAL,0.0008566733449697495,0.00015879608690738678,0.23551760986447334,0,OUTPUT_ALTERNATIVE_MODEL_NO_UNIQUE_TRUTH_COMPARISON
b1ab0b082ec0459a9a06d409c0577a76,CURRENT_FIXED,WORLD_FIXED,0.2012408096343279,0.006485613062977791,3.7710284050554037,0,OUTPUT_ALTERNATIVE_MODEL_NO_UNIQUE_TRUTH_COMPARISON
b1ab0b082ec0459a9a06d409c0577a76,CURRENT_FIXED,CAMERA_LOCAL,0.2012408096343279,0.006485613062977791,17.49803962185979,0,STOPPED
76b500a228de45b6a7759de2d90889cc,CURRENT_FIXED,WORLD_FIXED,0.19951658695936203,0.006471011787652969,3.859504507854581,0,OUTPUT_ALTERNATIVE_MODEL_NO_UNIQUE_TRUTH_COMPARISON
76b500a228de45b6a7759de2d90889cc,CURRENT_FIXED,CAMERA_LOCAL,0.19951658695936203,0.006471011787652969,4.159581927582622,0,OUTPUT
55d9ad951e0b46c0a1876eba953db1d0,CURRENT_FIXED,WORLD_FIXED,0.0016831420361995697,0.0002424735575914383,0.051172927021980286,0,OUTPUT
55d9ad951e0b46c0a1876eba953db1d0,CURRENT_FIXED,CAMERA_LOCAL,0.0016831420361995697,0.0002424735575914383,0.05334664136171341,0,OUTPUT_ALTERNATIVE_MODEL_NO_UNIQUE_TRUTH_COMPARISON
857cb8e146294f459f1829f0aee52e9f,CURRENT_FIXED,WORLD_FIXED,0.0008436143398284912,0.00016492977738380432,0.22431877069175243,0,OUTPUT
857cb8e146294f459f1829f0aee52e9f,CURRENT_FIXED,CAMERA_LOCAL,0.0008436143398284912,0.00016492977738380432,0.25429677590727806,0,OUTPUT_ALTERNATIVE_MODEL_NO_UNIQUE_TRUTH_COMPARISON
c6525673188d4350ac0bfbd905453f19,CURRENT_FIXED,WORLD_FIXED,0.0009200479835271835,0.00016908347606658936,0.3636032100766897,0,OUTPUT_ALTERNATIVE_MODEL_NO_UNIQUE_TRUTH_COMPARISON
c6525673188d4350ac0bfbd905453f19,CURRENT_FIXED,CAMERA_LOCAL,0.0009200479835271835,0.00016908347606658936,0.26388444006443024,0,OUTPUT
0aaff379548944648a7414c130a181fa,CURRENT_FIXED,WORLD_FIXED,0.0011950507760047913,0.00014553777873516083,2.088211476802826e-05,0,STOPPED_INFORMATION_INSUFFICIENT
0aaff379548944648a7414c130a181fa,CURRENT_FIXED,CAMERA_LOCAL,0.0011950507760047913,0.00014553777873516083,7.711350917816162e-06,0,STOPPED_INFORMATION_INSUFFICIENT
55da8ade46264d6b8fd1cc63e3eb03bb,CURRENT_FIXED,WORLD_FIXED,0.20175685361027718,0.006721919402480125,18.038768883794546,0,STOPPED
55da8ade46264d6b8fd1cc63e3eb03bb,CURRENT_FIXED,CAMERA_LOCAL,0.20175685361027718,0.006721919402480125,5.71852714009583,0,OUTPUT_ALTERNATIVE_MODEL_NO_UNIQUE_TRUTH_COMPARISON
9bcd56d2f8b94a9fb7d9128fdd743677,CURRENT_FIXED,WORLD_FIXED,0.0019513238221406937,0.0001827329397201538,2.170354127883911e-05,0,STOPPED
9bcd56d2f8b94a9fb7d9128fdd743677,CURRENT_FIXED,CAMERA_LOCAL,0.0019513238221406937,0.0001827329397201538,9.98564064502716e-06,0,STOPPED
4b8e0982b94b4b568b7bb68c1a70349b,CURRENT_FIXED,WORLD_FIXED,0.0008964147418737411,0.00016135163605213165,1.1899787057191133,0,OUTPUT
4b8e0982b94b4b568b7bb68c1a70349b,CURRENT_FIXED,CAMERA_LOCAL,0.0008964147418737411,0.00016135163605213165,0.32892511039972305,0,OUTPUT_ALTERNATIVE_MODEL_NO_UNIQUE_TRUTH_COMPARISON
46451fd3bbb747cabbb545e992f66693,CURRENT_FIXED,WORLD_FIXED,0.0008039530366659164,0.0001561436802148819,0.25192253291606903,0,OUTPUT
46451fd3bbb747cabbb545e992f66693,CURRENT_FIXED,CAMERA_LOCAL,0.0008039530366659164,0.0001561436802148819,0.3994290754199028,0,OUTPUT_ALTERNATIVE_MODEL_NO_UNIQUE_TRUTH_COMPARISON
f0f816a3832546698dc2e94ed0eac510,CURRENT_FIXED,WORLD_FIXED,0.0012037325650453568,0.00013646483421325684,0.000796416774392128,0,STOPPED
f0f816a3832546698dc2e94ed0eac510,CURRENT_FIXED,CAMERA_LOCAL,0.0012037325650453568,0.00013646483421325684,0.000610819086432457,0,STOPPED
1c5086f5a650429cb0f97e52ddb70275,CURRENT_FIXED,WORLD_FIXED,0.001212162896990776,0.00014460831880569458,0.17724228277802467,0,OUTPUT_ALTERNATIVE_MODEL_NO_UNIQUE_TRUTH_COMPARISON
1c5086f5a650429cb0f97e52ddb70275,CURRENT_FIXED,CAMERA_LOCAL,0.001212162896990776,0.00014460831880569458,0.14739356748759747,0,OUTPUT
59fd65482a55445eba3ae057c7192e47,CURRENT_FIXED,WORLD_FIXED,0.0008233450353145599,0.00014807283878326416,0.20511367544531822,0,OUTPUT_ALTERNATIVE_MODEL_NO_UNIQUE_TRUTH_COMPARISON
59fd65482a55445eba3ae057c7192e47,CURRENT_FIXED,CAMERA_LOCAL,0.0008233450353145599,0.00014807283878326416,1.6964578200131655,0,OUTPUT
0e9d25928694496596c62b5d8361a298,CURRENT_FIXED,WORLD_FIXED,0.0008689127862453461,0.00015452131628990173,0.20372013561427593,0,OUTPUT_ALTERNATIVE_MODEL_NO_UNIQUE_TRUTH_COMPARISON
0e9d25928694496596c62b5d8361a298,CURRENT_FIXED,CAMERA_LOCAL,0.0008689127862453461,0.00015452131628990173,0.1892922017723322,0,OUTPUT
63ec2f78549f40a8b5ba674733364339,CURRENT_FIXED,WORLD_FIXED,0.0008749198168516159,0.00016133300960063934,0.19760846719145775,0,OUTPUT
63ec2f78549f40a8b5ba674733364339,CURRENT_FIXED,CAMERA_LOCAL,0.0008749198168516159,0.00016133300960063934,0.23124397173523903,0,OUTPUT_ALTERNATIVE_MODEL_NO_UNIQUE_TRUTH_COMPARISON
9aa73a8026fb452d95bb587681c67b39,CURRENT_FIXED,WORLD_FIXED,0.201553488150239,0.006486816331744194,2.97403534501791,0,OUTPUT
9aa73a8026fb452d95bb587681c67b39,CURRENT_FIXED,CAMERA_LOCAL,0.201553488150239,0.006486816331744194,4.322748348116875,0,OUTPUT_ALTERNATIVE_MODEL_NO_UNIQUE_TRUTH_COMPARISON
8050dc91668147cb93d568b944b49e81,CURRENT_FIXED,WORLD_FIXED,0.002456389367580414,0.0003402065485715866,0.5077464878559113,0,OUTPUT_WITHOUT_IDENTIFIABILITY_CERTIFICATE
8050dc91668147cb93d568b944b49e81,CURRENT_FIXED,CAMERA_LOCAL,0.002456389367580414,0.0003402065485715866,0.4185790065675974,0,OUTPUT_WITHOUT_IDENTIFIABILITY_CERTIFICATE
547f11fe6ca04525b78ab7f99b751e88,CURRENT_FIXED,WORLD_FIXED,0.20016158372163773,0.006514636799693108,3.961765244603157,0,OUTPUT
547f11fe6ca04525b78ab7f99b751e88,CURRENT_FIXED,CAMERA_LOCAL,0.20016158372163773,0.006514636799693108,4.86709282360971,0,OUTPUT_ALTERNATIVE_MODEL_NO_UNIQUE_TRUTH_COMPARISON
29280027d82f4bf1a126a04c7a4392b4,CURRENT_FIXED,WORLD_FIXED,0.0016787629574537277,0.0002471897751092911,0.2239773627370596,0,OUTPUT_ALTERNATIVE_MODEL_NO_UNIQUE_TRUTH_COMPARISON
29280027d82f4bf1a126a04c7a4392b4,CURRENT_FIXED,CAMERA_LOCAL,0.0016787629574537277,0.0002471897751092911,0.20547006465494633,0,OUTPUT
0e2fd2d4713040c789338e1dd39a254a,CURRENT_FIXED,WORLD_FIXED,0.0012310147285461426,0.00014116056263446808,1.9511207938194275e-05,0,STOPPED
0e2fd2d4713040c789338e1dd39a254a,CURRENT_FIXED,CAMERA_LOCAL,0.0012310147285461426,0.00014116056263446808,7.722526788711548e-06,0,STOPPED
75a77a31743745c6a34ca8712f68ba9d,CURRENT_FIXED,WORLD_FIXED,0.0008436553180217743,0.00016061030328273773,0.06143391318619251,0,OUTPUT_ALTERNATIVE_MODEL_NO_UNIQUE_TRUTH_COMPARISON
75a77a31743745c6a34ca8712f68ba9d,CURRENT_FIXED,CAMERA_LOCAL,0.0008436553180217743,0.00016061030328273773,0.061925703659653664,0,OUTPUT
b382feae0447466ba9c5bd16af6b2aac,CURRENT_FIXED,WORLD_FIXED,0.0012375228106975555,0.0001389477401971817,0.1350205335766077,0,OUTPUT_ALTERNATIVE_MODEL_NO_UNIQUE_TRUTH_COMPARISON
b382feae0447466ba9c5bd16af6b2aac,CURRENT_FIXED,CAMERA_LOCAL,0.0012375228106975555,0.0001389477401971817,0.0949757769703865,0,OUTPUT
8439eb24aa2843e6a7b58d1f7c7c3ac0,CURRENT_FIXED,WORLD_FIXED,0.0011104922741651535,0.00014390796422958374,3.6343932151794434e-05,0,STOPPED_INFORMATION_INSUFFICIENT
8439eb24aa2843e6a7b58d1f7c7c3ac0,CURRENT_FIXED,CAMERA_LOCAL,0.0011104922741651535,0.00014390796422958374,8.231028914451599e-06,0,STOPPED_INFORMATION_INSUFFICIENT
67a32643f48b4070b4b2050dd46fdd03,CURRENT_FIXED,WORLD_FIXED,0.20158096961677074,0.006366906687617302,4.1051198691129684,0,OUTPUT
67a32643f48b4070b4b2050dd46fdd03,CURRENT_FIXED,CAMERA_LOCAL,0.20158096961677074,0.006366906687617302,3.249460231512785,0,OUTPUT_ALTERNATIVE_MODEL_NO_UNIQUE_TRUTH_COMPARISON
a80aadeb42e44765afd4094d1e1d7d36,CURRENT_FIXED,WORLD_FIXED,0.00165516696870327,0.0002445392310619354,0.21150349080562592,0,OUTPUT
a80aadeb42e44765afd4094d1e1d7d36,CURRENT_FIXED,CAMERA_LOCAL,0.00165516696870327,0.0002445392310619354,0.22484237886965275,0,OUTPUT_ALTERNATIVE_MODEL_NO_UNIQUE_TRUTH_COMPARISON
0dc432dcac6240dbaf55b534492d5f51,CURRENT_FIXED,WORLD_FIXED,0.19939465634524822,0.006532864645123482,4.352512802928686,0,OUTPUT
0dc432dcac6240dbaf55b534492d5f51,CURRENT_FIXED,CAMERA_LOCAL,0.19939465634524822,0.006532864645123482,4.439451327547431,0,OUTPUT_ALTERNATIVE_MODEL_NO_UNIQUE_TRUTH_COMPARISON
4900aead925b45f8a0e3c933717ecb0a,CURRENT_FIXED,WORLD_FIXED,0.0016129054129123688,0.0002403799444437027,0.30051265843212605,0,OUTPUT_ALTERNATIVE_MODEL_NO_UNIQUE_TRUTH_COMPARISON
4900aead925b45f8a0e3c933717ecb0a,CURRENT_FIXED,CAMERA_LOCAL,0.0016129054129123688,0.0002403799444437027,0.2329961620271206,0,OUTPUT
ec299ce9983743208e44ad4d8646b2ab,CURRENT_FIXED,WORLD_FIXED,0.0009371638298034668,0.00017254799604415894,0.15460498444736004,0,OUTPUT
ec299ce9983743208e44ad4d8646b2ab,CURRENT_FIXED,CAMERA_LOCAL,0.0009371638298034668,0.00017254799604415894,0.09877248108386993,0,OUTPUT_ALTERNATIVE_MODEL_NO_UNIQUE_TRUTH_COMPARISON
4ce9a7d20c674d7fae60ec20eae7ffc4,CURRENT_FIXED,WORLD_FIXED,0.0008474402129650116,0.00016794167459011078,0.15060144290328026,0,OUTPUT
4ce9a7d20c674d7fae60ec20eae7ffc4,CURRENT_FIXED,CAMERA_LOCAL,0.0008474402129650116,0.00016794167459011078,0.24650681763887405,0,OUTPUT_ALTERNATIVE_MODEL_NO_UNIQUE_TRUTH_COMPARISON
f0716e0bd3cc48979b06b987939c46cb,CURRENT_FIXED,WORLD_FIXED,0.20140556804835796,0.006525032222270966,5.225301776081324,0,OUTPUT_ALTERNATIVE_MODEL_NO_UNIQUE_TRUTH_COMPARISON
f0716e0bd3cc48979b06b987939c46cb,CURRENT_FIXED,CAMERA_LOCAL,0.20140556804835796,0.006525032222270966,18.275638822466135,0,STOPPED
053ac6e998944173b1464f5c81fe7dde,CURRENT_FIXED,WORLD_FIXED,0.0016760006546974182,0.0002572741359472275,0.24186289682984352,0,OUTPUT
053ac6e998944173b1464f5c81fe7dde,CURRENT_FIXED,CAMERA_LOCAL,0.0016760006546974182,0.0002572741359472275,0.25165265798568726,0,OUTPUT_ALTERNATIVE_MODEL_NO_UNIQUE_TRUTH_COMPARISON
eb80abec7df24ec4be5a0228908cd6cb,CURRENT_FIXED,WORLD_FIXED,0.0012799669057130814,0.0001442059874534607,0.0002986844629049301,0,STOPPED
eb80abec7df24ec4be5a0228908cd6cb,CURRENT_FIXED,CAMERA_LOCAL,0.0012799669057130814,0.0001442059874534607,0.0002117753028869629,0,STOPPED
f123c52c42bc4603a6257a779f1aada5,CURRENT_FIXED,WORLD_FIXED,0.000837644562125206,0.00015563145279884338,0.22784288227558136,0,OUTPUT
f123c52c42bc4603a6257a779f1aada5,CURRENT_FIXED,CAMERA_LOCAL,0.000837644562125206,0.00015563145279884338,0.1601231899112463,0,OUTPUT_ALTERNATIVE_MODEL_NO_UNIQUE_TRUTH_COMPARISON
57008f8f2a224ccc837801a5a4a2d2c8,CURRENT_FIXED,WORLD_FIXED,0.2016266379505396,0.00659322552382946,4.347664469853044,0,OUTPUT_ALTERNATIVE_MODEL_NO_UNIQUE_TRUTH_COMPARISON
57008f8f2a224ccc837801a5a4a2d2c8,CURRENT_FIXED,CAMERA_LOCAL,0.2016266379505396,0.00659322552382946,17.998677583411336,0,STOPPED
a645fad4d7af49aabbd3dd175812f75c,CURRENT_FIXED,WORLD_FIXED,0.0016153883188962936,0.0002482924610376358,0.21182201616466045,0,OUTPUT_ALTERNATIVE_MODEL_NO_UNIQUE_TRUTH_COMPARISON
a645fad4d7af49aabbd3dd175812f75c,CURRENT_FIXED,CAMERA_LOCAL,0.0016153883188962936,0.0002482924610376358,0.21399485133588314,0,OUTPUT
6c6e3c76105a4089a4bb88808d0b9162,CURRENT_FIXED,WORLD_FIXED,0.20138906314969063,0.006538504734635353,0.6368577498942614,0,OUTPUT_ALTERNATIVE_MODEL_NO_UNIQUE_TRUTH_COMPARISON
6c6e3c76105a4089a4bb88808d0b9162,CURRENT_FIXED,CAMERA_LOCAL,0.20138906314969063,0.006538504734635353,0.7736083194613457,0,OUTPUT
e279e7b2ed1f4f43bcd60f16097c9574,CURRENT_FIXED,WORLD_FIXED,0.1976767722517252,0.006495896726846695,3.3169181924313307,0,OUTPUT_ALTERNATIVE_MODEL_NO_UNIQUE_TRUTH_COMPARISON
e279e7b2ed1f4f43bcd60f16097c9574,CURRENT_FIXED,CAMERA_LOCAL,0.1976767722517252,0.006495896726846695,3.521432815119624,0,OUTPUT
9a830b07146e49d0942d5f8bac6f9789,CURRENT_FIXED,WORLD_FIXED,0.001766955479979515,0.0002637263387441635,0.5228664539754391,0,STOPPED_INFORMATION_INSUFFICIENT
9a830b07146e49d0942d5f8bac6f9789,CURRENT_FIXED,CAMERA_LOCAL,0.001766955479979515,0.0002637263387441635,0.41783989034593105,0,STOPPED_INFORMATION_INSUFFICIENT
8830786ff99c439e9a285e1aa2cf2680,CURRENT_FIXED,WORLD_FIXED,0.0008538085967302322,0.0001605413854122162,0.19033120200037956,0,OUTPUT_ALTERNATIVE_MODEL_NO_UNIQUE_TRUTH_COMPARISON
8830786ff99c439e9a285e1aa2cf2680,CURRENT_FIXED,CAMERA_LOCAL,0.0008538085967302322,0.0001605413854122162,0.7215478904545307,0,OUTPUT
309bb4c8570f4b17a6f218c1a02f0c71,CURRENT_FIXED,WORLD_FIXED,0.2016298919916153,0.006537223234772682,18.054315937682986,0,STOPPED
309bb4c8570f4b17a6f218c1a02f0c71,CURRENT_FIXED,CAMERA_LOCAL,0.2016298919916153,0.006537223234772682,5.151972953230143,0,OUTPUT_ALTERNATIVE_MODEL_NO_UNIQUE_TRUTH_COMPARISON
3b95156c8de345f59c6584352f982b22,CURRENT_FIXED,WORLD_FIXED,0.0016447417438030243,0.00024078041315078735,0.22017895430326462,0,OUTPUT_ALTERNATIVE_MODEL_NO_UNIQUE_TRUTH_COMPARISON
3b95156c8de345f59c6584352f982b22,CURRENT_FIXED,CAMERA_LOCAL,0.0016447417438030243,0.00024078041315078735,1.4512645229697227,0,OUTPUT
0c4b83108d4a430fbed54931bdfaf7ee,CURRENT_FIXED,WORLD_FIXED,0.0012426730245351791,0.00015168078243732452,0.00020627863705158234,0,STOPPED
0c4b83108d4a430fbed54931bdfaf7ee,CURRENT_FIXED,CAMERA_LOCAL,0.0012426730245351791,0.00015168078243732452,0.00013580359518527985,0,STOPPED
4bcc8605bb8d48018e6afcad029782b2,CURRENT_FIXED,WORLD_FIXED,0.20117264799773693,0.006516752764582634,18.049918081611395,0,STOPPED
4bcc8605bb8d48018e6afcad029782b2,CURRENT_FIXED,CAMERA_LOCAL,0.20117264799773693,0.006516752764582634,5.086046546697617,0,OUTPUT_ALTERNATIVE_MODEL_NO_UNIQUE_TRUTH_COMPARISON
31d6fff68cc145e2a127e6e62647a30d,CURRENT_FIXED,WORLD_FIXED,0.002100937068462372,0.00018038973212242126,0.18161138147115707,0,OUTPUT_ALTERNATIVE_MODEL_NO_UNIQUE_TRUTH_COMPARISON
31d6fff68cc145e2a127e6e62647a30d,CURRENT_FIXED,CAMERA_LOCAL,0.002100937068462372,0.00018038973212242126,0.44347515888512135,0,OUTPUT
11029c055efd4a12a8d4881d8cd3d6f7,CURRENT_FIXED,WORLD_FIXED,0.0008552297949790955,0.0001711379736661911,0.2077417764812708,0,OUTPUT_ALTERNATIVE_MODEL_NO_UNIQUE_TRUTH_COMPARISON
11029c055efd4a12a8d4881d8cd3d6f7,CURRENT_FIXED,CAMERA_LOCAL,0.0008552297949790955,0.0001711379736661911,0.23476743698120117,0,OUTPUT
a196ab4d5c9642558702ebef48d24a48,CURRENT_FIXED,WORLD_FIXED,0.2014817800372839,0.006522690877318382,4.593842912465334,0,OUTPUT_ALTERNATIVE_MODEL_NO_UNIQUE_TRUTH_COMPARISON
a196ab4d5c9642558702ebef48d24a48,CURRENT_FIXED,CAMERA_LOCAL,0.2014817800372839,0.006522690877318382,9.750219084322453,0,OUTPUT
6e0a31817f114b85bb98bfad70dcc3ac,CURRENT_FIXED,WORLD_FIXED,0.198168670758605,0.006476020440459251,4.456186518073082,0,OUTPUT_ALTERNATIVE_MODEL_NO_UNIQUE_TRUTH_COMPARISON
6e0a31817f114b85bb98bfad70dcc3ac,CURRENT_FIXED,CAMERA_LOCAL,0.198168670758605,0.006476020440459251,4.630976935848594,0,OUTPUT
1402930efe0d451788cb7f6592f0c85e,CURRENT_FIXED,WORLD_FIXED,0.20018156617879868,0.0064182523638010025,3.037973979488015,0,OUTPUT_ALTERNATIVE_MODEL_NO_UNIQUE_TRUTH_COMPARISON
1402930efe0d451788cb7f6592f0c85e,CURRENT_FIXED,CAMERA_LOCAL,0.20018156617879868,0.0064182523638010025,17.417416382580996,0,STOPPED
3d6e2524224741608f98c533d8174d12,CURRENT_FIXED,WORLD_FIXED,0.0018497835844755173,0.00017386116087436676,0.1407901793718338,0,OUTPUT
3d6e2524224741608f98c533d8174d12,CURRENT_FIXED,CAMERA_LOCAL,0.0018497835844755173,0.00017386116087436676,0.11349700205028057,0,OUTPUT_ALTERNATIVE_MODEL_NO_UNIQUE_TRUTH_COMPARISON
f5f8dd1091fc42b8b4d0f1bf9a515a40,CURRENT_FIXED,WORLD_FIXED,0.20124848373234272,0.006495008245110512,0.930247763171792,0,OUTPUT_ALTERNATIVE_MODEL_NO_UNIQUE_TRUTH_COMPARISON
f5f8dd1091fc42b8b4d0f1bf9a515a40,CURRENT_FIXED,CAMERA_LOCAL,0.20124848373234272,0.006495008245110512,1.1188581250607967,0,OUTPUT
721144c1c1e74f649918b76338082788,CURRENT_FIXED,WORLD_FIXED,0.0016360711306333542,0.00024210289120674133,0.2099312413483858,0,OUTPUT_ALTERNATIVE_MODEL_NO_UNIQUE_TRUTH_COMPARISON
721144c1c1e74f649918b76338082788,CURRENT_FIXED,CAMERA_LOCAL,0.0016360711306333542,0.00024210289120674133,0.9136664308607578,0,OUTPUT
ee9c8ca7131a4b439e4dc398489cdda0,CURRENT_FIXED,WORLD_FIXED,0.0008877981454133987,0.00016731210052967072,0.2545322608202696,0,OUTPUT_ALTERNATIVE_MODEL_NO_UNIQUE_TRUTH_COMPARISON
ee9c8ca7131a4b439e4dc398489cdda0,CURRENT_FIXED,CAMERA_LOCAL,0.0008877981454133987,0.00016731210052967072,0.1946872603148222,0,OUTPUT
0c501fedf2d74fe48c0a81be7c81610a,CURRENT_FIXED,WORLD_FIXED,0.0009097717702388763,0.00016561709344387054,2.0246162563562393,0,STOPPED
0c501fedf2d74fe48c0a81be7c81610a,CURRENT_FIXED,CAMERA_LOCAL,0.0009097717702388763,0.00016561709344387054,0.25912301801145077,0,OUTPUT_ALTERNATIVE_MODEL_NO_UNIQUE_TRUTH_COMPARISON
92fe9925ceb449dbac7a9781a7287da4,CURRENT_FIXED,WORLD_FIXED,0.20132583938539028,0.006565334275364876,1.7601269241422415,0,OUTPUT
92fe9925ceb449dbac7a9781a7287da4,CURRENT_FIXED,CAMERA_LOCAL,0.20132583938539028,0.006565334275364876,0.9193531274795532,0,OUTPUT_ALTERNATIVE_MODEL_NO_UNIQUE_TRUTH_COMPARISON
c7139d9912ce45f4b3b5aaf6aca0b001,CURRENT_FIXED,WORLD_FIXED,0.0019627492874860764,0.0001900363713502884,2.2310763597488403e-05,0,STOPPED_INFORMATION_INSUFFICIENT
c7139d9912ce45f4b3b5aaf6aca0b001,CURRENT_FIXED,CAMERA_LOCAL,0.0019627492874860764,0.0001900363713502884,9.90554690361023e-06,0,STOPPED_INFORMATION_INSUFFICIENT
d94fbe974c97462fa9c9c58266a64c8e,CURRENT_FIXED,WORLD_FIXED,0.20126955397427082,0.00635930523276329,16.975488102063537,0,STOPPED
d94fbe974c97462fa9c9c58266a64c8e,CURRENT_FIXED,CAMERA_LOCAL,0.20126955397427082,0.00635930523276329,2.6166792307049036,0,OUTPUT_ALTERNATIVE_MODEL_NO_UNIQUE_TRUTH_COMPARISON
f477e19765214384ac2730d7458db083,CURRENT_FIXED,WORLD_FIXED,0.002450680360198021,0.00034310482442379,0.706350103020668,0,STOPPED_INFORMATION_INSUFFICIENT
f477e19765214384ac2730d7458db083,CURRENT_FIXED,CAMERA_LOCAL,0.002450680360198021,0.00034310482442379,0.4214545972645283,0,OUTPUT_WITHOUT_IDENTIFIABILITY_CERTIFICATE
bdbe0fcc494c4d04a011aadc82eea575,CURRENT_FIXED,WORLD_FIXED,0.000932866707444191,0.0001692306250333786,0.22199018858373165,0,OUTPUT
bdbe0fcc494c4d04a011aadc82eea575,CURRENT_FIXED,CAMERA_LOCAL,0.000932866707444191,0.0001692306250333786,0.24659187532961369,0,OUTPUT_ALTERNATIVE_MODEL_NO_UNIQUE_TRUTH_COMPARISON
d4621e2209b140778dff346e6ea69397,CURRENT_FIXED,WORLD_FIXED,0.000860968604683876,0.00015872716903686523,1.1795066334307194,0,OUTPUT
d4621e2209b140778dff346e6ea69397,CURRENT_FIXED,CAMERA_LOCAL,0.000860968604683876,0.00015872716903686523,0.23730110749602318,0,OUTPUT_ALTERNATIVE_MODEL_NO_UNIQUE_TRUTH_COMPARISON
67a60d7644c3401090d0cc3118ab7669,CURRENT_FIXED,WORLD_FIXED,0.20117892883718014,0.006443839520215988,1.1105333045125008,0,OUTPUT
67a60d7644c3401090d0cc3118ab7669,CURRENT_FIXED,CAMERA_LOCAL,0.20117892883718014,0.006443839520215988,0.9060702137649059,0,OUTPUT_ALTERNATIVE_MODEL_NO_UNIQUE_TRUTH_COMPARISON
ebaf2f42d2b5495793ca2824cd70320c,CURRENT_FIXED,WORLD_FIXED,0.0020073987543582916,0.00018278323113918304,2.2454187273979187e-05,0,STOPPED_INFORMATION_INSUFFICIENT
ebaf2f42d2b5495793ca2824cd70320c,CURRENT_FIXED,CAMERA_LOCAL,0.0020073987543582916,0.00018278323113918304,9.892508387565613e-06,0,STOPPED_INFORMATION_INSUFFICIENT
0b3083ac015142c2892196535dc0dc70,CURRENT_FIXED,WORLD_FIXED,0.20141327008605003,0.006468147039413452,2.941155828535557,0,OUTPUT_ALTERNATIVE_MODEL_NO_UNIQUE_TRUTH_COMPARISON
0b3083ac015142c2892196535dc0dc70,CURRENT_FIXED,CAMERA_LOCAL,0.20141327008605003,0.006468147039413452,3.4748304672539234,0,OUTPUT
a4bcdb0f775344e08dbdceff2d252a25,CURRENT_FIXED,WORLD_FIXED,0.19954916834831238,0.006515679880976677,4.085405441001058,0,OUTPUT_ALTERNATIVE_MODEL_NO_UNIQUE_TRUTH_COMPARISON
a4bcdb0f775344e08dbdceff2d252a25,CURRENT_FIXED,CAMERA_LOCAL,0.19954916834831238,0.006515679880976677,17.57178801484406,0,STOPPED
154f230dc3bc4de58625de0c3adcca1f,CURRENT_FIXED,WORLD_FIXED,0.20003562793135643,0.006461735814809799,3.697032256051898,0,OUTPUT
154f230dc3bc4de58625de0c3adcca1f,CURRENT_FIXED,CAMERA_LOCAL,0.20003562793135643,0.006461735814809799,3.747098011896014,0,OUTPUT_ALTERNATIVE_MODEL_NO_UNIQUE_TRUTH_COMPARISON
4c28d9f666dd4c8abe85a6a76588181a,OPEN3D_POINT_TO_PLANE,WORLD_FIXED,0.20824696496129036,0.007172774523496628,0.5216918978840113,21504,OUTPUT
4c28d9f666dd4c8abe85a6a76588181a,OPEN3D_POINT_TO_PLANE,CAMERA_LOCAL,0.20824696496129036,0.007172774523496628,0.5157274305820465,0,OUTPUT_ALTERNATIVE_MODEL_NO_UNIQUE_TRUTH_COMPARISON
3ba9fd0ecf7d4c1090a3fc9ad48d8740,OPEN3D_POINT_TO_PLANE,WORLD_FIXED,0.002441907301545143,0.0005991067737340927,0.02965911477804184,0,OUTPUT_WITHOUT_IDENTIFIABILITY_CERTIFICATE
3ba9fd0ecf7d4c1090a3fc9ad48d8740,OPEN3D_POINT_TO_PLANE,CAMERA_LOCAL,0.002441907301545143,0.0005991067737340927,0.0404796302318573,0,OUTPUT_WITHOUT_IDENTIFIABILITY_CERTIFICATE
61b2c63680b94806b73b1cb28d85de38,OPEN3D_POINT_TO_PLANE,WORLD_FIXED,0.001368088647723198,0.00024193152785301208,0.0031765829771757126,0,STOPPED
61b2c63680b94806b73b1cb28d85de38,OPEN3D_POINT_TO_PLANE,CAMERA_LOCAL,0.001368088647723198,0.00024193152785301208,0.01153167150914669,0,OUTPUT
95a90168c3e044dc8ed518992c44c9ed,OPEN3D_POINT_TO_PLANE,WORLD_FIXED,0.000881880521774292,0.0001781657338142395,0.021660998463630676,0,OUTPUT
95a90168c3e044dc8ed518992c44c9ed,OPEN3D_POINT_TO_PLANE,CAMERA_LOCAL,0.000881880521774292,0.0001781657338142395,0.008926410228013992,0,OUTPUT_ALTERNATIVE_MODEL_NO_UNIQUE_TRUTH_COMPARISON
c331fd6ad8e54d669cb213403c65116d,OPEN3D_POINT_TO_PLANE,WORLD_FIXED,0.20618151128292084,0.011133154854178429,0.7001980319619179,616,OUTPUT_ALTERNATIVE_MODEL_NO_UNIQUE_TRUTH_COMPARISON
c331fd6ad8e54d669cb213403c65116d,OPEN3D_POINT_TO_PLANE,CAMERA_LOCAL,0.20618151128292084,0.011133154854178429,0.548812136054039,0,OUTPUT
16068ca95f804ff88a0427a11f80ede8,OPEN3D_POINT_TO_PLANE,WORLD_FIXED,0.19854833744466305,0.006735268980264664,0.44428224116563797,0,OUTPUT
16068ca95f804ff88a0427a11f80ede8,OPEN3D_POINT_TO_PLANE,CAMERA_LOCAL,0.19854833744466305,0.006735268980264664,1.3851266633719206,0,OUTPUT_ALTERNATIVE_MODEL_NO_UNIQUE_TRUTH_COMPARISON
62b3e8164a8a4b0089924f4e8908009a,OPEN3D_POINT_TO_PLANE,WORLD_FIXED,0.19958141446113586,0.006415810436010361,0.6408873125910759,0,OUTPUT
62b3e8164a8a4b0089924f4e8908009a,OPEN3D_POINT_TO_PLANE,CAMERA_LOCAL,0.19958141446113586,0.006415810436010361,0.47531711123883724,0,OUTPUT_ALTERNATIVE_MODEL_NO_UNIQUE_TRUTH_COMPARISON
a86cf6e5ba4f4b4cb6b5d3f0d2cdf7c4,OPEN3D_POINT_TO_PLANE,WORLD_FIXED,0.001499868929386139,0.0003386065363883972,0.005994310602545738,0,STOPPED_INFORMATION_INSUFFICIENT
a86cf6e5ba4f4b4cb6b5d3f0d2cdf7c4,OPEN3D_POINT_TO_PLANE,CAMERA_LOCAL,0.001499868929386139,0.0003386065363883972,0.00699772872030735,0,STOPPED_INFORMATION_INSUFFICIENT
2d510a4d4a3949b09dfa947878b1109b,OPEN3D_POINT_TO_PLANE,WORLD_FIXED,0.0014081168919801712,0.00016675889492034912,0.005362311378121376,0,OUTPUT_ALTERNATIVE_MODEL_NO_UNIQUE_TRUTH_COMPARISON
2d510a4d4a3949b09dfa947878b1109b,OPEN3D_POINT_TO_PLANE,CAMERA_LOCAL,0.0014081168919801712,0.00016675889492034912,0.0034807678312063217,0,OUTPUT
38966a1d743349c98959d1d60a8fe011,OPEN3D_POINT_TO_PLANE,WORLD_FIXED,0.0009151920676231384,0.00021523237228393555,0.002718459814786911,0,STOPPED
38966a1d743349c98959d1d60a8fe011,OPEN3D_POINT_TO_PLANE,CAMERA_LOCAL,0.0009151920676231384,0.00021523237228393555,0.0023905597627162933,0,STOPPED
d0a112c217d44081b2e4e6c8fbfc049f,OPEN3D_POINT_TO_PLANE,WORLD_FIXED,0.19879386387765408,0.006638955324888229,0.5834119450300932,0,OUTPUT_ALTERNATIVE_MODEL_NO_UNIQUE_TRUTH_COMPARISON
d0a112c217d44081b2e4e6c8fbfc049f,OPEN3D_POINT_TO_PLANE,CAMERA_LOCAL,0.19879386387765408,0.006638955324888229,0.3117699362337589,0,OUTPUT
d833a84a788a44c3999fc34090c9719b,OPEN3D_POINT_TO_PLANE,WORLD_FIXED,0.0015154015272855759,0.00031386129558086395,0.020666202530264854,0,OUTPUT_ALTERNATIVE_MODEL_NO_UNIQUE_TRUTH_COMPARISON
d833a84a788a44c3999fc34090c9719b,OPEN3D_POINT_TO_PLANE,CAMERA_LOCAL,0.0015154015272855759,0.00031386129558086395,0.005013085901737213,0,OUTPUT
811fe61ae2cc47c688a2a1d3cf5d27a7,OPEN3D_POINT_TO_PLANE,WORLD_FIXED,0.20148755051195621,0.006534367799758911,0.6158366929739714,0,OUTPUT
811fe61ae2cc47c688a2a1d3cf5d27a7,OPEN3D_POINT_TO_PLANE,CAMERA_LOCAL,0.20148755051195621,0.006534367799758911,1.7644133772701025,0,OUTPUT_ALTERNATIVE_MODEL_NO_UNIQUE_TRUTH_COMPARISON
0d0eaac4669b41c3ab399a00a2af2d2b,OPEN3D_POINT_TO_PLANE,WORLD_FIXED,0.19976120442152023,0.006550950929522514,0.7806669510900974,0,OUTPUT
0d0eaac4669b41c3ab399a00a2af2d2b,OPEN3D_POINT_TO_PLANE,CAMERA_LOCAL,0.19976120442152023,0.006550950929522514,0.8874062970280647,0,OUTPUT_ALTERNATIVE_MODEL_NO_UNIQUE_TRUTH_COMPARISON
15b25d6b7521453abee0455fc66ecbb6,OPEN3D_POINT_TO_PLANE,WORLD_FIXED,0.001568719744682312,0.0002554226666688919,0.004876714199781418,0,STOPPED_INFORMATION_INSUFFICIENT
15b25d6b7521453abee0455fc66ecbb6,OPEN3D_POINT_TO_PLANE,CAMERA_LOCAL,0.001568719744682312,0.0002554226666688919,0.004817433655261993,0,STOPPED_INFORMATION_INSUFFICIENT
89011a2ead624e698e42ce0abc69dff2,OPEN3D_POINT_TO_PLANE,WORLD_FIXED,0.20164147950708866,0.006583159789443016,0.6863016597926617,0,OUTPUT_ALTERNATIVE_MODEL_NO_UNIQUE_TRUTH_COMPARISON
89011a2ead624e698e42ce0abc69dff2,OPEN3D_POINT_TO_PLANE,CAMERA_LOCAL,0.20164147950708866,0.006583159789443016,0.6154016274958849,0,OUTPUT
2ebce00c7f6d4bfaab41db93dd0e2c25,OPEN3D_POINT_TO_PLANE,WORLD_FIXED,0.0021077487617731094,0.00018887408077716827,0.000544155016541481,0,STOPPED
2ebce00c7f6d4bfaab41db93dd0e2c25,OPEN3D_POINT_TO_PLANE,CAMERA_LOCAL,0.0021077487617731094,0.00018887408077716827,0.00037373602390289307,0,STOPPED
92c840c690094719a5435b8ac0fc5268,OPEN3D_POINT_TO_PLANE,WORLD_FIXED,0.0008512157946825027,0.00015995092689990997,0.01182284764945507,0,OUTPUT_ALTERNATIVE_MODEL_NO_UNIQUE_TRUTH_COMPARISON
92c840c690094719a5435b8ac0fc5268,OPEN3D_POINT_TO_PLANE,CAMERA_LOCAL,0.0008512157946825027,0.00015995092689990997,0.011234154924750328,0,OUTPUT
b189d7d17bec43978637e80534727d21,OPEN3D_POINT_TO_PLANE,WORLD_FIXED,0.19994141533970833,0.006400665268301964,0.7571642585098743,0,OUTPUT_ALTERNATIVE_MODEL_NO_UNIQUE_TRUTH_COMPARISON
b189d7d17bec43978637e80534727d21,OPEN3D_POINT_TO_PLANE,CAMERA_LOCAL,0.19994141533970833,0.006400665268301964,0.5850910730659962,0,OUTPUT
4d43ec3416434c6dba1151fc64b3afa6,OPEN3D_POINT_TO_PLANE,WORLD_FIXED,0.2004895657300949,0.006419224664568901,0.7985243201255798,0,OUTPUT
4d43ec3416434c6dba1151fc64b3afa6,OPEN3D_POINT_TO_PLANE,CAMERA_LOCAL,0.2004895657300949,0.006419224664568901,0.9462095908820629,0,OUTPUT_ALTERNATIVE_MODEL_NO_UNIQUE_TRUTH_COMPARISON
7522e4f6d327441baa991f95a4a74ef2,OPEN3D_POINT_TO_PLANE,WORLD_FIXED,0.20313482731580734,0.006407406181097031,0.320579307153821,0,OUTPUT_ALTERNATIVE_MODEL_NO_UNIQUE_TRUTH_COMPARISON
7522e4f6d327441baa991f95a4a74ef2,OPEN3D_POINT_TO_PLANE,CAMERA_LOCAL,0.20313482731580734,0.006407406181097031,0.26018305495381355,0,OUTPUT
39b31a9f2dbb475e9ff96c0bbaa16445,OPEN3D_POINT_TO_PLANE,WORLD_FIXED,0.0022340547293424606,0.00033931806683540344,0.0406427588313818,0,OUTPUT_WITHOUT_IDENTIFIABILITY_CERTIFICATE
39b31a9f2dbb475e9ff96c0bbaa16445,OPEN3D_POINT_TO_PLANE,CAMERA_LOCAL,0.0022340547293424606,0.00033931806683540344,0.2912994269281626,0,OUTPUT_WITHOUT_IDENTIFIABILITY_CERTIFICATE
0d739c353a2243f7add2a9694b908956,OPEN3D_POINT_TO_PLANE,WORLD_FIXED,0.0013741161674261093,0.00014221109449863434,0.007862230762839317,0,STOPPED
0d739c353a2243f7add2a9694b908956,OPEN3D_POINT_TO_PLANE,CAMERA_LOCAL,0.0013741161674261093,0.00014221109449863434,0.009994927793741226,0,OUTPUT_ALTERNATIVE_MODEL_NO_UNIQUE_TRUTH_COMPARISON
ba152c587fc84b70bb6ef936f6d845a4,OPEN3D_POINT_TO_PLANE,WORLD_FIXED,0.20193449780344963,0.006367186084389687,1.743043253198266,0,OUTPUT_ALTERNATIVE_MODEL_NO_UNIQUE_TRUTH_COMPARISON
ba152c587fc84b70bb6ef936f6d845a4,OPEN3D_POINT_TO_PLANE,CAMERA_LOCAL,0.20193449780344963,0.006367186084389687,0.5622769333422184,0,OUTPUT
904d992d3e1944059c7c57f9c779a8e0,OPEN3D_POINT_TO_PLANE,WORLD_FIXED,0.19996261596679688,0.006541816517710686,0.19884120672941208,0,OUTPUT
904d992d3e1944059c7c57f9c779a8e0,OPEN3D_POINT_TO_PLANE,CAMERA_LOCAL,0.19996261596679688,0.006541816517710686,0.26093382202088833,0,OUTPUT_ALTERNATIVE_MODEL_NO_UNIQUE_TRUTH_COMPARISON
642e1208e14d41cf8d62c915b95a109f,OPEN3D_POINT_TO_PLANE,WORLD_FIXED,0.0015457551926374435,0.00024373643100261688,0.003147529438138008,0,STOPPED_INFORMATION_INSUFFICIENT
642e1208e14d41cf8d62c915b95a109f,OPEN3D_POINT_TO_PLANE,CAMERA_LOCAL,0.0015457551926374435,0.00024373643100261688,0.002602558583021164,0,STOPPED_INFORMATION_INSUFFICIENT
275076508c8b4fabbd81606e507b6e5b,OPEN3D_POINT_TO_PLANE,WORLD_FIXED,0.0008648168295621872,0.0001669079065322876,0.0031021535396575928,0,STOPPED
275076508c8b4fabbd81606e507b6e5b,OPEN3D_POINT_TO_PLANE,CAMERA_LOCAL,0.0008648168295621872,0.0001669079065322876,0.002449188381433487,0,STOPPED
07c581eb235040f8b2bcf26af0aaf020,OPEN3D_POINT_TO_PLANE,WORLD_FIXED,0.0008727274835109711,0.00020491890609264374,0.0027620457112789154,0,STOPPED
07c581eb235040f8b2bcf26af0aaf020,OPEN3D_POINT_TO_PLANE,CAMERA_LOCAL,0.0008727274835109711,0.00020491890609264374,0.0022151507437229156,0,STOPPED
0a72517e954d49879a04e98843dee22b,OPEN3D_POINT_TO_PLANE,WORLD_FIXED,0.0008730795234441757,0.0001644957810640335,0.05522633157670498,0,OUTPUT
0a72517e954d49879a04e98843dee22b,OPEN3D_POINT_TO_PLANE,CAMERA_LOCAL,0.0008730795234441757,0.0001644957810640335,0.01143893413245678,0,OUTPUT_ALTERNATIVE_MODEL_NO_UNIQUE_TRUTH_COMPARISON
0613bd6004934d7e9a4d9bb9ee1b917f,OPEN3D_POINT_TO_PLANE,WORLD_FIXED,0.0008930359035730362,0.0001568831503391266,0.011490991339087486,0,OUTPUT
0613bd6004934d7e9a4d9bb9ee1b917f,OPEN3D_POINT_TO_PLANE,CAMERA_LOCAL,0.0008930359035730362,0.0001568831503391266,0.019111745059490204,0,OUTPUT_ALTERNATIVE_MODEL_NO_UNIQUE_TRUTH_COMPARISON
b64258d87dfd4efd834c86f47193d529,OPEN3D_POINT_TO_PLANE,WORLD_FIXED,0.0012740902602672577,0.00013313814997673035,0.00020076148211956024,0,STOPPED
b64258d87dfd4efd834c86f47193d529,OPEN3D_POINT_TO_PLANE,CAMERA_LOCAL,0.0012740902602672577,0.00013313814997673035,0.00012305378913879395,0,STOPPED
97c58d07be404adfbc9ac8d302006599,OPEN3D_POINT_TO_PLANE,WORLD_FIXED,0.0008566733449697495,0.00015879608690738678,0.0860108993947506,0,OUTPUT
97c58d07be404adfbc9ac8d302006599,OPEN3D_POINT_TO_PLANE,CAMERA_LOCAL,0.0008566733449697495,0.00015879608690738678,0.0065161921083927155,0,OUTPUT_ALTERNATIVE_MODEL_NO_UNIQUE_TRUTH_COMPARISON
b1ab0b082ec0459a9a06d409c0577a76,OPEN3D_POINT_TO_PLANE,WORLD_FIXED,0.2012408096343279,0.006485613062977791,0.47271132096648216,0,OUTPUT_ALTERNATIVE_MODEL_NO_UNIQUE_TRUTH_COMPARISON
b1ab0b082ec0459a9a06d409c0577a76,OPEN3D_POINT_TO_PLANE,CAMERA_LOCAL,0.2012408096343279,0.006485613062977791,0.47355489432811737,0,OUTPUT
76b500a228de45b6a7759de2d90889cc,OPEN3D_POINT_TO_PLANE,WORLD_FIXED,0.19951658695936203,0.006471011787652969,0.7890447024255991,0,OUTPUT_ALTERNATIVE_MODEL_NO_UNIQUE_TRUTH_COMPARISON
76b500a228de45b6a7759de2d90889cc,OPEN3D_POINT_TO_PLANE,CAMERA_LOCAL,0.19951658695936203,0.006471011787652969,0.6156361754983664,0,OUTPUT
55d9ad951e0b46c0a1876eba953db1d0,OPEN3D_POINT_TO_PLANE,WORLD_FIXED,0.0016831420361995697,0.0002424735575914383,0.010190529748797417,0,OUTPUT
55d9ad951e0b46c0a1876eba953db1d0,OPEN3D_POINT_TO_PLANE,CAMERA_LOCAL,0.0016831420361995697,0.0002424735575914383,0.006470184773206711,0,OUTPUT_ALTERNATIVE_MODEL_NO_UNIQUE_TRUTH_COMPARISON
857cb8e146294f459f1829f0aee52e9f,OPEN3D_POINT_TO_PLANE,WORLD_FIXED,0.0008436143398284912,0.00016492977738380432,0.07243935391306877,0,OUTPUT
857cb8e146294f459f1829f0aee52e9f,OPEN3D_POINT_TO_PLANE,CAMERA_LOCAL,0.0008436143398284912,0.00016492977738380432,0.009302124381065369,0,OUTPUT_ALTERNATIVE_MODEL_NO_UNIQUE_TRUTH_COMPARISON
c6525673188d4350ac0bfbd905453f19,OPEN3D_POINT_TO_PLANE,WORLD_FIXED,0.0009200479835271835,0.00016908347606658936,0.004088325425982475,0,STOPPED
c6525673188d4350ac0bfbd905453f19,OPEN3D_POINT_TO_PLANE,CAMERA_LOCAL,0.0009200479835271835,0.00016908347606658936,0.012323545292019844,0,OUTPUT
0aaff379548944648a7414c130a181fa,OPEN3D_POINT_TO_PLANE,WORLD_FIXED,0.0011950507760047913,0.00014553777873516083,3.156810998916626e-05,0,STOPPED_INFORMATION_INSUFFICIENT
0aaff379548944648a7414c130a181fa,OPEN3D_POINT_TO_PLANE,CAMERA_LOCAL,0.0011950507760047913,0.00014553777873516083,1.0656192898750305e-05,0,STOPPED_INFORMATION_INSUFFICIENT
55da8ade46264d6b8fd1cc63e3eb03bb,OPEN3D_POINT_TO_PLANE,WORLD_FIXED,0.20175685361027718,0.006721919402480125,0.6346657369285822,0,OUTPUT
55da8ade46264d6b8fd1cc63e3eb03bb,OPEN3D_POINT_TO_PLANE,CAMERA_LOCAL,0.20175685361027718,0.006721919402480125,0.6163711175322533,0,OUTPUT_ALTERNATIVE_MODEL_NO_UNIQUE_TRUTH_COMPARISON
9bcd56d2f8b94a9fb7d9128fdd743677,OPEN3D_POINT_TO_PLANE,WORLD_FIXED,0.0019513238221406937,0.0001827329397201538,3.1188130378723145e-05,0,STOPPED
9bcd56d2f8b94a9fb7d9128fdd743677,OPEN3D_POINT_TO_PLANE,CAMERA_LOCAL,0.0019513238221406937,0.0001827329397201538,1.0905787348747253e-05,0,STOPPED
4b8e0982b94b4b568b7bb68c1a70349b,OPEN3D_POINT_TO_PLANE,WORLD_FIXED,0.0008964147418737411,0.00016135163605213165,0.044500844553112984,0,OUTPUT
4b8e0982b94b4b568b7bb68c1a70349b,OPEN3D_POINT_TO_PLANE,CAMERA_LOCAL,0.0008964147418737411,0.00016135163605213165,0.011629238724708557,0,OUTPUT_ALTERNATIVE_MODEL_NO_UNIQUE_TRUTH_COMPARISON
46451fd3bbb747cabbb545e992f66693,OPEN3D_POINT_TO_PLANE,WORLD_FIXED,0.0008039530366659164,0.0001561436802148819,0.0026832204312086105,0,STOPPED
46451fd3bbb747cabbb545e992f66693,OPEN3D_POINT_TO_PLANE,CAMERA_LOCAL,0.0008039530366659164,0.0001561436802148819,0.0023041516542434692,0,STOPPED
f0f816a3832546698dc2e94ed0eac510,OPEN3D_POINT_TO_PLANE,WORLD_FIXED,0.0012037325650453568,0.00013646483421325684,0.000599956139922142,0,STOPPED
f0f816a3832546698dc2e94ed0eac510,OPEN3D_POINT_TO_PLANE,CAMERA_LOCAL,0.0012037325650453568,0.00013646483421325684,0.0004883725196123123,0,STOPPED
1c5086f5a650429cb0f97e52ddb70275,OPEN3D_POINT_TO_PLANE,WORLD_FIXED,0.001212162896990776,0.00014460831880569458,0.019240546971559525,0,OUTPUT_ALTERNATIVE_MODEL_NO_UNIQUE_TRUTH_COMPARISON
1c5086f5a650429cb0f97e52ddb70275,OPEN3D_POINT_TO_PLANE,CAMERA_LOCAL,0.001212162896990776,0.00014460831880569458,0.002904338762164116,0,OUTPUT
59fd65482a55445eba3ae057c7192e47,OPEN3D_POINT_TO_PLANE,WORLD_FIXED,0.0008233450353145599,0.00014807283878326416,0.009465446695685387,0,OUTPUT_ALTERNATIVE_MODEL_NO_UNIQUE_TRUTH_COMPARISON
59fd65482a55445eba3ae057c7192e47,OPEN3D_POINT_TO_PLANE,CAMERA_LOCAL,0.0008233450353145599,0.00014807283878326416,0.05865215137600899,0,OUTPUT
0e9d25928694496596c62b5d8361a298,OPEN3D_POINT_TO_PLANE,WORLD_FIXED,0.0008689127862453461,0.00015452131628990173,0.013136781752109528,0,OUTPUT_ALTERNATIVE_MODEL_NO_UNIQUE_TRUTH_COMPARISON
0e9d25928694496596c62b5d8361a298,OPEN3D_POINT_TO_PLANE,CAMERA_LOCAL,0.0008689127862453461,0.00015452131628990173,0.08755525015294552,0,OUTPUT
63ec2f78549f40a8b5ba674733364339,OPEN3D_POINT_TO_PLANE,WORLD_FIXED,0.0008749198168516159,0.00016133300960063934,0.01844121143221855,0,OUTPUT
63ec2f78549f40a8b5ba674733364339,OPEN3D_POINT_TO_PLANE,CAMERA_LOCAL,0.0008749198168516159,0.00016133300960063934,0.008323272690176964,0,OUTPUT_ALTERNATIVE_MODEL_NO_UNIQUE_TRUTH_COMPARISON
9aa73a8026fb452d95bb587681c67b39,OPEN3D_POINT_TO_PLANE,WORLD_FIXED,0.201553488150239,0.006486816331744194,0.6615610048174858,0,OUTPUT
9aa73a8026fb452d95bb587681c67b39,OPEN3D_POINT_TO_PLANE,CAMERA_LOCAL,0.201553488150239,0.006486816331744194,0.7031784784048796,0,OUTPUT_ALTERNATIVE_MODEL_NO_UNIQUE_TRUTH_COMPARISON
8050dc91668147cb93d568b944b49e81,OPEN3D_POINT_TO_PLANE,WORLD_FIXED,0.002456389367580414,0.0003402065485715866,0.031206220388412476,0,OUTPUT_WITHOUT_IDENTIFIABILITY_CERTIFICATE
8050dc91668147cb93d568b944b49e81,OPEN3D_POINT_TO_PLANE,CAMERA_LOCAL,0.002456389367580414,0.0003402065485715866,0.2133654896169901,0,OUTPUT_WITHOUT_IDENTIFIABILITY_CERTIFICATE
547f11fe6ca04525b78ab7f99b751e88,OPEN3D_POINT_TO_PLANE,WORLD_FIXED,0.20016158372163773,0.006514636799693108,0.5767451971769333,0,OUTPUT
547f11fe6ca04525b78ab7f99b751e88,OPEN3D_POINT_TO_PLANE,CAMERA_LOCAL,0.20016158372163773,0.006514636799693108,0.7113629709929228,0,OUTPUT_ALTERNATIVE_MODEL_NO_UNIQUE_TRUTH_COMPARISON
29280027d82f4bf1a126a04c7a4392b4,OPEN3D_POINT_TO_PLANE,WORLD_FIXED,0.0016787629574537277,0.0002471897751092911,0.0032385587692260742,0,STOPPED
29280027d82f4bf1a126a04c7a4392b4,OPEN3D_POINT_TO_PLANE,CAMERA_LOCAL,0.0016787629574537277,0.0002471897751092911,0.0028183385729789734,0,STOPPED
0e2fd2d4713040c789338e1dd39a254a,OPEN3D_POINT_TO_PLANE,WORLD_FIXED,0.0012310147285461426,0.00014116056263446808,6.059184670448303e-05,0,STOPPED
0e2fd2d4713040c789338e1dd39a254a,OPEN3D_POINT_TO_PLANE,CAMERA_LOCAL,0.0012310147285461426,0.00014116056263446808,1.2660399079322815e-05,0,STOPPED
75a77a31743745c6a34ca8712f68ba9d,OPEN3D_POINT_TO_PLANE,WORLD_FIXED,0.0008436553180217743,0.00016061030328273773,0.0040335338562726974,0,OUTPUT_ALTERNATIVE_MODEL_NO_UNIQUE_TRUTH_COMPARISON
75a77a31743745c6a34ca8712f68ba9d,OPEN3D_POINT_TO_PLANE,CAMERA_LOCAL,0.0008436553180217743,0.00016061030328273773,0.024078072980046272,0,OUTPUT
b382feae0447466ba9c5bd16af6b2aac,OPEN3D_POINT_TO_PLANE,WORLD_FIXED,0.0012375228106975555,0.0001389477401971817,0.0022309105843305588,0,STOPPED
b382feae0447466ba9c5bd16af6b2aac,OPEN3D_POINT_TO_PLANE,CAMERA_LOCAL,0.0012375228106975555,0.0001389477401971817,0.001727307215332985,0,STOPPED
8439eb24aa2843e6a7b58d1f7c7c3ac0,OPEN3D_POINT_TO_PLANE,WORLD_FIXED,0.0011104922741651535,0.00014390796422958374,3.238767385482788e-05,0,STOPPED_INFORMATION_INSUFFICIENT
8439eb24aa2843e6a7b58d1f7c7c3ac0,OPEN3D_POINT_TO_PLANE,CAMERA_LOCAL,0.0011104922741651535,0.00014390796422958374,1.1136755347251892e-05,0,STOPPED_INFORMATION_INSUFFICIENT
67a32643f48b4070b4b2050dd46fdd03,OPEN3D_POINT_TO_PLANE,WORLD_FIXED,0.20158096961677074,0.006366906687617302,0.6681054159998894,0,OUTPUT
67a32643f48b4070b4b2050dd46fdd03,OPEN3D_POINT_TO_PLANE,CAMERA_LOCAL,0.20158096961677074,0.006366906687617302,0.6445823144167662,0,OUTPUT_ALTERNATIVE_MODEL_NO_UNIQUE_TRUTH_COMPARISON
a80aadeb42e44765afd4094d1e1d7d36,OPEN3D_POINT_TO_PLANE,WORLD_FIXED,0.00165516696870327,0.0002445392310619354,0.011261539533734322,0,OUTPUT
a80aadeb42e44765afd4094d1e1d7d36,OPEN3D_POINT_TO_PLANE,CAMERA_LOCAL,0.00165516696870327,0.0002445392310619354,0.010093845427036285,0,OUTPUT_ALTERNATIVE_MODEL_NO_UNIQUE_TRUTH_COMPARISON
0dc432dcac6240dbaf55b534492d5f51,OPEN3D_POINT_TO_PLANE,WORLD_FIXED,0.19939465634524822,0.006532864645123482,0.3871867246925831,0,OUTPUT
0dc432dcac6240dbaf55b534492d5f51,OPEN3D_POINT_TO_PLANE,CAMERA_LOCAL,0.19939465634524822,0.006532864645123482,0.5044973082840443,0,OUTPUT_ALTERNATIVE_MODEL_NO_UNIQUE_TRUTH_COMPARISON
4900aead925b45f8a0e3c933717ecb0a,OPEN3D_POINT_TO_PLANE,WORLD_FIXED,0.0016129054129123688,0.0002403799444437027,0.002888403832912445,0,STOPPED
4900aead925b45f8a0e3c933717ecb0a,OPEN3D_POINT_TO_PLANE,CAMERA_LOCAL,0.0016129054129123688,0.0002403799444437027,0.0024321116507053375,0,STOPPED
ec299ce9983743208e44ad4d8646b2ab,OPEN3D_POINT_TO_PLANE,WORLD_FIXED,0.0009371638298034668,0.00017254799604415894,0.00501994788646698,0,OUTPUT
ec299ce9983743208e44ad4d8646b2ab,OPEN3D_POINT_TO_PLANE,CAMERA_LOCAL,0.0009371638298034668,0.00017254799604415894,0.0088807363063097,0,OUTPUT_ALTERNATIVE_MODEL_NO_UNIQUE_TRUTH_COMPARISON
4ce9a7d20c674d7fae60ec20eae7ffc4,OPEN3D_POINT_TO_PLANE,WORLD_FIXED,0.0008474402129650116,0.00016794167459011078,0.03771106339991093,0,OUTPUT
4ce9a7d20c674d7fae60ec20eae7ffc4,OPEN3D_POINT_TO_PLANE,CAMERA_LOCAL,0.0008474402129650116,0.00016794167459011078,0.008721776306629181,0,OUTPUT_ALTERNATIVE_MODEL_NO_UNIQUE_TRUTH_COMPARISON
f0716e0bd3cc48979b06b987939c46cb,OPEN3D_POINT_TO_PLANE,WORLD_FIXED,0.20140556804835796,0.006525032222270966,0.587909247726202,0,OUTPUT_ALTERNATIVE_MODEL_NO_UNIQUE_TRUTH_COMPARISON
f0716e0bd3cc48979b06b987939c46cb,OPEN3D_POINT_TO_PLANE,CAMERA_LOCAL,0.20140556804835796,0.006525032222270966,0.5950835943222046,0,OUTPUT
053ac6e998944173b1464f5c81fe7dde,OPEN3D_POINT_TO_PLANE,WORLD_FIXED,0.0016760006546974182,0.0002572741359472275,0.012287791818380356,0,OUTPUT
053ac6e998944173b1464f5c81fe7dde,OPEN3D_POINT_TO_PLANE,CAMERA_LOCAL,0.0016760006546974182,0.0002572741359472275,0.01387796737253666,0,OUTPUT_ALTERNATIVE_MODEL_NO_UNIQUE_TRUTH_COMPARISON
eb80abec7df24ec4be5a0228908cd6cb,OPEN3D_POINT_TO_PLANE,WORLD_FIXED,0.0012799669057130814,0.0001442059874534607,0.0003242325037717819,0,STOPPED
eb80abec7df24ec4be5a0228908cd6cb,OPEN3D_POINT_TO_PLANE,CAMERA_LOCAL,0.0012799669057130814,0.0001442059874534607,0.00022680871188640594,0,STOPPED
f123c52c42bc4603a6257a779f1aada5,OPEN3D_POINT_TO_PLANE,WORLD_FIXED,0.000837644562125206,0.00015563145279884338,0.010391881689429283,0,OUTPUT
f123c52c42bc4603a6257a779f1aada5,OPEN3D_POINT_TO_PLANE,CAMERA_LOCAL,0.000837644562125206,0.00015563145279884338,0.008708465844392776,0,OUTPUT_ALTERNATIVE_MODEL_NO_UNIQUE_TRUTH_COMPARISON
57008f8f2a224ccc837801a5a4a2d2c8,OPEN3D_POINT_TO_PLANE,WORLD_FIXED,0.2016266379505396,0.00659322552382946,0.7025814075022936,0,OUTPUT_ALTERNATIVE_MODEL_NO_UNIQUE_TRUTH_COMPARISON
57008f8f2a224ccc837801a5a4a2d2c8,OPEN3D_POINT_TO_PLANE,CAMERA_LOCAL,0.2016266379505396,0.00659322552382946,0.555505907163024,0,OUTPUT
a645fad4d7af49aabbd3dd175812f75c,OPEN3D_POINT_TO_PLANE,WORLD_FIXED,0.0016153883188962936,0.0002482924610376358,0.008628787472844124,0,OUTPUT_ALTERNATIVE_MODEL_NO_UNIQUE_TRUTH_COMPARISON
a645fad4d7af49aabbd3dd175812f75c,OPEN3D_POINT_TO_PLANE,CAMERA_LOCAL,0.0016153883188962936,0.0002482924610376358,0.018979068845510483,0,OUTPUT
6c6e3c76105a4089a4bb88808d0b9162,OPEN3D_POINT_TO_PLANE,WORLD_FIXED,0.20138906314969063,0.006538504734635353,0.2894644923508167,0,OUTPUT_ALTERNATIVE_MODEL_NO_UNIQUE_TRUTH_COMPARISON
6c6e3c76105a4089a4bb88808d0b9162,OPEN3D_POINT_TO_PLANE,CAMERA_LOCAL,0.20138906314969063,0.006538504734635353,0.22314270213246346,0,OUTPUT
e279e7b2ed1f4f43bcd60f16097c9574,OPEN3D_POINT_TO_PLANE,WORLD_FIXED,0.1976767722517252,0.006495896726846695,0.037180012091994286,0,STOPPED
e279e7b2ed1f4f43bcd60f16097c9574,OPEN3D_POINT_TO_PLANE,CAMERA_LOCAL,0.1976767722517252,0.006495896726846695,0.6752392072230577,0,OUTPUT
9a830b07146e49d0942d5f8bac6f9789,OPEN3D_POINT_TO_PLANE,WORLD_FIXED,0.001766955479979515,0.0002637263387441635,0.0050042252987623215,0,STOPPED_INFORMATION_INSUFFICIENT
9a830b07146e49d0942d5f8bac6f9789,OPEN3D_POINT_TO_PLANE,CAMERA_LOCAL,0.001766955479979515,0.0002637263387441635,0.10275973379611969,0,OUTPUT_WITHOUT_IDENTIFIABILITY_CERTIFICATE
8830786ff99c439e9a285e1aa2cf2680,OPEN3D_POINT_TO_PLANE,WORLD_FIXED,0.0008538085967302322,0.0001605413854122162,0.00893758051097393,0,OUTPUT_ALTERNATIVE_MODEL_NO_UNIQUE_TRUTH_COMPARISON
8830786ff99c439e9a285e1aa2cf2680,OPEN3D_POINT_TO_PLANE,CAMERA_LOCAL,0.0008538085967302322,0.0001605413854122162,0.03194841742515564,0,OUTPUT
309bb4c8570f4b17a6f218c1a02f0c71,OPEN3D_POINT_TO_PLANE,WORLD_FIXED,0.2016298919916153,0.006537223234772682,0.7245482336729765,0,OUTPUT
309bb4c8570f4b17a6f218c1a02f0c71,OPEN3D_POINT_TO_PLANE,CAMERA_LOCAL,0.2016298919916153,0.006537223234772682,0.7803119085729122,0,OUTPUT_ALTERNATIVE_MODEL_NO_UNIQUE_TRUTH_COMPARISON
3b95156c8de345f59c6584352f982b22,OPEN3D_POINT_TO_PLANE,WORLD_FIXED,0.0016447417438030243,0.00024078041315078735,0.010225903242826462,0,OUTPUT_ALTERNATIVE_MODEL_NO_UNIQUE_TRUTH_COMPARISON
3b95156c8de345f59c6584352f982b22,OPEN3D_POINT_TO_PLANE,CAMERA_LOCAL,0.0016447417438030243,0.00024078041315078735,0.022974425926804543,0,OUTPUT
0c4b83108d4a430fbed54931bdfaf7ee,OPEN3D_POINT_TO_PLANE,WORLD_FIXED,0.0012426730245351791,0.00015168078243732452,0.00021746382117271423,0,STOPPED
0c4b83108d4a430fbed54931bdfaf7ee,OPEN3D_POINT_TO_PLANE,CAMERA_LOCAL,0.0012426730245351791,0.00015168078243732452,0.00013204850256443024,0,STOPPED
4bcc8605bb8d48018e6afcad029782b2,OPEN3D_POINT_TO_PLANE,WORLD_FIXED,0.20117264799773693,0.006516752764582634,0.6510641239583492,0,OUTPUT
4bcc8605bb8d48018e6afcad029782b2,OPEN3D_POINT_TO_PLANE,CAMERA_LOCAL,0.20117264799773693,0.006516752764582634,0.7850701957941055,0,OUTPUT_ALTERNATIVE_MODEL_NO_UNIQUE_TRUTH_COMPARISON
31d6fff68cc145e2a127e6e62647a30d,OPEN3D_POINT_TO_PLANE,WORLD_FIXED,0.002100937068462372,0.00018038973212242126,0.005115330219268799,0,OUTPUT_ALTERNATIVE_MODEL_NO_UNIQUE_TRUTH_COMPARISON
31d6fff68cc145e2a127e6e62647a30d,OPEN3D_POINT_TO_PLANE,CAMERA_LOCAL,0.002100937068462372,0.00018038973212242126,0.0020388569682836533,0,STOPPED
11029c055efd4a12a8d4881d8cd3d6f7,OPEN3D_POINT_TO_PLANE,WORLD_FIXED,0.0008552297949790955,0.0001711379736661911,0.0028047673404216766,0,STOPPED
11029c055efd4a12a8d4881d8cd3d6f7,OPEN3D_POINT_TO_PLANE,CAMERA_LOCAL,0.0008552297949790955,0.0001711379736661911,0.002421736717224121,0,STOPPED
a196ab4d5c9642558702ebef48d24a48,OPEN3D_POINT_TO_PLANE,WORLD_FIXED,0.2014817800372839,0.006522690877318382,0.6632665880024433,0,OUTPUT_ALTERNATIVE_MODEL_NO_UNIQUE_TRUTH_COMPARISON
a196ab4d5c9642558702ebef48d24a48,OPEN3D_POINT_TO_PLANE,CAMERA_LOCAL,0.2014817800372839,0.006522690877318382,1.7958398256450891,0,OUTPUT
6e0a31817f114b85bb98bfad70dcc3ac,OPEN3D_POINT_TO_PLANE,WORLD_FIXED,0.198168670758605,0.006476020440459251,0.5008183121681213,0,OUTPUT_ALTERNATIVE_MODEL_NO_UNIQUE_TRUTH_COMPARISON
6e0a31817f114b85bb98bfad70dcc3ac,OPEN3D_POINT_TO_PLANE,CAMERA_LOCAL,0.198168670758605,0.006476020440459251,0.4319013338536024,0,OUTPUT
1402930efe0d451788cb7f6592f0c85e,OPEN3D_POINT_TO_PLANE,WORLD_FIXED,0.20018156617879868,0.0064182523638010025,0.36946388334035873,0,OUTPUT_ALTERNATIVE_MODEL_NO_UNIQUE_TRUTH_COMPARISON
1402930efe0d451788cb7f6592f0c85e,OPEN3D_POINT_TO_PLANE,CAMERA_LOCAL,0.20018156617879868,0.0064182523638010025,0.3931812718510628,0,OUTPUT
3d6e2524224741608f98c533d8174d12,OPEN3D_POINT_TO_PLANE,WORLD_FIXED,0.0018497835844755173,0.00017386116087436676,0.00738326832652092,0,OUTPUT
3d6e2524224741608f98c533d8174d12,OPEN3D_POINT_TO_PLANE,CAMERA_LOCAL,0.0018497835844755173,0.00017386116087436676,0.005772421136498451,0,OUTPUT_ALTERNATIVE_MODEL_NO_UNIQUE_TRUTH_COMPARISON
f5f8dd1091fc42b8b4d0f1bf9a515a40,OPEN3D_POINT_TO_PLANE,WORLD_FIXED,0.20124848373234272,0.006495008245110512,0.2879274860024452,0,OUTPUT_ALTERNATIVE_MODEL_NO_UNIQUE_TRUTH_COMPARISON
f5f8dd1091fc42b8b4d0f1bf9a515a40,OPEN3D_POINT_TO_PLANE,CAMERA_LOCAL,0.20124848373234272,0.006495008245110512,0.3385785836726427,0,OUTPUT
721144c1c1e74f649918b76338082788,OPEN3D_POINT_TO_PLANE,WORLD_FIXED,0.0016360711306333542,0.00024210289120674133,0.0030853208154439926,0,STOPPED
721144c1c1e74f649918b76338082788,OPEN3D_POINT_TO_PLANE,CAMERA_LOCAL,0.0016360711306333542,0.00024210289120674133,0.002465521916747093,0,STOPPED
ee9c8ca7131a4b439e4dc398489cdda0,OPEN3D_POINT_TO_PLANE,WORLD_FIXED,0.0008877981454133987,0.00016731210052967072,0.010866491124033928,0,OUTPUT_ALTERNATIVE_MODEL_NO_UNIQUE_TRUTH_COMPARISON
ee9c8ca7131a4b439e4dc398489cdda0,OPEN3D_POINT_TO_PLANE,CAMERA_LOCAL,0.0008877981454133987,0.00016731210052967072,0.008619897067546844,0,OUTPUT
0c501fedf2d74fe48c0a81be7c81610a,OPEN3D_POINT_TO_PLANE,WORLD_FIXED,0.0009097717702388763,0.00016561709344387054,0.020698368549346924,0,OUTPUT
0c501fedf2d74fe48c0a81be7c81610a,OPEN3D_POINT_TO_PLANE,CAMERA_LOCAL,0.0009097717702388763,0.00016561709344387054,0.008660335093736649,0,OUTPUT_ALTERNATIVE_MODEL_NO_UNIQUE_TRUTH_COMPARISON
92fe9925ceb449dbac7a9781a7287da4,OPEN3D_POINT_TO_PLANE,WORLD_FIXED,0.20132583938539028,0.006565334275364876,0.09661943279206753,0,OUTPUT
92fe9925ceb449dbac7a9781a7287da4,OPEN3D_POINT_TO_PLANE,CAMERA_LOCAL,0.20132583938539028,0.006565334275364876,0.09531174600124359,0,OUTPUT_ALTERNATIVE_MODEL_NO_UNIQUE_TRUTH_COMPARISON
c7139d9912ce45f4b3b5aaf6aca0b001,OPEN3D_POINT_TO_PLANE,WORLD_FIXED,0.0019627492874860764,0.0001900363713502884,3.202073276042938e-05,0,STOPPED_INFORMATION_INSUFFICIENT
c7139d9912ce45f4b3b5aaf6aca0b001,OPEN3D_POINT_TO_PLANE,CAMERA_LOCAL,0.0019627492874860764,0.0001900363713502884,1.089833676815033e-05,0,STOPPED_INFORMATION_INSUFFICIENT
d94fbe974c97462fa9c9c58266a64c8e,OPEN3D_POINT_TO_PLANE,WORLD_FIXED,0.20126955397427082,0.00635930523276329,0.4296493995934725,0,OUTPUT
d94fbe974c97462fa9c9c58266a64c8e,OPEN3D_POINT_TO_PLANE,CAMERA_LOCAL,0.20126955397427082,0.00635930523276329,0.3776354044675827,0,OUTPUT_ALTERNATIVE_MODEL_NO_UNIQUE_TRUTH_COMPARISON
f477e19765214384ac2730d7458db083,OPEN3D_POINT_TO_PLANE,WORLD_FIXED,0.002450680360198021,0.00034310482442379,0.011518673971295357,0,STOPPED_INFORMATION_INSUFFICIENT
f477e19765214384ac2730d7458db083,OPEN3D_POINT_TO_PLANE,CAMERA_LOCAL,0.002450680360198021,0.00034310482442379,0.15195449627935886,0,OUTPUT_WITHOUT_IDENTIFIABILITY_CERTIFICATE
bdbe0fcc494c4d04a011aadc82eea575,OPEN3D_POINT_TO_PLANE,WORLD_FIXED,0.000932866707444191,0.0001692306250333786,0.003150615841150284,0,STOPPED
bdbe0fcc494c4d04a011aadc82eea575,OPEN3D_POINT_TO_PLANE,CAMERA_LOCAL,0.000932866707444191,0.0001692306250333786,0.0028069037944078445,0,STOPPED
d4621e2209b140778dff346e6ea69397,OPEN3D_POINT_TO_PLANE,WORLD_FIXED,0.000860968604683876,0.00015872716903686523,0.00439240038394928,0,STOPPED
d4621e2209b140778dff346e6ea69397,OPEN3D_POINT_TO_PLANE,CAMERA_LOCAL,0.000860968604683876,0.00015872716903686523,0.012649476528167725,0,OUTPUT_ALTERNATIVE_MODEL_NO_UNIQUE_TRUTH_COMPARISON
67a60d7644c3401090d0cc3118ab7669,OPEN3D_POINT_TO_PLANE,WORLD_FIXED,0.20117892883718014,0.006443839520215988,0.363692469894886,0,OUTPUT
67a60d7644c3401090d0cc3118ab7669,OPEN3D_POINT_TO_PLANE,CAMERA_LOCAL,0.20117892883718014,0.006443839520215988,0.35512187890708447,0,OUTPUT_ALTERNATIVE_MODEL_NO_UNIQUE_TRUTH_COMPARISON
ebaf2f42d2b5495793ca2824cd70320c,OPEN3D_POINT_TO_PLANE,WORLD_FIXED,0.0020073987543582916,0.00018278323113918304,3.413110971450806e-05,0,STOPPED_INFORMATION_INSUFFICIENT
ebaf2f42d2b5495793ca2824cd70320c,OPEN3D_POINT_TO_PLANE,CAMERA_LOCAL,0.0020073987543582916,0.00018278323113918304,1.167692244052887e-05,0,STOPPED_INFORMATION_INSUFFICIENT
0b3083ac015142c2892196535dc0dc70,OPEN3D_POINT_TO_PLANE,WORLD_FIXED,0.20141327008605003,0.006468147039413452,0.32999916560947895,0,OUTPUT_ALTERNATIVE_MODEL_NO_UNIQUE_TRUTH_COMPARISON
0b3083ac015142c2892196535dc0dc70,OPEN3D_POINT_TO_PLANE,CAMERA_LOCAL,0.20141327008605003,0.006468147039413452,1.901587463915348,0,OUTPUT
a4bcdb0f775344e08dbdceff2d252a25,OPEN3D_POINT_TO_PLANE,WORLD_FIXED,0.19954916834831238,0.006515679880976677,1.0846074856817722,0,OUTPUT_ALTERNATIVE_MODEL_NO_UNIQUE_TRUTH_COMPARISON
a4bcdb0f775344e08dbdceff2d252a25,OPEN3D_POINT_TO_PLANE,CAMERA_LOCAL,0.19954916834831238,0.006515679880976677,0.47975505888462067,0,OUTPUT
154f230dc3bc4de58625de0c3adcca1f,OPEN3D_POINT_TO_PLANE,WORLD_FIXED,0.20003562793135643,0.006461735814809799,0.43849327601492405,0,OUTPUT
154f230dc3bc4de58625de0c3adcca1f,OPEN3D_POINT_TO_PLANE,CAMERA_LOCAL,0.20003562793135643,0.006461735814809799,0.33149181120097637,0,OUTPUT_ALTERNATIVE_MODEL_NO_UNIQUE_TRUTH_COMPARISON
4c28d9f666dd4c8abe85a6a76588181a,OPEN3D_ROBUST_POINT_TO_PLANE,WORLD_FIXED,0.20824696496129036,0.007172774523496628,0.5239588972181082,18432,OUTPUT
4c28d9f666dd4c8abe85a6a76588181a,OPEN3D_ROBUST_POINT_TO_PLANE,CAMERA_LOCAL,0.20824696496129036,0.007172774523496628,0.5191713403910398,0,OUTPUT_ALTERNATIVE_MODEL_NO_UNIQUE_TRUTH_COMPARISON
3ba9fd0ecf7d4c1090a3fc9ad48d8740,OPEN3D_ROBUST_POINT_TO_PLANE,WORLD_FIXED,0.002441907301545143,0.0005991067737340927,0.038985757157206535,0,OUTPUT_WITHOUT_IDENTIFIABILITY_CERTIFICATE
3ba9fd0ecf7d4c1090a3fc9ad48d8740,OPEN3D_ROBUST_POINT_TO_PLANE,CAMERA_LOCAL,0.002441907301545143,0.0005991067737340927,0.038027435541152954,0,OUTPUT_WITHOUT_IDENTIFIABILITY_CERTIFICATE
61b2c63680b94806b73b1cb28d85de38,OPEN3D_ROBUST_POINT_TO_PLANE,WORLD_FIXED,0.001368088647723198,0.00024193152785301208,0.003221482038497925,0,STOPPED
61b2c63680b94806b73b1cb28d85de38,OPEN3D_ROBUST_POINT_TO_PLANE,CAMERA_LOCAL,0.001368088647723198,0.00024193152785301208,0.002500675618648529,0,STOPPED
95a90168c3e044dc8ed518992c44c9ed,OPEN3D_ROBUST_POINT_TO_PLANE,WORLD_FIXED,0.000881880521774292,0.0001781657338142395,0.02302164025604725,0,OUTPUT
95a90168c3e044dc8ed518992c44c9ed,OPEN3D_ROBUST_POINT_TO_PLANE,CAMERA_LOCAL,0.000881880521774292,0.0001781657338142395,0.008841287344694138,0,OUTPUT_ALTERNATIVE_MODEL_NO_UNIQUE_TRUTH_COMPARISON
c331fd6ad8e54d669cb213403c65116d,OPEN3D_ROBUST_POINT_TO_PLANE,WORLD_FIXED,0.20618151128292084,0.011133154854178429,0.6762278582900763,452,OUTPUT_ALTERNATIVE_MODEL_NO_UNIQUE_TRUTH_COMPARISON
c331fd6ad8e54d669cb213403c65116d,OPEN3D_ROBUST_POINT_TO_PLANE,CAMERA_LOCAL,0.20618151128292084,0.011133154854178429,0.49917776696383953,0,OUTPUT
16068ca95f804ff88a0427a11f80ede8,OPEN3D_ROBUST_POINT_TO_PLANE,WORLD_FIXED,0.19854833744466305,0.006735268980264664,0.4434726759791374,0,OUTPUT
16068ca95f804ff88a0427a11f80ede8,OPEN3D_ROBUST_POINT_TO_PLANE,CAMERA_LOCAL,0.19854833744466305,0.006735268980264664,0.6694267634302378,0,OUTPUT_ALTERNATIVE_MODEL_NO_UNIQUE_TRUTH_COMPARISON
62b3e8164a8a4b0089924f4e8908009a,OPEN3D_ROBUST_POINT_TO_PLANE,WORLD_FIXED,0.19958141446113586,0.006415810436010361,0.6374423950910568,0,OUTPUT
62b3e8164a8a4b0089924f4e8908009a,OPEN3D_ROBUST_POINT_TO_PLANE,CAMERA_LOCAL,0.19958141446113586,0.006415810436010361,0.5508684925734997,0,OUTPUT_ALTERNATIVE_MODEL_NO_UNIQUE_TRUTH_COMPARISON
a86cf6e5ba4f4b4cb6b5d3f0d2cdf7c4,OPEN3D_ROBUST_POINT_TO_PLANE,WORLD_FIXED,0.001499868929386139,0.0003386065363883972,0.007198864594101906,0,STOPPED_INFORMATION_INSUFFICIENT
a86cf6e5ba4f4b4cb6b5d3f0d2cdf7c4,OPEN3D_ROBUST_POINT_TO_PLANE,CAMERA_LOCAL,0.001499868929386139,0.0003386065363883972,0.011350136250257492,0,STOPPED_INFORMATION_INSUFFICIENT
2d510a4d4a3949b09dfa947878b1109b,OPEN3D_ROBUST_POINT_TO_PLANE,WORLD_FIXED,0.0014081168919801712,0.00016675889492034912,0.0051931776106357574,0,OUTPUT_ALTERNATIVE_MODEL_NO_UNIQUE_TRUTH_COMPARISON
2d510a4d4a3949b09dfa947878b1109b,OPEN3D_ROBUST_POINT_TO_PLANE,CAMERA_LOCAL,0.0014081168919801712,0.00016675889492034912,0.0032803788781166077,0,OUTPUT
38966a1d743349c98959d1d60a8fe011,OPEN3D_ROBUST_POINT_TO_PLANE,WORLD_FIXED,0.0009151920676231384,0.00021523237228393555,0.00277031771838665,0,STOPPED
38966a1d743349c98959d1d60a8fe011,OPEN3D_ROBUST_POINT_TO_PLANE,CAMERA_LOCAL,0.0009151920676231384,0.00021523237228393555,0.003262784332036972,0,STOPPED
d0a112c217d44081b2e4e6c8fbfc049f,OPEN3D_ROBUST_POINT_TO_PLANE,WORLD_FIXED,0.19879386387765408,0.006638955324888229,1.1223698779940605,0,OUTPUT_ALTERNATIVE_MODEL_NO_UNIQUE_TRUTH_COMPARISON
d0a112c217d44081b2e4e6c8fbfc049f,OPEN3D_ROBUST_POINT_TO_PLANE,CAMERA_LOCAL,0.19879386387765408,0.006638955324888229,0.37669579312205315,0,OUTPUT
d833a84a788a44c3999fc34090c9719b,OPEN3D_ROBUST_POINT_TO_PLANE,WORLD_FIXED,0.0015154015272855759,0.00031386129558086395,0.019922904670238495,0,OUTPUT_ALTERNATIVE_MODEL_NO_UNIQUE_TRUTH_COMPARISON
d833a84a788a44c3999fc34090c9719b,OPEN3D_ROBUST_POINT_TO_PLANE,CAMERA_LOCAL,0.0015154015272855759,0.00031386129558086395,0.003692377358675003,0,OUTPUT
811fe61ae2cc47c688a2a1d3cf5d27a7,OPEN3D_ROBUST_POINT_TO_PLANE,WORLD_FIXED,0.20148755051195621,0.006534367799758911,1.788814190775156,0,OUTPUT
811fe61ae2cc47c688a2a1d3cf5d27a7,OPEN3D_ROBUST_POINT_TO_PLANE,CAMERA_LOCAL,0.20148755051195621,0.006534367799758911,0.483635101467371,0,OUTPUT_ALTERNATIVE_MODEL_NO_UNIQUE_TRUTH_COMPARISON
0d0eaac4669b41c3ab399a00a2af2d2b,OPEN3D_ROBUST_POINT_TO_PLANE,WORLD_FIXED,0.19976120442152023,0.006550950929522514,0.7720502112060785,0,OUTPUT
0d0eaac4669b41c3ab399a00a2af2d2b,OPEN3D_ROBUST_POINT_TO_PLANE,CAMERA_LOCAL,0.19976120442152023,0.006550950929522514,1.7956989854574203,0,OUTPUT_ALTERNATIVE_MODEL_NO_UNIQUE_TRUTH_COMPARISON
15b25d6b7521453abee0455fc66ecbb6,OPEN3D_ROBUST_POINT_TO_PLANE,WORLD_FIXED,0.001568719744682312,0.0002554226666688919,0.004624009132385254,0,STOPPED_INFORMATION_INSUFFICIENT
15b25d6b7521453abee0455fc66ecbb6,OPEN3D_ROBUST_POINT_TO_PLANE,CAMERA_LOCAL,0.001568719744682312,0.0002554226666688919,0.005800154060125351,0,STOPPED_INFORMATION_INSUFFICIENT
89011a2ead624e698e42ce0abc69dff2,OPEN3D_ROBUST_POINT_TO_PLANE,WORLD_FIXED,0.20164147950708866,0.006583159789443016,0.6605632044374943,0,OUTPUT_ALTERNATIVE_MODEL_NO_UNIQUE_TRUTH_COMPARISON
89011a2ead624e698e42ce0abc69dff2,OPEN3D_ROBUST_POINT_TO_PLANE,CAMERA_LOCAL,0.20164147950708866,0.006583159789443016,0.5546757224947214,0,OUTPUT
2ebce00c7f6d4bfaab41db93dd0e2c25,OPEN3D_ROBUST_POINT_TO_PLANE,WORLD_FIXED,0.0021077487617731094,0.00018887408077716827,0.0004997383803129196,0,STOPPED
2ebce00c7f6d4bfaab41db93dd0e2c25,OPEN3D_ROBUST_POINT_TO_PLANE,CAMERA_LOCAL,0.0021077487617731094,0.00018887408077716827,0.0003865044564008713,0,STOPPED
92c840c690094719a5435b8ac0fc5268,OPEN3D_ROBUST_POINT_TO_PLANE,WORLD_FIXED,0.0008512157946825027,0.00015995092689990997,0.011394033208489418,0,OUTPUT_ALTERNATIVE_MODEL_NO_UNIQUE_TRUTH_COMPARISON
92c840c690094719a5435b8ac0fc5268,OPEN3D_ROBUST_POINT_TO_PLANE,CAMERA_LOCAL,0.0008512157946825027,0.00015995092689990997,0.029846899211406708,0,OUTPUT
b189d7d17bec43978637e80534727d21,OPEN3D_ROBUST_POINT_TO_PLANE,WORLD_FIXED,0.19994141533970833,0.006400665268301964,0.744644720107317,0,OUTPUT_ALTERNATIVE_MODEL_NO_UNIQUE_TRUTH_COMPARISON
b189d7d17bec43978637e80534727d21,OPEN3D_ROBUST_POINT_TO_PLANE,CAMERA_LOCAL,0.19994141533970833,0.006400665268301964,0.607091162353754,0,OUTPUT
4d43ec3416434c6dba1151fc64b3afa6,OPEN3D_ROBUST_POINT_TO_PLANE,WORLD_FIXED,0.2004895657300949,0.006419224664568901,0.0746536273509264,0,STOPPED
4d43ec3416434c6dba1151fc64b3afa6,OPEN3D_ROBUST_POINT_TO_PLANE,CAMERA_LOCAL,0.2004895657300949,0.006419224664568901,0.6660453863441944,0,OUTPUT_ALTERNATIVE_MODEL_NO_UNIQUE_TRUTH_COMPARISON
7522e4f6d327441baa991f95a4a74ef2,OPEN3D_ROBUST_POINT_TO_PLANE,WORLD_FIXED,0.20313482731580734,0.006407406181097031,0.2963922768831253,0,OUTPUT_ALTERNATIVE_MODEL_NO_UNIQUE_TRUTH_COMPARISON
7522e4f6d327441baa991f95a4a74ef2,OPEN3D_ROBUST_POINT_TO_PLANE,CAMERA_LOCAL,0.20313482731580734,0.006407406181097031,0.2932799272239208,0,OUTPUT
39b31a9f2dbb475e9ff96c0bbaa16445,OPEN3D_ROBUST_POINT_TO_PLANE,WORLD_FIXED,0.0022340547293424606,0.00033931806683540344,0.0409376360476017,0,OUTPUT_WITHOUT_IDENTIFIABILITY_CERTIFICATE
39b31a9f2dbb475e9ff96c0bbaa16445,OPEN3D_ROBUST_POINT_TO_PLANE,CAMERA_LOCAL,0.0022340547293424606,0.00033931806683540344,0.1686170231550932,0,OUTPUT_WITHOUT_IDENTIFIABILITY_CERTIFICATE
0d739c353a2243f7add2a9694b908956,OPEN3D_ROBUST_POINT_TO_PLANE,WORLD_FIXED,0.0013741161674261093,0.00014221109449863434,0.011294813826680183,0,OUTPUT
0d739c353a2243f7add2a9694b908956,OPEN3D_ROBUST_POINT_TO_PLANE,CAMERA_LOCAL,0.0013741161674261093,0.00014221109449863434,0.03615324944257736,0,OUTPUT_ALTERNATIVE_MODEL_NO_UNIQUE_TRUTH_COMPARISON
ba152c587fc84b70bb6ef936f6d845a4,OPEN3D_ROBUST_POINT_TO_PLANE,WORLD_FIXED,0.20193449780344963,0.006367186084389687,1.7546375188976526,0,OUTPUT_ALTERNATIVE_MODEL_NO_UNIQUE_TRUTH_COMPARISON
ba152c587fc84b70bb6ef936f6d845a4,OPEN3D_ROBUST_POINT_TO_PLANE,CAMERA_LOCAL,0.20193449780344963,0.006367186084389687,0.5588004067540169,0,OUTPUT
904d992d3e1944059c7c57f9c779a8e0,OPEN3D_ROBUST_POINT_TO_PLANE,WORLD_FIXED,0.19996261596679688,0.006541816517710686,0.19872353225946426,0,OUTPUT
904d992d3e1944059c7c57f9c779a8e0,OPEN3D_ROBUST_POINT_TO_PLANE,CAMERA_LOCAL,0.19996261596679688,0.006541816517710686,0.2570366691797972,0,OUTPUT_ALTERNATIVE_MODEL_NO_UNIQUE_TRUTH_COMPARISON
642e1208e14d41cf8d62c915b95a109f,OPEN3D_ROBUST_POINT_TO_PLANE,WORLD_FIXED,0.0015457551926374435,0.00024373643100261688,0.00467240996658802,0,STOPPED_INFORMATION_INSUFFICIENT
642e1208e14d41cf8d62c915b95a109f,OPEN3D_ROBUST_POINT_TO_PLANE,CAMERA_LOCAL,0.0015457551926374435,0.00024373643100261688,0.004010442644357681,0,STOPPED_INFORMATION_INSUFFICIENT
275076508c8b4fabbd81606e507b6e5b,OPEN3D_ROBUST_POINT_TO_PLANE,WORLD_FIXED,0.0008648168295621872,0.0001669079065322876,0.002892501652240753,0,STOPPED
275076508c8b4fabbd81606e507b6e5b,OPEN3D_ROBUST_POINT_TO_PLANE,CAMERA_LOCAL,0.0008648168295621872,0.0001669079065322876,0.0022573545575141907,0,STOPPED
07c581eb235040f8b2bcf26af0aaf020,OPEN3D_ROBUST_POINT_TO_PLANE,WORLD_FIXED,0.0008727274835109711,0.00020491890609264374,0.0028221458196640015,0,STOPPED
07c581eb235040f8b2bcf26af0aaf020,OPEN3D_ROBUST_POINT_TO_PLANE,CAMERA_LOCAL,0.0008727274835109711,0.00020491890609264374,0.0023279674351215363,0,STOPPED
0a72517e954d49879a04e98843dee22b,OPEN3D_ROBUST_POINT_TO_PLANE,WORLD_FIXED,0.0008730795234441757,0.0001644957810640335,0.01967451348900795,0,OUTPUT
0a72517e954d49879a04e98843dee22b,OPEN3D_ROBUST_POINT_TO_PLANE,CAMERA_LOCAL,0.0008730795234441757,0.0001644957810640335,0.0036597270518541336,0,STOPPED
0613bd6004934d7e9a4d9bb9ee1b917f,OPEN3D_ROBUST_POINT_TO_PLANE,WORLD_FIXED,0.0008930359035730362,0.0001568831503391266,0.010576542466878891,0,OUTPUT
0613bd6004934d7e9a4d9bb9ee1b917f,OPEN3D_ROBUST_POINT_TO_PLANE,CAMERA_LOCAL,0.0008930359035730362,0.0001568831503391266,0.017263000831007957,0,OUTPUT_ALTERNATIVE_MODEL_NO_UNIQUE_TRUTH_COMPARISON
b64258d87dfd4efd834c86f47193d529,OPEN3D_ROBUST_POINT_TO_PLANE,WORLD_FIXED,0.0012740902602672577,0.00013313814997673035,0.00023266859352588654,0,STOPPED
b64258d87dfd4efd834c86f47193d529,OPEN3D_ROBUST_POINT_TO_PLANE,CAMERA_LOCAL,0.0012740902602672577,0.00013313814997673035,0.00012755952775478363,0,STOPPED
97c58d07be404adfbc9ac8d302006599,OPEN3D_ROBUST_POINT_TO_PLANE,WORLD_FIXED,0.0008566733449697495,0.00015879608690738678,0.07728822343051434,0,OUTPUT
97c58d07be404adfbc9ac8d302006599,OPEN3D_ROBUST_POINT_TO_PLANE,CAMERA_LOCAL,0.0008566733449697495,0.00015879608690738678,0.006008535623550415,0,OUTPUT_ALTERNATIVE_MODEL_NO_UNIQUE_TRUTH_COMPARISON
b1ab0b082ec0459a9a06d409c0577a76,OPEN3D_ROBUST_POINT_TO_PLANE,WORLD_FIXED,0.2012408096343279,0.006485613062977791,0.46857160329818726,0,OUTPUT_ALTERNATIVE_MODEL_NO_UNIQUE_TRUTH_COMPARISON
b1ab0b082ec0459a9a06d409c0577a76,OPEN3D_ROBUST_POINT_TO_PLANE,CAMERA_LOCAL,0.2012408096343279,0.006485613062977791,0.4690764993429184,0,OUTPUT
76b500a228de45b6a7759de2d90889cc,OPEN3D_ROBUST_POINT_TO_PLANE,WORLD_FIXED,0.19951658695936203,0.006471011787652969,0.7727251555770636,0,OUTPUT_ALTERNATIVE_MODEL_NO_UNIQUE_TRUTH_COMPARISON
76b500a228de45b6a7759de2d90889cc,OPEN3D_ROBUST_POINT_TO_PLANE,CAMERA_LOCAL,0.19951658695936203,0.006471011787652969,0.6393418237566948,0,OUTPUT
55d9ad951e0b46c0a1876eba953db1d0,OPEN3D_ROBUST_POINT_TO_PLANE,WORLD_FIXED,0.0016831420361995697,0.0002424735575914383,0.009976644068956375,0,OUTPUT
55d9ad951e0b46c0a1876eba953db1d0,OPEN3D_ROBUST_POINT_TO_PLANE,CAMERA_LOCAL,0.0016831420361995697,0.0002424735575914383,0.006708761677145958,0,OUTPUT_ALTERNATIVE_MODEL_NO_UNIQUE_TRUTH_COMPARISON
857cb8e146294f459f1829f0aee52e9f,OPEN3D_ROBUST_POINT_TO_PLANE,WORLD_FIXED,0.0008436143398284912,0.00016492977738380432,0.017256582155823708,0,OUTPUT
857cb8e146294f459f1829f0aee52e9f,OPEN3D_ROBUST_POINT_TO_PLANE,CAMERA_LOCAL,0.0008436143398284912,0.00016492977738380432,0.009918347001075745,0,OUTPUT_ALTERNATIVE_MODEL_NO_UNIQUE_TRUTH_COMPARISON
c6525673188d4350ac0bfbd905453f19,OPEN3D_ROBUST_POINT_TO_PLANE,WORLD_FIXED,0.0009200479835271835,0.00016908347606658936,0.00472085177898407,0,STOPPED
c6525673188d4350ac0bfbd905453f19,OPEN3D_ROBUST_POINT_TO_PLANE,CAMERA_LOCAL,0.0009200479835271835,0.00016908347606658936,0.01216273196041584,0,OUTPUT
0aaff379548944648a7414c130a181fa,OPEN3D_ROBUST_POINT_TO_PLANE,WORLD_FIXED,0.0011950507760047913,0.00014553777873516083,4.933401942253113e-05,0,STOPPED_INFORMATION_INSUFFICIENT
0aaff379548944648a7414c130a181fa,OPEN3D_ROBUST_POINT_TO_PLANE,CAMERA_LOCAL,0.0011950507760047913,0.00014553777873516083,1.1118128895759583e-05,0,STOPPED_INFORMATION_INSUFFICIENT
55da8ade46264d6b8fd1cc63e3eb03bb,OPEN3D_ROBUST_POINT_TO_PLANE,WORLD_FIXED,0.20175685361027718,0.006721919402480125,0.6244519017636776,0,OUTPUT
55da8ade46264d6b8fd1cc63e3eb03bb,OPEN3D_ROBUST_POINT_TO_PLANE,CAMERA_LOCAL,0.20175685361027718,0.006721919402480125,0.6045524645596743,0,OUTPUT_ALTERNATIVE_MODEL_NO_UNIQUE_TRUTH_COMPARISON
9bcd56d2f8b94a9fb7d9128fdd743677,OPEN3D_ROBUST_POINT_TO_PLANE,WORLD_FIXED,0.0019513238221406937,0.0001827329397201538,3.10651957988739e-05,0,STOPPED
9bcd56d2f8b94a9fb7d9128fdd743677,OPEN3D_ROBUST_POINT_TO_PLANE,CAMERA_LOCAL,0.0019513238221406937,0.0001827329397201538,1.1106953024864197e-05,0,STOPPED
4b8e0982b94b4b568b7bb68c1a70349b,OPEN3D_ROBUST_POINT_TO_PLANE,WORLD_FIXED,0.0008964147418737411,0.00016135163605213165,0.019823916256427765,0,OUTPUT
4b8e0982b94b4b568b7bb68c1a70349b,OPEN3D_ROBUST_POINT_TO_PLANE,CAMERA_LOCAL,0.0008964147418737411,0.00016135163605213165,0.013040764257311821,0,OUTPUT_ALTERNATIVE_MODEL_NO_UNIQUE_TRUTH_COMPARISON
46451fd3bbb747cabbb545e992f66693,OPEN3D_ROBUST_POINT_TO_PLANE,WORLD_FIXED,0.0008039530366659164,0.0001561436802148819,0.003788679838180542,0,STOPPED
46451fd3bbb747cabbb545e992f66693,OPEN3D_ROBUST_POINT_TO_PLANE,CAMERA_LOCAL,0.0008039530366659164,0.0001561436802148819,0.0021631810814142227,0,STOPPED
f0f816a3832546698dc2e94ed0eac510,OPEN3D_ROBUST_POINT_TO_PLANE,WORLD_FIXED,0.0012037325650453568,0.00013646483421325684,0.0004933178424835205,0,STOPPED
f0f816a3832546698dc2e94ed0eac510,OPEN3D_ROBUST_POINT_TO_PLANE,CAMERA_LOCAL,0.0012037325650453568,0.00013646483421325684,0.0003704633563756943,0,STOPPED
1c5086f5a650429cb0f97e52ddb70275,OPEN3D_ROBUST_POINT_TO_PLANE,WORLD_FIXED,0.001212162896990776,0.00014460831880569458,0.01971776783466339,0,OUTPUT_ALTERNATIVE_MODEL_NO_UNIQUE_TRUTH_COMPARISON
1c5086f5a650429cb0f97e52ddb70275,OPEN3D_ROBUST_POINT_TO_PLANE,CAMERA_LOCAL,0.001212162896990776,0.00014460831880569458,0.002964381128549576,0,OUTPUT
59fd65482a55445eba3ae057c7192e47,OPEN3D_ROBUST_POINT_TO_PLANE,WORLD_FIXED,0.0008233450353145599,0.00014807283878326416,0.00899374671280384,0,OUTPUT_ALTERNATIVE_MODEL_NO_UNIQUE_TRUTH_COMPARISON
59fd65482a55445eba3ae057c7192e47,OPEN3D_ROBUST_POINT_TO_PLANE,CAMERA_LOCAL,0.0008233450353145599,0.00014807283878326416,0.016214603558182716,0,OUTPUT
0e9d25928694496596c62b5d8361a298,OPEN3D_ROBUST_POINT_TO_PLANE,WORLD_FIXED,0.0008689127862453461,0.00015452131628990173,0.014474835246801376,0,OUTPUT_ALTERNATIVE_MODEL_NO_UNIQUE_TRUTH_COMPARISON
0e9d25928694496596c62b5d8361a298,OPEN3D_ROBUST_POINT_TO_PLANE,CAMERA_LOCAL,0.0008689127862453461,0.00015452131628990173,0.016154224053025246,0,OUTPUT
63ec2f78549f40a8b5ba674733364339,OPEN3D_ROBUST_POINT_TO_PLANE,WORLD_FIXED,0.0008749198168516159,0.00016133300960063934,0.01778399758040905,0,OUTPUT
63ec2f78549f40a8b5ba674733364339,OPEN3D_ROBUST_POINT_TO_PLANE,CAMERA_LOCAL,0.0008749198168516159,0.00016133300960063934,0.008574109524488449,0,OUTPUT_ALTERNATIVE_MODEL_NO_UNIQUE_TRUTH_COMPARISON
9aa73a8026fb452d95bb587681c67b39,OPEN3D_ROBUST_POINT_TO_PLANE,WORLD_FIXED,0.201553488150239,0.006486816331744194,0.691199004650116,0,OUTPUT
9aa73a8026fb452d95bb587681c67b39,OPEN3D_ROBUST_POINT_TO_PLANE,CAMERA_LOCAL,0.201553488150239,0.006486816331744194,0.6826432570815086,0,OUTPUT_ALTERNATIVE_MODEL_NO_UNIQUE_TRUTH_COMPARISON
8050dc91668147cb93d568b944b49e81,OPEN3D_ROBUST_POINT_TO_PLANE,WORLD_FIXED,0.002456389367580414,0.0003402065485715866,0.032148489728569984,0,OUTPUT_WITHOUT_IDENTIFIABILITY_CERTIFICATE
8050dc91668147cb93d568b944b49e81,OPEN3D_ROBUST_POINT_TO_PLANE,CAMERA_LOCAL,0.002456389367580414,0.0003402065485715866,0.10660453327000141,0,OUTPUT_WITHOUT_IDENTIFIABILITY_CERTIFICATE
547f11fe6ca04525b78ab7f99b751e88,OPEN3D_ROBUST_POINT_TO_PLANE,WORLD_FIXED,0.20016158372163773,0.006514636799693108,0.5996174104511738,0,OUTPUT
547f11fe6ca04525b78ab7f99b751e88,OPEN3D_ROBUST_POINT_TO_PLANE,CAMERA_LOCAL,0.20016158372163773,0.006514636799693108,0.7288150433450937,0,OUTPUT_ALTERNATIVE_MODEL_NO_UNIQUE_TRUTH_COMPARISON
29280027d82f4bf1a126a04c7a4392b4,OPEN3D_ROBUST_POINT_TO_PLANE,WORLD_FIXED,0.0016787629574537277,0.0002471897751092911,0.003336763009428978,0,STOPPED
29280027d82f4bf1a126a04c7a4392b4,OPEN3D_ROBUST_POINT_TO_PLANE,CAMERA_LOCAL,0.0016787629574537277,0.0002471897751092911,0.0030086059123277664,0,STOPPED
0e2fd2d4713040c789338e1dd39a254a,OPEN3D_ROBUST_POINT_TO_PLANE,WORLD_FIXED,0.0012310147285461426,0.00014116056263446808,6.539560854434967e-05,0,STOPPED
0e2fd2d4713040c789338e1dd39a254a,OPEN3D_ROBUST_POINT_TO_PLANE,CAMERA_LOCAL,0.0012310147285461426,0.00014116056263446808,1.3360753655433655e-05,0,STOPPED
75a77a31743745c6a34ca8712f68ba9d,OPEN3D_ROBUST_POINT_TO_PLANE,WORLD_FIXED,0.0008436553180217743,0.00016061030328273773,0.004160244017839432,0,OUTPUT_ALTERNATIVE_MODEL_NO_UNIQUE_TRUTH_COMPARISON
75a77a31743745c6a34ca8712f68ba9d,OPEN3D_ROBUST_POINT_TO_PLANE,CAMERA_LOCAL,0.0008436553180217743,0.00016061030328273773,0.025139767676591873,0,OUTPUT
b382feae0447466ba9c5bd16af6b2aac,OPEN3D_ROBUST_POINT_TO_PLANE,WORLD_FIXED,0.0012375228106975555,0.0001389477401971817,0.0022714342921972275,0,STOPPED
b382feae0447466ba9c5bd16af6b2aac,OPEN3D_ROBUST_POINT_TO_PLANE,CAMERA_LOCAL,0.0012375228106975555,0.0001389477401971817,0.001747090369462967,0,STOPPED
8439eb24aa2843e6a7b58d1f7c7c3ac0,OPEN3D_ROBUST_POINT_TO_PLANE,WORLD_FIXED,0.0011104922741651535,0.00014390796422958374,3.0836090445518494e-05,0,STOPPED_INFORMATION_INSUFFICIENT
8439eb24aa2843e6a7b58d1f7c7c3ac0,OPEN3D_ROBUST_POINT_TO_PLANE,CAMERA_LOCAL,0.0011104922741651535,0.00014390796422958374,1.1166557669639587e-05,0,STOPPED_INFORMATION_INSUFFICIENT
67a32643f48b4070b4b2050dd46fdd03,OPEN3D_ROBUST_POINT_TO_PLANE,WORLD_FIXED,0.20158096961677074,0.006366906687617302,0.7046012431383133,0,OUTPUT
67a32643f48b4070b4b2050dd46fdd03,OPEN3D_ROBUST_POINT_TO_PLANE,CAMERA_LOCAL,0.20158096961677074,0.006366906687617302,0.5851187612861395,0,OUTPUT_ALTERNATIVE_MODEL_NO_UNIQUE_TRUTH_COMPARISON
a80aadeb42e44765afd4094d1e1d7d36,OPEN3D_ROBUST_POINT_TO_PLANE,WORLD_FIXED,0.00165516696870327,0.0002445392310619354,0.01235184445977211,0,OUTPUT
a80aadeb42e44765afd4094d1e1d7d36,OPEN3D_ROBUST_POINT_TO_PLANE,CAMERA_LOCAL,0.00165516696870327,0.0002445392310619354,0.013334643095731735,0,OUTPUT_ALTERNATIVE_MODEL_NO_UNIQUE_TRUTH_COMPARISON
0dc432dcac6240dbaf55b534492d5f51,OPEN3D_ROBUST_POINT_TO_PLANE,WORLD_FIXED,0.19939465634524822,0.006532864645123482,0.5936133321374655,0,OUTPUT
0dc432dcac6240dbaf55b534492d5f51,OPEN3D_ROBUST_POINT_TO_PLANE,CAMERA_LOCAL,0.19939465634524822,0.006532864645123482,0.5445481687784195,0,OUTPUT_ALTERNATIVE_MODEL_NO_UNIQUE_TRUTH_COMPARISON
4900aead925b45f8a0e3c933717ecb0a,OPEN3D_ROBUST_POINT_TO_PLANE,WORLD_FIXED,0.0016129054129123688,0.0002403799444437027,0.002967553213238716,0,STOPPED
4900aead925b45f8a0e3c933717ecb0a,OPEN3D_ROBUST_POINT_TO_PLANE,CAMERA_LOCAL,0.0016129054129123688,0.0002403799444437027,0.002575268968939781,0,STOPPED
ec299ce9983743208e44ad4d8646b2ab,OPEN3D_ROBUST_POINT_TO_PLANE,WORLD_FIXED,0.0009371638298034668,0.00017254799604415894,0.00491703674197197,0,OUTPUT
ec299ce9983743208e44ad4d8646b2ab,OPEN3D_ROBUST_POINT_TO_PLANE,CAMERA_LOCAL,0.0009371638298034668,0.00017254799604415894,0.009084634482860565,0,OUTPUT_ALTERNATIVE_MODEL_NO_UNIQUE_TRUTH_COMPARISON
4ce9a7d20c674d7fae60ec20eae7ffc4,OPEN3D_ROBUST_POINT_TO_PLANE,WORLD_FIXED,0.0008474402129650116,0.00016794167459011078,0.05186809226870537,0,OUTPUT
4ce9a7d20c674d7fae60ec20eae7ffc4,OPEN3D_ROBUST_POINT_TO_PLANE,CAMERA_LOCAL,0.0008474402129650116,0.00016794167459011078,0.008530864492058754,0,OUTPUT_ALTERNATIVE_MODEL_NO_UNIQUE_TRUTH_COMPARISON
f0716e0bd3cc48979b06b987939c46cb,OPEN3D_ROBUST_POINT_TO_PLANE,WORLD_FIXED,0.20140556804835796,0.006525032222270966,0.6158382296562195,0,OUTPUT_ALTERNATIVE_MODEL_NO_UNIQUE_TRUTH_COMPARISON
f0716e0bd3cc48979b06b987939c46cb,OPEN3D_ROBUST_POINT_TO_PLANE,CAMERA_LOCAL,0.20140556804835796,0.006525032222270966,0.6207142900675535,0,OUTPUT
053ac6e998944173b1464f5c81fe7dde,OPEN3D_ROBUST_POINT_TO_PLANE,WORLD_FIXED,0.0016760006546974182,0.0002572741359472275,0.013661568984389305,0,OUTPUT
053ac6e998944173b1464f5c81fe7dde,OPEN3D_ROBUST_POINT_TO_PLANE,CAMERA_LOCAL,0.0016760006546974182,0.0002572741359472275,0.002491625025868416,0,STOPPED
eb80abec7df24ec4be5a0228908cd6cb,OPEN3D_ROBUST_POINT_TO_PLANE,WORLD_FIXED,0.0012799669057130814,0.0001442059874534607,0.00035483017563819885,0,STOPPED
eb80abec7df24ec4be5a0228908cd6cb,OPEN3D_ROBUST_POINT_TO_PLANE,CAMERA_LOCAL,0.0012799669057130814,0.0001442059874534607,0.00022653676569461823,0,STOPPED
f123c52c42bc4603a6257a779f1aada5,OPEN3D_ROBUST_POINT_TO_PLANE,WORLD_FIXED,0.000837644562125206,0.00015563145279884338,0.010370995849370956,0,OUTPUT
f123c52c42bc4603a6257a779f1aada5,OPEN3D_ROBUST_POINT_TO_PLANE,CAMERA_LOCAL,0.000837644562125206,0.00015563145279884338,0.009594032540917397,0,OUTPUT_ALTERNATIVE_MODEL_NO_UNIQUE_TRUTH_COMPARISON
57008f8f2a224ccc837801a5a4a2d2c8,OPEN3D_ROBUST_POINT_TO_PLANE,WORLD_FIXED,0.2016266379505396,0.00659322552382946,0.5922010838985443,0,OUTPUT_ALTERNATIVE_MODEL_NO_UNIQUE_TRUTH_COMPARISON
57008f8f2a224ccc837801a5a4a2d2c8,OPEN3D_ROBUST_POINT_TO_PLANE,CAMERA_LOCAL,0.2016266379505396,0.00659322552382946,0.6188548058271408,0,OUTPUT
a645fad4d7af49aabbd3dd175812f75c,OPEN3D_ROBUST_POINT_TO_PLANE,WORLD_FIXED,0.0016153883188962936,0.0002482924610376358,0.008814960718154907,0,OUTPUT_ALTERNATIVE_MODEL_NO_UNIQUE_TRUTH_COMPARISON
a645fad4d7af49aabbd3dd175812f75c,OPEN3D_ROBUST_POINT_TO_PLANE,CAMERA_LOCAL,0.0016153883188962936,0.0002482924610376358,0.040097715333104134,0,OUTPUT
6c6e3c76105a4089a4bb88808d0b9162,OPEN3D_ROBUST_POINT_TO_PLANE,WORLD_FIXED,0.20138906314969063,0.006538504734635353,0.25397568941116333,0,OUTPUT_ALTERNATIVE_MODEL_NO_UNIQUE_TRUTH_COMPARISON
6c6e3c76105a4089a4bb88808d0b9162,OPEN3D_ROBUST_POINT_TO_PLANE,CAMERA_LOCAL,0.20138906314969063,0.006538504734635353,0.2636299319565296,0,OUTPUT
e279e7b2ed1f4f43bcd60f16097c9574,OPEN3D_ROBUST_POINT_TO_PLANE,WORLD_FIXED,0.1976767722517252,0.006495896726846695,0.055596524849534035,0,STOPPED
e279e7b2ed1f4f43bcd60f16097c9574,OPEN3D_ROBUST_POINT_TO_PLANE,CAMERA_LOCAL,0.1976767722517252,0.006495896726846695,0.522339291870594,0,OUTPUT
9a830b07146e49d0942d5f8bac6f9789,OPEN3D_ROBUST_POINT_TO_PLANE,WORLD_FIXED,0.001766955479979515,0.0002637263387441635,0.00685415044426918,0,STOPPED_INFORMATION_INSUFFICIENT
9a830b07146e49d0942d5f8bac6f9789,OPEN3D_ROBUST_POINT_TO_PLANE,CAMERA_LOCAL,0.001766955479979515,0.0002637263387441635,0.11218789219856262,0,OUTPUT_WITHOUT_IDENTIFIABILITY_CERTIFICATE
8830786ff99c439e9a285e1aa2cf2680,OPEN3D_ROBUST_POINT_TO_PLANE,WORLD_FIXED,0.0008538085967302322,0.0001605413854122162,0.009700573980808258,0,OUTPUT_ALTERNATIVE_MODEL_NO_UNIQUE_TRUTH_COMPARISON
8830786ff99c439e9a285e1aa2cf2680,OPEN3D_ROBUST_POINT_TO_PLANE,CAMERA_LOCAL,0.0008538085967302322,0.0001605413854122162,0.08445515111088753,0,OUTPUT
309bb4c8570f4b17a6f218c1a02f0c71,OPEN3D_ROBUST_POINT_TO_PLANE,WORLD_FIXED,0.2016298919916153,0.006537223234772682,0.7502756919711828,0,OUTPUT
309bb4c8570f4b17a6f218c1a02f0c71,OPEN3D_ROBUST_POINT_TO_PLANE,CAMERA_LOCAL,0.2016298919916153,0.006537223234772682,0.5670136362314224,0,OUTPUT_ALTERNATIVE_MODEL_NO_UNIQUE_TRUTH_COMPARISON
3b95156c8de345f59c6584352f982b22,OPEN3D_ROBUST_POINT_TO_PLANE,WORLD_FIXED,0.0016447417438030243,0.00024078041315078735,0.011565089225769043,0,OUTPUT_ALTERNATIVE_MODEL_NO_UNIQUE_TRUTH_COMPARISON
3b95156c8de345f59c6584352f982b22,OPEN3D_ROBUST_POINT_TO_PLANE,CAMERA_LOCAL,0.0016447417438030243,0.00024078041315078735,0.023527609184384346,0,OUTPUT
0c4b83108d4a430fbed54931bdfaf7ee,OPEN3D_ROBUST_POINT_TO_PLANE,WORLD_FIXED,0.0012426730245351791,0.00015168078243732452,0.0002263188362121582,0,STOPPED
0c4b83108d4a430fbed54931bdfaf7ee,OPEN3D_ROBUST_POINT_TO_PLANE,CAMERA_LOCAL,0.0012426730245351791,0.00015168078243732452,0.00012804381549358368,0,STOPPED
4bcc8605bb8d48018e6afcad029782b2,OPEN3D_ROBUST_POINT_TO_PLANE,WORLD_FIXED,0.20117264799773693,0.006516752764582634,0.13201960176229477,0,STOPPED
4bcc8605bb8d48018e6afcad029782b2,OPEN3D_ROBUST_POINT_TO_PLANE,CAMERA_LOCAL,0.20117264799773693,0.006516752764582634,0.13293843530118465,0,STOPPED
31d6fff68cc145e2a127e6e62647a30d,OPEN3D_ROBUST_POINT_TO_PLANE,WORLD_FIXED,0.002100937068462372,0.00018038973212242126,0.0031179003417491913,0,STOPPED
31d6fff68cc145e2a127e6e62647a30d,OPEN3D_ROBUST_POINT_TO_PLANE,CAMERA_LOCAL,0.002100937068462372,0.00018038973212242126,0.025816161185503006,0,OUTPUT
11029c055efd4a12a8d4881d8cd3d6f7,OPEN3D_ROBUST_POINT_TO_PLANE,WORLD_FIXED,0.0008552297949790955,0.0001711379736661911,0.002862757071852684,0,STOPPED
11029c055efd4a12a8d4881d8cd3d6f7,OPEN3D_ROBUST_POINT_TO_PLANE,CAMERA_LOCAL,0.0008552297949790955,0.0001711379736661911,0.0260459054261446,0,OUTPUT
a196ab4d5c9642558702ebef48d24a48,OPEN3D_ROBUST_POINT_TO_PLANE,WORLD_FIXED,0.2014817800372839,0.006522690877318382,0.4858407638967037,0,OUTPUT_ALTERNATIVE_MODEL_NO_UNIQUE_TRUTH_COMPARISON
a196ab4d5c9642558702ebef48d24a48,OPEN3D_ROBUST_POINT_TO_PLANE,CAMERA_LOCAL,0.2014817800372839,0.006522690877318382,1.7823491413146257,0,OUTPUT
6e0a31817f114b85bb98bfad70dcc3ac,OPEN3D_ROBUST_POINT_TO_PLANE,WORLD_FIXED,0.198168670758605,0.006476020440459251,0.5629451554268599,0,OUTPUT_ALTERNATIVE_MODEL_NO_UNIQUE_TRUTH_COMPARISON
6e0a31817f114b85bb98bfad70dcc3ac,OPEN3D_ROBUST_POINT_TO_PLANE,CAMERA_LOCAL,0.198168670758605,0.006476020440459251,0.4668996836990118,0,OUTPUT
1402930efe0d451788cb7f6592f0c85e,OPEN3D_ROBUST_POINT_TO_PLANE,WORLD_FIXED,0.20018156617879868,0.0064182523638010025,0.3695890437811613,0,OUTPUT_ALTERNATIVE_MODEL_NO_UNIQUE_TRUTH_COMPARISON
1402930efe0d451788cb7f6592f0c85e,OPEN3D_ROBUST_POINT_TO_PLANE,CAMERA_LOCAL,0.20018156617879868,0.0064182523638010025,0.39497996121644974,0,OUTPUT
3d6e2524224741608f98c533d8174d12,OPEN3D_ROBUST_POINT_TO_PLANE,WORLD_FIXED,0.0018497835844755173,0.00017386116087436676,0.0077124424278736115,0,OUTPUT
3d6e2524224741608f98c533d8174d12,OPEN3D_ROBUST_POINT_TO_PLANE,CAMERA_LOCAL,0.0018497835844755173,0.00017386116087436676,0.0057712122797966,0,OUTPUT_ALTERNATIVE_MODEL_NO_UNIQUE_TRUTH_COMPARISON
f5f8dd1091fc42b8b4d0f1bf9a515a40,OPEN3D_ROBUST_POINT_TO_PLANE,WORLD_FIXED,0.20124848373234272,0.006495008245110512,0.25725903548300266,0,OUTPUT_ALTERNATIVE_MODEL_NO_UNIQUE_TRUTH_COMPARISON
f5f8dd1091fc42b8b4d0f1bf9a515a40,OPEN3D_ROBUST_POINT_TO_PLANE,CAMERA_LOCAL,0.20124848373234272,0.006495008245110512,0.33718104660511017,0,OUTPUT
721144c1c1e74f649918b76338082788,OPEN3D_ROBUST_POINT_TO_PLANE,WORLD_FIXED,0.0016360711306333542,0.00024210289120674133,0.003179449588060379,0,STOPPED
721144c1c1e74f649918b76338082788,OPEN3D_ROBUST_POINT_TO_PLANE,CAMERA_LOCAL,0.0016360711306333542,0.00024210289120674133,0.002518860623240471,0,STOPPED
ee9c8ca7131a4b439e4dc398489cdda0,OPEN3D_ROBUST_POINT_TO_PLANE,WORLD_FIXED,0.0008877981454133987,0.00016731210052967072,0.012369411066174507,0,OUTPUT_ALTERNATIVE_MODEL_NO_UNIQUE_TRUTH_COMPARISON
ee9c8ca7131a4b439e4dc398489cdda0,OPEN3D_ROBUST_POINT_TO_PLANE,CAMERA_LOCAL,0.0008877981454133987,0.00016731210052967072,0.009716777130961418,0,OUTPUT
0c501fedf2d74fe48c0a81be7c81610a,OPEN3D_ROBUST_POINT_TO_PLANE,WORLD_FIXED,0.0009097717702388763,0.00016561709344387054,0.020956840366125107,0,OUTPUT
0c501fedf2d74fe48c0a81be7c81610a,OPEN3D_ROBUST_POINT_TO_PLANE,CAMERA_LOCAL,0.0009097717702388763,0.00016561709344387054,0.00903685949742794,0,OUTPUT_ALTERNATIVE_MODEL_NO_UNIQUE_TRUTH_COMPARISON
92fe9925ceb449dbac7a9781a7287da4,OPEN3D_ROBUST_POINT_TO_PLANE,WORLD_FIXED,0.20132583938539028,0.006565334275364876,0.13072882033884525,0,OUTPUT
92fe9925ceb449dbac7a9781a7287da4,OPEN3D_ROBUST_POINT_TO_PLANE,CAMERA_LOCAL,0.20132583938539028,0.006565334275364876,0.09543262422084808,0,OUTPUT_ALTERNATIVE_MODEL_NO_UNIQUE_TRUTH_COMPARISON
c7139d9912ce45f4b3b5aaf6aca0b001,OPEN3D_ROBUST_POINT_TO_PLANE,WORLD_FIXED,0.0019627492874860764,0.0001900363713502884,3.13781201839447e-05,0,STOPPED_INFORMATION_INSUFFICIENT
c7139d9912ce45f4b3b5aaf6aca0b001,OPEN3D_ROBUST_POINT_TO_PLANE,CAMERA_LOCAL,0.0019627492874860764,0.0001900363713502884,1.101568341255188e-05,0,STOPPED_INFORMATION_INSUFFICIENT
d94fbe974c97462fa9c9c58266a64c8e,OPEN3D_ROBUST_POINT_TO_PLANE,WORLD_FIXED,0.20126955397427082,0.00635930523276329,0.42203558795154095,0,OUTPUT
d94fbe974c97462fa9c9c58266a64c8e,OPEN3D_ROBUST_POINT_TO_PLANE,CAMERA_LOCAL,0.20126955397427082,0.00635930523276329,0.3690851964056492,0,OUTPUT_ALTERNATIVE_MODEL_NO_UNIQUE_TRUTH_COMPARISON
f477e19765214384ac2730d7458db083,OPEN3D_ROBUST_POINT_TO_PLANE,WORLD_FIXED,0.002450680360198021,0.00034310482442379,0.014945359900593758,0,STOPPED_INFORMATION_INSUFFICIENT
f477e19765214384ac2730d7458db083,OPEN3D_ROBUST_POINT_TO_PLANE,CAMERA_LOCAL,0.002450680360198021,0.00034310482442379,0.09288115240633488,0,OUTPUT_WITHOUT_IDENTIFIABILITY_CERTIFICATE
bdbe0fcc494c4d04a011aadc82eea575,OPEN3D_ROBUST_POINT_TO_PLANE,WORLD_FIXED,0.000932866707444191,0.0001692306250333786,0.0031948648393154144,0,STOPPED
bdbe0fcc494c4d04a011aadc82eea575,OPEN3D_ROBUST_POINT_TO_PLANE,CAMERA_LOCAL,0.000932866707444191,0.0001692306250333786,0.0025996845215559006,0,STOPPED
d4621e2209b140778dff346e6ea69397,OPEN3D_ROBUST_POINT_TO_PLANE,WORLD_FIXED,0.000860968604683876,0.00015872716903686523,0.004555325955152512,0,STOPPED
d4621e2209b140778dff346e6ea69397,OPEN3D_ROBUST_POINT_TO_PLANE,CAMERA_LOCAL,0.000860968604683876,0.00015872716903686523,0.0039111655205488205,0,STOPPED
67a60d7644c3401090d0cc3118ab7669,OPEN3D_ROBUST_POINT_TO_PLANE,WORLD_FIXED,0.20117892883718014,0.006443839520215988,0.34168236516416073,0,OUTPUT
67a60d7644c3401090d0cc3118ab7669,OPEN3D_ROBUST_POINT_TO_PLANE,CAMERA_LOCAL,0.20117892883718014,0.006443839520215988,0.3062004242092371,0,OUTPUT_ALTERNATIVE_MODEL_NO_UNIQUE_TRUTH_COMPARISON
ebaf2f42d2b5495793ca2824cd70320c,OPEN3D_ROBUST_POINT_TO_PLANE,WORLD_FIXED,0.0020073987543582916,0.00018278323113918304,3.075599670410156e-05,0,STOPPED_INFORMATION_INSUFFICIENT
ebaf2f42d2b5495793ca2824cd70320c,OPEN3D_ROBUST_POINT_TO_PLANE,CAMERA_LOCAL,0.0020073987543582916,0.00018278323113918304,1.1105090379714966e-05,0,STOPPED_INFORMATION_INSUFFICIENT
0b3083ac015142c2892196535dc0dc70,OPEN3D_ROBUST_POINT_TO_PLANE,WORLD_FIXED,0.20141327008605003,0.006468147039413452,0.5443859957158566,0,OUTPUT_ALTERNATIVE_MODEL_NO_UNIQUE_TRUTH_COMPARISON
0b3083ac015142c2892196535dc0dc70,OPEN3D_ROBUST_POINT_TO_PLANE,CAMERA_LOCAL,0.20141327008605003,0.006468147039413452,0.5589990802109241,0,OUTPUT
a4bcdb0f775344e08dbdceff2d252a25,OPEN3D_ROBUST_POINT_TO_PLANE,WORLD_FIXED,0.19954916834831238,0.006515679880976677,1.0781295914202929,0,OUTPUT_ALTERNATIVE_MODEL_NO_UNIQUE_TRUTH_COMPARISON
a4bcdb0f775344e08dbdceff2d252a25,OPEN3D_ROBUST_POINT_TO_PLANE,CAMERA_LOCAL,0.19954916834831238,0.006515679880976677,0.6318837180733681,0,OUTPUT
154f230dc3bc4de58625de0c3adcca1f,OPEN3D_ROBUST_POINT_TO_PLANE,WORLD_FIXED,0.20003562793135643,0.006461735814809799,0.5057807173579931,0,OUTPUT
154f230dc3bc4de58625de0c3adcca1f,OPEN3D_ROBUST_POINT_TO_PLANE,CAMERA_LOCAL,0.20003562793135643,0.006461735814809799,0.6444497462362051,0,OUTPUT_ALTERNATIVE_MODEL_NO_UNIQUE_TRUTH_COMPARISON
