candidate,case_id,model,condition,quality,shape_source,current_translation_error_mm,candidate_translation_error_mm,translation_winner,current_rotation_error_deg,candidate_rotation_error_deg,rotation_winner
OPEN3D_POINT_TO_PLANE,public_001,WORLD_FIXED,identity,clean,artificial,3.276131599981725e-08,4.87077652843235e-13,CANDIDATE,0.0,0.0,TIE
OPEN3D_POINT_TO_PLANE,public_002,WORLD_FIXED,identity,clean,taco,2.2756096823939343e-09,3.5811335881023996,CURRENT_FIXED,0.0,0.2345682089651632,CURRENT_FIXED
OPEN3D_POINT_TO_PLANE,public_003,CAMERA_LOCAL,identity,clean,artificial,4.297577197559415e-06,3.160722636538343e-13,CANDIDATE,0.0,0.0,TIE
OPEN3D_POINT_TO_PLANE,public_004,CAMERA_LOCAL,identity,clean,taco,4.57017477598646e-06,2.2779592433544624,CURRENT_FIXED,0.0,0.1276757966053367,CURRENT_FIXED
OPEN3D_POINT_TO_PLANE,public_007,CAMERA_LOCAL,translation,clean,artificial,0.011642423184424641,3.927551962675101e-13,CANDIDATE,0.001130142210504087,0.0,CANDIDATE
OPEN3D_POINT_TO_PLANE,public_009,WORLD_FIXED,rotation,clean,artificial,0.029611126873516445,8.789474931895219e-14,CANDIDATE,0.0018321170829201949,0.0,CANDIDATE
OPEN3D_POINT_TO_PLANE,public_011,CAMERA_LOCAL,rotation,clean,artificial,0.030187260748811274,1.4749903540259945e-13,CANDIDATE,0.002014296494985174,0.0,CANDIDATE
OPEN3D_POINT_TO_PLANE,public_013,WORLD_FIXED,combined,clean,artificial,3.9764602852625724e-05,2.0211250116235563e-13,CANDIDATE,3.818191820832846e-06,0.0,CANDIDATE
OPEN3D_POINT_TO_PLANE,public_014,WORLD_FIXED,combined,clean,taco,1.5096342849991776e-06,3.5594357435705066,CURRENT_FIXED,0.0,0.2677739281573999,CURRENT_FIXED
OPEN3D_POINT_TO_PLANE,public_015,CAMERA_LOCAL,combined,clean,artificial,0.014820067584532824,3.7852763351086293e-13,CANDIDATE,0.0008645654422754491,0.0,CANDIDATE
OPEN3D_POINT_TO_PLANE,public_016,CAMERA_LOCAL,combined,clean,taco,9.217656411047943e-07,2.396352839078952,CURRENT_FIXED,0.0,0.14507088279800381,CURRENT_FIXED
OPEN3D_POINT_TO_PLANE,public_020,CAMERA_LOCAL,combined,outliers,taco,1.6203322322634541,1.4097099165757254,CANDIDATE,0.1186303295663122,0.10708138762027374,CANDIDATE
OPEN3D_POINT_TO_PLANE,public_021,WORLD_FIXED,combined,combined,artificial,2.3952367564884844,3.095233885314689,CURRENT_FIXED,0.2648735689357144,0.46849939166056553,CURRENT_FIXED
OPEN3D_POINT_TO_PLANE,public_022,WORLD_FIXED,combined,strong_combined,taco,2.7521290858393748,5.175142904339913,CURRENT_FIXED,0.24138833989067396,0.43344597907053745,CURRENT_FIXED
OPEN3D_POINT_TO_PLANE,public_023,CAMERA_LOCAL,combined,noise,artificial,2.1488609390117492,2.125592098764842,CANDIDATE,0.12671089151547468,0.12539784696592843,CANDIDATE
OPEN3D_POINT_TO_PLANE,public_024,CAMERA_LOCAL,combined,random_missing,taco,1.126971991546486e-06,1.9938664491656972,CURRENT_FIXED,0.0,0.12544978824544106,CURRENT_FIXED
OPEN3D_POINT_TO_PLANE,public_026,WORLD_FIXED,combined,outliers,taco,0.5410274840468349,5.408659304867565,CURRENT_FIXED,0.047255566341595424,0.36083721348041725,CURRENT_FIXED
OPEN3D_POINT_TO_PLANE,public_027,CAMERA_LOCAL,combined,combined,artificial,9.245360891058706,13.28668739773847,CURRENT_FIXED,0.5897332474235667,0.9590655233237642,CURRENT_FIXED
OPEN3D_POINT_TO_PLANE,public_028,CAMERA_LOCAL,combined,strong_combined,taco,2.1314156582512584,1.853677047368392,CANDIDATE,0.14126548406419076,0.1588887943443351,CURRENT_FIXED
OPEN3D_POINT_TO_PLANE,public_029,WORLD_FIXED,none_small_nonzero,uint16,artificial,0.39418595032993564,41.1559388404599,CURRENT_FIXED,0.022959959764720542,2.6286573043743884,CURRENT_FIXED
OPEN3D_POINT_TO_PLANE,public_032,CAMERA_LOCAL,other_behind_small_nonzero,uint16,artificial,0.44518876599638085,34.940816571791885,CURRENT_FIXED,0.034971896315151296,2.0484932058005816,CURRENT_FIXED
OPEN3D_ROBUST_POINT_TO_PLANE,public_001,WORLD_FIXED,identity,clean,artificial,3.276131599981725e-08,4.87077652843235e-13,CANDIDATE,0.0,0.0,TIE
OPEN3D_ROBUST_POINT_TO_PLANE,public_002,WORLD_FIXED,identity,clean,taco,2.2756096823939343e-09,3.581133588102421,CURRENT_FIXED,0.0,0.2345682089651632,CURRENT_FIXED
OPEN3D_ROBUST_POINT_TO_PLANE,public_003,CAMERA_LOCAL,identity,clean,artificial,4.297577197559415e-06,3.160722636535894e-13,CANDIDATE,0.0,0.0,TIE
OPEN3D_ROBUST_POINT_TO_PLANE,public_004,CAMERA_LOCAL,identity,clean,taco,4.57017477598646e-06,2.2779592433544944,CURRENT_FIXED,0.0,0.12767579661104592,CURRENT_FIXED
OPEN3D_ROBUST_POINT_TO_PLANE,public_007,CAMERA_LOCAL,translation,clean,artificial,0.011642423184424641,3.927551962675101e-13,CANDIDATE,0.001130142210504087,0.0,CANDIDATE
OPEN3D_ROBUST_POINT_TO_PLANE,public_009,WORLD_FIXED,rotation,clean,artificial,0.029611126873516445,1.183872279875111e-13,CANDIDATE,0.0018321170829201949,0.0,CANDIDATE
OPEN3D_ROBUST_POINT_TO_PLANE,public_011,CAMERA_LOCAL,rotation,clean,artificial,0.030187260748811274,1.1652816650685532e-13,CANDIDATE,0.002014296494985174,0.0,CANDIDATE
OPEN3D_ROBUST_POINT_TO_PLANE,public_013,WORLD_FIXED,combined,clean,artificial,3.9764602852625724e-05,1.6585444306324242e-13,CANDIDATE,3.818191820832846e-06,0.0,CANDIDATE
OPEN3D_ROBUST_POINT_TO_PLANE,public_014,WORLD_FIXED,combined,clean,taco,1.5096342849991776e-06,3.5449214979183843,CURRENT_FIXED,0.0,0.26695577517157615,CURRENT_FIXED
OPEN3D_ROBUST_POINT_TO_PLANE,public_015,CAMERA_LOCAL,combined,clean,artificial,0.014820067584532824,4.581410940063001e-13,CANDIDATE,0.0008645654422754491,0.0,CANDIDATE
OPEN3D_ROBUST_POINT_TO_PLANE,public_016,CAMERA_LOCAL,combined,clean,taco,9.217656411047943e-07,2.3846935591135363,CURRENT_FIXED,0.0,0.14435733875893028,CURRENT_FIXED
OPEN3D_ROBUST_POINT_TO_PLANE,public_020,CAMERA_LOCAL,combined,outliers,taco,1.6203322322634541,1.4971698895756844,CANDIDATE,0.1186303295663122,0.10854803515512233,CANDIDATE
OPEN3D_ROBUST_POINT_TO_PLANE,public_021,WORLD_FIXED,combined,combined,artificial,2.3952367564884844,3.460228106828615,CURRENT_FIXED,0.2648735689357144,0.4716870401053257,CURRENT_FIXED
OPEN3D_ROBUST_POINT_TO_PLANE,public_022,WORLD_FIXED,combined,strong_combined,taco,2.7521290858393748,3.9125271507030774,CURRENT_FIXED,0.24138833989067396,0.30697375966658685,CURRENT_FIXED
OPEN3D_ROBUST_POINT_TO_PLANE,public_023,CAMERA_LOCAL,combined,noise,artificial,2.1488609390117492,2.1255919997508492,CANDIDATE,0.12671089151547468,0.12539784180985153,CANDIDATE
OPEN3D_ROBUST_POINT_TO_PLANE,public_024,CAMERA_LOCAL,combined,random_missing,taco,1.126971991546486e-06,1.9957397022470806,CURRENT_FIXED,0.0,0.12553362641815677,CURRENT_FIXED
OPEN3D_ROBUST_POINT_TO_PLANE,public_026,WORLD_FIXED,combined,outliers,taco,0.5410274840468349,4.2056928295126275,CURRENT_FIXED,0.047255566341595424,0.28485149828772605,CURRENT_FIXED
OPEN3D_ROBUST_POINT_TO_PLANE,public_027,CAMERA_LOCAL,combined,combined,artificial,9.245360891058706,8.946276112494509,CANDIDATE,0.5897332474235667,0.6186687070572148,CURRENT_FIXED
OPEN3D_ROBUST_POINT_TO_PLANE,public_028,CAMERA_LOCAL,combined,strong_combined,taco,2.1314156582512584,1.2251043263683112,CANDIDATE,0.14126548406419076,0.11343339275741615,CANDIDATE
OPEN3D_ROBUST_POINT_TO_PLANE,public_029,WORLD_FIXED,none_small_nonzero,uint16,artificial,0.39418595032993564,41.15593884045981,CURRENT_FIXED,0.022959959764720542,2.628657304374666,CURRENT_FIXED
OPEN3D_ROBUST_POINT_TO_PLANE,public_032,CAMERA_LOCAL,other_behind_small_nonzero,uint16,artificial,0.44518876599638085,34.940816571791885,CURRENT_FIXED,0.034971896315151296,2.0484932058005816,CURRENT_FIXED
