case_id,case_kind,condition,quality,shape_source,method,model,answer_status,true_translation_mm,estimated_translation_mm,translation_error_mm,true_rotvec_rad,estimated_rotvec_rad,rotation_error_deg,checkpoint_mean_mm,checkpoint_median_mm,checkpoint_p95_mm,checkpoint_maximum_mm,preprocessing_seconds,model_sampling_seconds,solve_seconds,peak_rss_delta_kib,reason
public_001,direct,identity,clean,artificial,CURRENT_FIXED,CAMERA_LOCAL,OUTPUT_ALTERNATIVE_MODEL_NO_UNIQUE_TRUTH_COMPARISON,,"[2.1879776585520954e-08, 8.203742302943149e-09, 2.531265398665519e-09]",,,,,,,,,0.0009945183992385864,0.00018870458006858826,0.05234892666339874,0,
public_002,direct,identity,clean,taco,CURRENT_FIXED,CAMERA_LOCAL,OUTPUT_ALTERNATIVE_MODEL_NO_UNIQUE_TRUTH_COMPARISON,,"[-1.7022103713790454e-06, 4.221520298609527e-06, 6.283992522291524e-07]",,,,,,,,,0.2018822245299816,0.007836669683456421,1.2139931824058294,17872,
public_003,direct,identity,clean,artificial,CURRENT_FIXED,WORLD_FIXED,OUTPUT_ALTERNATIVE_MODEL_NO_UNIQUE_TRUTH_COMPARISON,,"[2.7415236374090416e-07, 3.244458073984854e-07, 3.836764381464268e-07]",,,,,,,,,0.001078050583600998,0.00026497989892959595,0.04603290744125843,0,
public_004,direct,identity,clean,taco,CURRENT_FIXED,WORLD_FIXED,OUTPUT_ALTERNATIVE_MODEL_NO_UNIQUE_TRUTH_COMPARISON,,"[-1.6776953854085337e-06, 4.149998243667302e-06, 9.871627170341024e-07]",,,,,,,,,0.20027038641273975,0.006352465599775314,0.775387005880475,0,
public_005,direct,translation,clean,artificial,CURRENT_FIXED,CAMERA_LOCAL,OUTPUT_ALTERNATIVE_MODEL_NO_UNIQUE_TRUTH_COMPARISON,,"[10.355553693189135, -1.071278676525475, -15.09638638581703]",,,,,,,,,0.0010832920670509338,0.0002697557210922241,0.28915193118155,0,
public_006,direct,translation,clean,taco,CURRENT_FIXED,WORLD_FIXED,STOPPED,,,,,,,,,,,0.20017606392502785,0.006384018808603287,16.738268783316016,11304,"calibration fit failed or reached the numerical safety boundary: success=False, translation=0.009143909706551639, rotation_deg=0.0008200295463643106"
public_006,direct,translation,clean,taco,CURRENT_FIXED,CAMERA_LOCAL,OUTPUT_ALTERNATIVE_MODEL_NO_UNIQUE_TRUTH_COMPARISON,,"[-2.7571636564189204, -2.3568459603406646, -5.392836518698243]",,,,,,,,,0.20017606392502785,0.006384018808603287,2.185514571145177,17628,
public_007,direct,translation,clean,artificial,CURRENT_FIXED,WORLD_FIXED,OUTPUT_ALTERNATIVE_MODEL_NO_UNIQUE_TRUTH_COMPARISON,,"[-3.2117084762815518, -0.6022785135921515, 5.922615318170737]",,,,,,,,,0.001025443896651268,0.00025127828121185303,0.49628891237080097,0,
public_008,direct,translation,clean,taco,CURRENT_FIXED,WORLD_FIXED,OUTPUT_ALTERNATIVE_MODEL_NO_UNIQUE_TRUTH_COMPARISON,,"[1.3674325838062287, -2.2414674918780446, 5.330654437306852]",,,,,,,,,0.2000543214380741,0.0063874367624521255,2.0539781488478184,0,
public_008,direct,translation,clean,taco,CURRENT_FIXED,CAMERA_LOCAL,STOPPED,,,,,,,,,,,0.2000543214380741,0.0063874367624521255,16.93373273126781,0,"calibration fit failed or reached the numerical safety boundary: success=False, translation=0.0063712248187308, rotation_deg=0.0005985997904730365"
public_009,direct,rotation,clean,artificial,CURRENT_FIXED,CAMERA_LOCAL,OUTPUT_ALTERNATIVE_MODEL_NO_UNIQUE_TRUTH_COMPARISON,,"[6.863527047952962, -2.9224176276469613, -1.7352791178820333]",,,,,,,,,0.001050211489200592,0.0002638772130012512,0.2543122433125973,0,
public_010,direct,rotation,clean,taco,CURRENT_FIXED,WORLD_FIXED,STOPPED,,,,,,,,,,,0.20023121684789658,0.006334312260150909,17.878689805045724,0,"calibration fit failed or reached the numerical safety boundary: success=False, translation=1.0407139373024883e-05, rotation_deg=4.314920085603645"
public_010,direct,rotation,clean,taco,CURRENT_FIXED,CAMERA_LOCAL,OUTPUT_ALTERNATIVE_MODEL_NO_UNIQUE_TRUTH_COMPARISON,,"[7.878261724862883, -7.247797939325065, -1.4925584527462739]",,,,,,,,,0.20023121684789658,0.006334312260150909,5.000998269766569,0,
public_011,direct,rotation,clean,artificial,CURRENT_FIXED,WORLD_FIXED,OUTPUT_ALTERNATIVE_MODEL_NO_UNIQUE_TRUTH_COMPARISON,,"[1.17724260023827, 1.2978748484867242, 0.5318721632478169]",,,,,,,,,0.0010511521250009537,0.0002611149102449417,0.17269556783139706,0,
public_012,direct,rotation,clean,taco,CURRENT_FIXED,WORLD_FIXED,OUTPUT_ALTERNATIVE_MODEL_NO_UNIQUE_TRUTH_COMPARISON,,"[0.7750287728201938, -5.177117337434088, 0.7051721599181937]",,,,,,,,,0.19999015517532825,0.006372291594743729,4.133949708193541,0,
public_012,direct,rotation,clean,taco,CURRENT_FIXED,CAMERA_LOCAL,STOPPED,,,,,,,,,,,0.19999015517532825,0.006372291594743729,17.753844503313303,0,"calibration fit failed or reached the numerical safety boundary: success=False, translation=1.2801972773681058e-05, rotation_deg=3.41403358518609"
public_013,direct,combined,clean,artificial,CURRENT_FIXED,CAMERA_LOCAL,OUTPUT_ALTERNATIVE_MODEL_NO_UNIQUE_TRUTH_COMPARISON,,"[-10.858784310044262, 3.534069393962681, 11.416834709503794]",,,,,,,,,0.001094656065106392,0.0002687331289052963,0.2089481633156538,0,
public_014,direct,combined,clean,taco,CURRENT_FIXED,CAMERA_LOCAL,OUTPUT_ALTERNATIVE_MODEL_NO_UNIQUE_TRUTH_COMPARISON,,"[3.9318890184816087, -10.894972444830698, -17.700214101790447]",,,,,,,,,0.20018794015049934,0.006347374990582466,4.762090722098947,0,
public_015,direct,combined,clean,artificial,CURRENT_FIXED,WORLD_FIXED,OUTPUT_ALTERNATIVE_MODEL_NO_UNIQUE_TRUTH_COMPARISON,,"[12.818367752583654, -15.725380265584697, 15.825766229613]",,,,,,,,,0.0011123456060886383,0.0002706684172153473,0.29192511551082134,0,
public_016,direct,combined,clean,taco,CURRENT_FIXED,WORLD_FIXED,OUTPUT_ALTERNATIVE_MODEL_NO_UNIQUE_TRUTH_COMPARISON,,"[12.942345312670769, -6.470694078164034, -19.733171833592834]",,,,,,,,,0.20006407238543034,0.006346102803945541,4.560263665392995,0,
public_017,direct,combined,noise,artificial,CURRENT_FIXED,CAMERA_LOCAL,OUTPUT_ALTERNATIVE_MODEL_NO_UNIQUE_TRUTH_COMPARISON,,"[-10.023903256227547, -0.8570343472010776, 4.009176926029475]",,,,,,,,,0.001141287386417389,0.000274045392870903,0.27516043186187744,0,
public_018,direct,combined,random_missing,taco,CURRENT_FIXED,CAMERA_LOCAL,OUTPUT_ALTERNATIVE_MODEL_NO_UNIQUE_TRUTH_COMPARISON,,"[-4.9027721767130155, 7.598756173487156, 3.5096761078394136]",,,,,,,,,0.19876675121486187,0.006332844495773315,4.676749367266893,0,
public_019,direct,combined,local_missing,artificial,CURRENT_FIXED,WORLD_FIXED,OUTPUT_ALTERNATIVE_MODEL_NO_UNIQUE_TRUTH_COMPARISON,,"[36.009119219754695, -3.834423634566793, -14.802284657730807]",,,,,,,,,0.0009891483932733536,0.00026443786919116974,0.22071625478565693,0,
public_020,direct,combined,outliers,taco,CURRENT_FIXED,WORLD_FIXED,OUTPUT_ALTERNATIVE_MODEL_NO_UNIQUE_TRUTH_COMPARISON,,"[-7.613813712556755, 5.4765822006260665, -6.547375112295445]",,,,,,,,,0.2001840714365244,0.006345212459564209,4.780688686296344,0,
public_021,direct,combined,combined,artificial,CURRENT_FIXED,CAMERA_LOCAL,OUTPUT_ALTERNATIVE_MODEL_NO_UNIQUE_TRUTH_COMPARISON,,"[12.140687796195442, -2.894529592547903, 11.097773028912286]",,,,,,,,,0.0010338351130485535,0.000260673463344574,0.20132893323898315,0,
public_022,direct,combined,strong_combined,taco,CURRENT_FIXED,CAMERA_LOCAL,OUTPUT_ALTERNATIVE_MODEL_NO_UNIQUE_TRUTH_COMPARISON,,"[-5.512357722921059, 9.952609502053296, -5.174616703190488]",,,,,,,,,0.19763306342065334,0.0063969288021326065,4.522619837895036,0,
public_023,direct,combined,noise,artificial,CURRENT_FIXED,WORLD_FIXED,OUTPUT_ALTERNATIVE_MODEL_NO_UNIQUE_TRUTH_COMPARISON,,"[0.1583197473536385, 4.2153835332950385, 4.7228597226095985]",,,,,,,,,0.001062680035829544,0.0002639181911945343,0.17735136859118938,0,
public_024,direct,combined,random_missing,taco,CURRENT_FIXED,WORLD_FIXED,OUTPUT_ALTERNATIVE_MODEL_NO_UNIQUE_TRUTH_COMPARISON,,"[-17.820479038786353, -3.342200774195469, 4.87943405276733]",,,,,,,,,0.19868766330182552,0.006400464102625847,3.3648932855576277,13548,
public_025,direct,combined,local_missing,artificial,CURRENT_FIXED,CAMERA_LOCAL,OUTPUT_ALTERNATIVE_MODEL_NO_UNIQUE_TRUTH_COMPARISON,,"[-5.623944242354465, 12.689839983577246, 13.82724518869686]",,,,,,,,,0.0010722428560256958,0.00026888400316238403,0.20228279195725918,0,
public_026,direct,combined,outliers,taco,CURRENT_FIXED,CAMERA_LOCAL,OUTPUT_ALTERNATIVE_MODEL_NO_UNIQUE_TRUTH_COMPARISON,,"[-10.138584927578332, -13.634593742345608, -8.438137408150752]",,,,,,,,,0.19989831186830997,0.00636964850127697,7.698916420340538,0,
public_027,direct,combined,combined,artificial,CURRENT_FIXED,WORLD_FIXED,OUTPUT_ALTERNATIVE_MODEL_NO_UNIQUE_TRUTH_COMPARISON,,"[-3.8409635462102547, -29.518346490770973, -3.114480245147463]",,,,,,,,,0.001091470941901207,0.0002730395644903183,0.25154536589980125,0,
public_028,direct,combined,strong_combined,taco,CURRENT_FIXED,WORLD_FIXED,OUTPUT_ALTERNATIVE_MODEL_NO_UNIQUE_TRUTH_COMPARISON,,"[-8.294052449004573, 12.00584868721067, 13.869971373871907]",,,,,,,,,0.1975835356861353,0.006319571286439896,4.891780851408839,0,
public_029,image,none_small_nonzero,uint16,artificial,CURRENT_FIXED,CAMERA_LOCAL,OUTPUT_ALTERNATIVE_MODEL_NO_UNIQUE_TRUTH_COMPARISON,,"[-0.21687584232715043, 0.505869702087553, 0.17081086917378155]",,,,,,,,,0.001641852781176567,0.00019515492022037506,0.16183115355670452,0,
public_030,image,hand_partial_small_nonzero,float32,artificial,CURRENT_FIXED,WORLD_FIXED,OUTPUT_ALTERNATIVE_MODEL_NO_UNIQUE_TRUTH_COMPARISON,,"[-0.612094350870633, 0.0003227364587813369, 0.46774298392090957]",,,,,,,,,0.0013187248259782791,0.0001460891216993332,0.09312824718654156,0,
public_031,image,other_front_small_nonzero,float32,artificial,CURRENT_FIXED,WORLD_FIXED,STOPPED,,,,,,,,,,,0.0012296438217163086,0.00013716518878936768,2.6231631636619568e-05,0,prepared frame 0 contains no target evidence
public_031,image,other_front_small_nonzero,float32,artificial,CURRENT_FIXED,CAMERA_LOCAL,STOPPED,,,,,,,,,,,0.0012296438217163086,0.00013716518878936768,7.828697562217712e-06,0,prepared frame 0 contains no target evidence
public_032,image,other_behind_small_nonzero,uint16,artificial,CURRENT_FIXED,WORLD_FIXED,OUTPUT_ALTERNATIVE_MODEL_NO_UNIQUE_TRUTH_COMPARISON,,"[0.30741050966862105, -0.0010994062452935242, 0.3477332438572069]",,,,,,,,,0.0012702830135822296,0.0001315884292125702,0.12538326159119606,0,
public_033,image,hand_complete_stress_nonzero,float32,artificial,CURRENT_FIXED,WORLD_FIXED,STOPPED_INFORMATION_INSUFFICIENT,,,,,,,,,,,0.001121649518609047,0.0001315288245677948,2.0602717995643616e-05,0,the target is deliberately fully or almost fully occluded
public_033,image,hand_complete_stress_nonzero,float32,artificial,CURRENT_FIXED,CAMERA_LOCAL,STOPPED_INFORMATION_INSUFFICIENT,,,,,,,,,,,0.001121649518609047,0.0001315288245677948,7.592141628265381e-06,0,the target is deliberately fully or almost fully occluded
public_034,image,hand_large_stress_nonzero,float32,artificial,CURRENT_FIXED,WORLD_FIXED,STOPPED_INFORMATION_INSUFFICIENT,,,,,,,,,,,0.001150611788034439,0.0001384969800710678,3.391876816749573e-05,0,the target is deliberately fully or almost fully occluded
public_034,image,hand_large_stress_nonzero,float32,artificial,CURRENT_FIXED,CAMERA_LOCAL,STOPPED_INFORMATION_INSUFFICIENT,,,,,,,,,,,0.001150611788034439,0.0001384969800710678,8.150935173034668e-06,0,the target is deliberately fully or almost fully occluded
public_035,image,hand_partial_stress_nonzero,uint16,artificial,CURRENT_FIXED,WORLD_FIXED,STOPPED,,,,,,,,,,,0.0012338664382696152,0.00013909116387367249,0.9545200262218714,0,"calibration fit failed or reached the numerical safety boundary: success=False, translation=0.08630358620531624, rotation_deg=5.676371745567015"
public_035,image,hand_partial_stress_nonzero,uint16,artificial,CURRENT_FIXED,CAMERA_LOCAL,OUTPUT_ALTERNATIVE_MODEL_NO_UNIQUE_TRUTH_COMPARISON,,"[1.5702576855069525, -34.45781903659218, 63.804361594486785]",,,,,,,,,0.0012338664382696152,0.00013909116387367249,0.5484423898160458,0,
public_036,image,other_front_stress_nonzero,float32,artificial,CURRENT_FIXED,WORLD_FIXED,STOPPED,,,,,,,,,,,0.0012175217270851135,0.00013618357479572296,0.000796860083937645,0,too few calibration surface points
public_036,image,other_front_stress_nonzero,float32,artificial,CURRENT_FIXED,CAMERA_LOCAL,STOPPED,,,,,,,,,,,0.0012175217270851135,0.00013618357479572296,0.0005915109068155289,0,too few calibration surface points
public_037,direct,inconsistent_frames,information_insufficient,artificial,CURRENT_FIXED,WORLD_FIXED,STOPPED_INFORMATION_INSUFFICIENT,,,,,,,,,,,0.000868847593665123,0.00015084631741046906,0.2830368634313345,0,different frames were generated from deliberately incompatible corrections
public_037,direct,inconsistent_frames,information_insufficient,artificial,CURRENT_FIXED,CAMERA_LOCAL,STOPPED_INFORMATION_INSUFFICIENT,,,,,,,,,,,0.000868847593665123,0.00015084631741046906,0.34759290888905525,0,different frames were generated from deliberately incompatible corrections
public_038,direct,symmetric_ambiguous,information_insufficient,artificial,CURRENT_FIXED,WORLD_FIXED,OUTPUT_WITHOUT_IDENTIFIABILITY_CERTIFICATE,,,,,,,,,,,0.0017173737287521362,0.00025061704218387604,0.45850490778684616,0,the public shape has deliberately ambiguous rigid symmetries
public_038,direct,symmetric_ambiguous,information_insufficient,artificial,CURRENT_FIXED,CAMERA_LOCAL,OUTPUT_WITHOUT_IDENTIFIABILITY_CERTIFICATE,,,,,,,,,,,0.0017173737287521362,0.00025061704218387604,0.44126967899501324,0,the public shape has deliberately ambiguous rigid symmetries
public_001,direct,identity,clean,artificial,OPEN3D_POINT_TO_PLANE,CAMERA_LOCAL,OUTPUT_ALTERNATIVE_MODEL_NO_UNIQUE_TRUTH_COMPARISON,,"[8.028331223032207e-16, -3.8836079918246224e-14, 2.1801242602127668e-14]",,,,,,,,,0.0009945183992385864,0.00018870458006858826,0.0890862662345171,0,
public_002,direct,identity,clean,taco,OPEN3D_POINT_TO_PLANE,CAMERA_LOCAL,OUTPUT_ALTERNATIVE_MODEL_NO_UNIQUE_TRUTH_COMPARISON,,"[1.3166349455088129, -2.5873999925402744, -0.4206055806915585]",,,,,,,,,0.2018822245299816,0.007836669683456421,0.33289738930761814,0,
public_003,direct,identity,clean,artificial,OPEN3D_POINT_TO_PLANE,WORLD_FIXED,OUTPUT_ALTERNATIVE_MODEL_NO_UNIQUE_TRUTH_COMPARISON,,"[1.3132802759092072e-13, -3.30864200471674e-14, 3.5577068540371224e-14]",,,,,,,,,0.001078050583600998,0.00026497989892959595,0.005835916846990585,0,
public_004,direct,identity,clean,taco,OPEN3D_POINT_TO_PLANE,WORLD_FIXED,OUTPUT_ALTERNATIVE_MODEL_NO_UNIQUE_TRUTH_COMPARISON,,"[0.4602966664474398, -4.25897168511469, -0.619728537461344]",,,,,,,,,0.20027038641273975,0.006352465599775314,0.33665885403752327,832,
public_005,direct,translation,clean,artificial,OPEN3D_POINT_TO_PLANE,WORLD_FIXED,STOPPED,,,,,,,,,,,0.0010832920670509338,0.0002697557210922241,0.0031656716018915176,0,"Open3D calibration reached the numerical safety boundary: translation=0.127267126432376, rotation_deg=8.363709154750792"
public_005,direct,translation,clean,artificial,OPEN3D_POINT_TO_PLANE,CAMERA_LOCAL,OUTPUT_ALTERNATIVE_MODEL_NO_UNIQUE_TRUTH_COMPARISON,,"[10.373659489121296, -1.0586111229831152, -15.100661136423744]",,,,,,,,,0.0010832920670509338,0.0002697557210922241,0.010805526748299599,0,
public_006,direct,translation,clean,taco,OPEN3D_POINT_TO_PLANE,CAMERA_LOCAL,OUTPUT_ALTERNATIVE_MODEL_NO_UNIQUE_TRUTH_COMPARISON,,"[-2.0998074485495835, -3.5354346651009085, -5.742131290258642]",,,,,,,,,0.20017606392502785,0.006384018808603287,0.46756008826196194,0,
public_007,direct,translation,clean,artificial,OPEN3D_POINT_TO_PLANE,WORLD_FIXED,OUTPUT_ALTERNATIVE_MODEL_NO_UNIQUE_TRUTH_COMPARISON,,"[-3.1832279770406045, -0.46398254218358065, 5.903237545433078]",,,,,,,,,0.001025443896651268,0.00025127828121185303,0.00584976002573967,0,
public_008,direct,translation,clean,taco,OPEN3D_POINT_TO_PLANE,WORLD_FIXED,OUTPUT_ALTERNATIVE_MODEL_NO_UNIQUE_TRUTH_COMPARISON,,"[1.9322090107074672, -5.843997701134163, 4.942775437215872]",,,,,,,,,0.2000543214380741,0.0063874367624521255,0.4966464024037123,0,
public_009,direct,rotation,clean,artificial,OPEN3D_POINT_TO_PLANE,CAMERA_LOCAL,OUTPUT_ALTERNATIVE_MODEL_NO_UNIQUE_TRUTH_COMPARISON,,"[6.900600813168213, -2.9151583733369124, -1.747648005829284]",,,,,,,,,0.001050211489200592,0.0002638772130012512,0.010061556473374367,0,
public_010,direct,rotation,clean,taco,OPEN3D_POINT_TO_PLANE,CAMERA_LOCAL,OUTPUT_ALTERNATIVE_MODEL_NO_UNIQUE_TRUTH_COMPARISON,,"[10.946177349571679, -11.970064105673929, -2.585085496979991]",,,,,,,,,0.20023121684789658,0.006334312260150909,1.0227311234921217,0,
public_011,direct,rotation,clean,artificial,OPEN3D_POINT_TO_PLANE,WORLD_FIXED,OUTPUT_ALTERNATIVE_MODEL_NO_UNIQUE_TRUTH_COMPARISON,,"[1.1507180586087382, 1.296657968743193, 0.5390293393460117]",,,,,,,,,0.0010511521250009537,0.0002611149102449417,0.01089613139629364,0,
public_012,direct,rotation,clean,taco,OPEN3D_POINT_TO_PLANE,WORLD_FIXED,OUTPUT_ALTERNATIVE_MODEL_NO_UNIQUE_TRUTH_COMPARISON,,"[2.1421483834421466, -6.722385597575618, 0.4086024376354776]",,,,,,,,,0.19999015517532825,0.006372291594743729,0.8396443612873554,0,
public_012,direct,rotation,clean,taco,OPEN3D_POINT_TO_PLANE,CAMERA_LOCAL,STOPPED,,,,,,,,,,,0.19999015517532825,0.006372291594743729,0.07751529663801193,0,"Open3D calibration reached the numerical safety boundary: translation=0.10000972679033038, rotation_deg=7.749457297858087"
public_013,direct,combined,clean,artificial,OPEN3D_POINT_TO_PLANE,CAMERA_LOCAL,OUTPUT_ALTERNATIVE_MODEL_NO_UNIQUE_TRUTH_COMPARISON,,"[-10.865577389339908, 3.5434737799950007, 11.417950029480558]",,,,,,,,,0.001094656065106392,0.0002687331289052963,0.011274691671133041,0,
public_014,direct,combined,clean,taco,OPEN3D_POINT_TO_PLANE,CAMERA_LOCAL,OUTPUT_ALTERNATIVE_MODEL_NO_UNIQUE_TRUTH_COMPARISON,,"[5.239036536597581, -12.80185926524073, -18.302602836903258]",,,,,,,,,0.20018794015049934,0.006347374990582466,0.6688418369740248,0,
public_015,direct,combined,clean,artificial,OPEN3D_POINT_TO_PLANE,WORLD_FIXED,OUTPUT_ALTERNATIVE_MODEL_NO_UNIQUE_TRUTH_COMPARISON,,"[10.545683616817247, -16.77590690862559, 16.27190253751617]",,,,,,,,,0.0011123456060886383,0.0002706684172153473,0.010881107300519943,0,
public_016,direct,combined,clean,taco,OPEN3D_POINT_TO_PLANE,WORLD_FIXED,OUTPUT_ALTERNATIVE_MODEL_NO_UNIQUE_TRUTH_COMPARISON,,"[14.388175191969198, -9.645408486256441, -20.321013850899934]",,,,,,,,,0.20006407238543034,0.006346102803945541,0.8163872249424458,0,
public_017,direct,combined,noise,artificial,OPEN3D_POINT_TO_PLANE,WORLD_FIXED,STOPPED,,,,,,,,,,,0.001141287386417389,0.000274045392870903,0.0033783018589019775,0,"Open3D calibration reached the numerical safety boundary: translation=0.1814698548248203, rotation_deg=9.444984957540283"
public_017,direct,combined,noise,artificial,OPEN3D_POINT_TO_PLANE,CAMERA_LOCAL,STOPPED,,,,,,,,,,,0.001141287386417389,0.000274045392870903,0.0026710908859968185,0,"Open3D calibration reached the numerical safety boundary: translation=0.16768838415889276, rotation_deg=7.695240768993938"
public_018,direct,combined,random_missing,taco,OPEN3D_POINT_TO_PLANE,WORLD_FIXED,STOPPED,,,,,,,,,,,0.19876675121486187,0.006332844495773315,0.06335262022912502,0,"Open3D calibration reached the numerical safety boundary: translation=0.12040265397606673, rotation_deg=9.749512675427333"
public_018,direct,combined,random_missing,taco,OPEN3D_POINT_TO_PLANE,CAMERA_LOCAL,STOPPED,,,,,,,,,,,0.19876675121486187,0.006332844495773315,0.06384698301553726,0,"Open3D calibration reached the numerical safety boundary: translation=0.12762219685475903, rotation_deg=7.990476163336448"
public_019,direct,combined,local_missing,artificial,OPEN3D_POINT_TO_PLANE,WORLD_FIXED,STOPPED,,,,,,,,,,,0.0009891483932733536,0.00026443786919116974,0.002701323479413986,0,"Open3D calibration reached the numerical safety boundary: translation=0.3074379570510396, rotation_deg=18.904928100661344"
public_019,direct,combined,local_missing,artificial,OPEN3D_POINT_TO_PLANE,CAMERA_LOCAL,STOPPED,,,,,,,,,,,0.0009891483932733536,0.00026443786919116974,0.002080880105495453,0,"Open3D calibration reached the numerical safety boundary: translation=0.27506865893289606, rotation_deg=14.913528782784612"
public_020,direct,combined,outliers,taco,OPEN3D_POINT_TO_PLANE,WORLD_FIXED,OUTPUT_ALTERNATIVE_MODEL_NO_UNIQUE_TRUTH_COMPARISON,,"[-7.923852835444237, 4.670462261479548, -6.319842385272423]",,,,,,,,,0.2001840714365244,0.006345212459564209,1.8042746782302856,0,
public_021,direct,combined,combined,artificial,OPEN3D_POINT_TO_PLANE,CAMERA_LOCAL,OUTPUT_ALTERNATIVE_MODEL_NO_UNIQUE_TRUTH_COMPARISON,,"[11.948533208279992, -2.6259168737455574, 11.174725211644336]",,,,,,,,,0.0010338351130485535,0.000260673463344574,0.011076251044869423,0,
public_022,direct,combined,strong_combined,taco,OPEN3D_POINT_TO_PLANE,CAMERA_LOCAL,OUTPUT_ALTERNATIVE_MODEL_NO_UNIQUE_TRUTH_COMPARISON,,"[-2.8447822584221347, 6.7527676232491585, -6.08667596724208]",,,,,,,,,0.19763306342065334,0.0063969288021326065,1.0709321685135365,0,
public_023,direct,combined,noise,artificial,OPEN3D_POINT_TO_PLANE,WORLD_FIXED,OUTPUT_ALTERNATIVE_MODEL_NO_UNIQUE_TRUTH_COMPARISON,,"[0.5400114477624002, 4.345773173754818, 4.647800040037858]",,,,,,,,,0.001062680035829544,0.0002639181911945343,0.009454399347305298,0,
public_024,direct,combined,random_missing,taco,OPEN3D_POINT_TO_PLANE,WORLD_FIXED,OUTPUT_ALTERNATIVE_MODEL_NO_UNIQUE_TRUTH_COMPARISON,,"[-16.272254132921002, -5.451761707918546, 4.43244738459627]",,,,,,,,,0.19868766330182552,0.006400464102625847,0.4937082286924124,0,
public_025,direct,combined,local_missing,artificial,OPEN3D_POINT_TO_PLANE,WORLD_FIXED,STOPPED,,,,,,,,,,,0.0010722428560256958,0.00026888400316238403,0.004115421324968338,0,"Open3D calibration reached the numerical safety boundary: translation=0.04209541531239233, rotation_deg=11.57056978566812"
public_025,direct,combined,local_missing,artificial,OPEN3D_POINT_TO_PLANE,CAMERA_LOCAL,OUTPUT_ALTERNATIVE_MODEL_NO_UNIQUE_TRUTH_COMPARISON,,"[-5.590378386471819, 12.70213233381573, 13.816847395166528]",,,,,,,,,0.0010722428560256958,0.00026888400316238403,0.010974058881402016,0,
public_026,direct,combined,outliers,taco,OPEN3D_POINT_TO_PLANE,CAMERA_LOCAL,OUTPUT_ALTERNATIVE_MODEL_NO_UNIQUE_TRUTH_COMPARISON,,"[-7.223052998722638, -17.56368325724617, -9.608376443601218]",,,,,,,,,0.19989831186830997,0.00636964850127697,0.7585359569638968,0,
public_027,direct,combined,combined,artificial,OPEN3D_POINT_TO_PLANE,WORLD_FIXED,OUTPUT_ALTERNATIVE_MODEL_NO_UNIQUE_TRUTH_COMPARISON,,"[-2.0259077102999257, -35.001483539755654, -3.014028540822083]",,,,,,,,,0.001091470941901207,0.0002730395644903183,0.011154009029269218,0,
public_028,direct,combined,strong_combined,taco,OPEN3D_POINT_TO_PLANE,WORLD_FIXED,OUTPUT_ALTERNATIVE_MODEL_NO_UNIQUE_TRUTH_COMPARISON,,"[-11.229773086782302, 11.951516433629688, 14.992203769332928]",,,,,,,,,0.1975835356861353,0.006319571286439896,0.8468271121382713,0,
public_029,image,none_small_nonzero,uint16,artificial,OPEN3D_POINT_TO_PLANE,CAMERA_LOCAL,OUTPUT_ALTERNATIVE_MODEL_NO_UNIQUE_TRUTH_COMPARISON,,"[34.97306981820408, 18.63079825867481, -0.15610265014639788]",,,,,,,,,0.001641852781176567,0.00019515492022037506,0.004234548658132553,0,
public_030,image,hand_partial_small_nonzero,float32,artificial,OPEN3D_POINT_TO_PLANE,WORLD_FIXED,STOPPED,,,,,,,,,,,0.0013187248259782791,0.0001460891216993332,0.0024656690657138824,0,"Open3D calibration reached the numerical safety boundary: translation=0.14413413542016137, rotation_deg=8.132189494131303"
public_030,image,hand_partial_small_nonzero,float32,artificial,OPEN3D_POINT_TO_PLANE,CAMERA_LOCAL,STOPPED,,,,,,,,,,,0.0013187248259782791,0.0001460891216993332,0.0022174231708049774,0,"Open3D calibration reached the numerical safety boundary: translation=0.10300609173500311, rotation_deg=5.282380130923393"
public_031,image,other_front_small_nonzero,float32,artificial,OPEN3D_POINT_TO_PLANE,WORLD_FIXED,STOPPED,,,,,,,,,,,0.0012296438217163086,0.00013716518878936768,2.781301736831665e-05,0,prepared frame 0 contains no target evidence
public_031,image,other_front_small_nonzero,float32,artificial,OPEN3D_POINT_TO_PLANE,CAMERA_LOCAL,STOPPED,,,,,,,,,,,0.0012296438217163086,0.00013716518878936768,1.0875985026359558e-05,0,prepared frame 0 contains no target evidence
public_032,image,other_behind_small_nonzero,uint16,artificial,OPEN3D_POINT_TO_PLANE,WORLD_FIXED,OUTPUT_ALTERNATIVE_MODEL_NO_UNIQUE_TRUTH_COMPARISON,,"[11.20074784058003, 46.56574776830348, -2.408505513307827]",,,,,,,,,0.0012702830135822296,0.0001315884292125702,0.005411388352513313,0,
public_033,image,hand_complete_stress_nonzero,float32,artificial,OPEN3D_POINT_TO_PLANE,WORLD_FIXED,STOPPED_INFORMATION_INSUFFICIENT,,,,,,,,,,,0.001121649518609047,0.0001315288245677948,6.0619786381721497e-05,0,the target is deliberately fully or almost fully occluded
public_033,image,hand_complete_stress_nonzero,float32,artificial,OPEN3D_POINT_TO_PLANE,CAMERA_LOCAL,STOPPED_INFORMATION_INSUFFICIENT,,,,,,,,,,,0.001121649518609047,0.0001315288245677948,1.4582648873329163e-05,0,the target is deliberately fully or almost fully occluded
public_034,image,hand_large_stress_nonzero,float32,artificial,OPEN3D_POINT_TO_PLANE,WORLD_FIXED,STOPPED_INFORMATION_INSUFFICIENT,,,,,,,,,,,0.001150611788034439,0.0001384969800710678,4.652887582778931e-05,0,the target is deliberately fully or almost fully occluded
public_034,image,hand_large_stress_nonzero,float32,artificial,OPEN3D_POINT_TO_PLANE,CAMERA_LOCAL,STOPPED_INFORMATION_INSUFFICIENT,,,,,,,,,,,0.001150611788034439,0.0001384969800710678,1.0585412383079529e-05,0,the target is deliberately fully or almost fully occluded
public_035,image,hand_partial_stress_nonzero,uint16,artificial,OPEN3D_POINT_TO_PLANE,WORLD_FIXED,STOPPED,,,,,,,,,,,0.0012338664382696152,0.00013909116387367249,0.0015246737748384476,0,too few grouped correspondences: 23 < 24
public_035,image,hand_partial_stress_nonzero,uint16,artificial,OPEN3D_POINT_TO_PLANE,CAMERA_LOCAL,STOPPED,,,,,,,,,,,0.0012338664382696152,0.00013909116387367249,0.0010369494557380676,0,too few grouped correspondences: 23 < 24
public_036,image,other_front_stress_nonzero,float32,artificial,OPEN3D_POINT_TO_PLANE,WORLD_FIXED,STOPPED,,,,,,,,,,,0.0012175217270851135,0.00013618357479572296,0.0004377681761980057,0,too few calibration surface points
public_036,image,other_front_stress_nonzero,float32,artificial,OPEN3D_POINT_TO_PLANE,CAMERA_LOCAL,STOPPED,,,,,,,,,,,0.0012175217270851135,0.00013618357479572296,0.0003630053251981735,0,too few calibration surface points
public_037,direct,inconsistent_frames,information_insufficient,artificial,OPEN3D_POINT_TO_PLANE,WORLD_FIXED,STOPPED_INFORMATION_INSUFFICIENT,,,,,,,,,,,0.000868847593665123,0.00015084631741046906,0.0028757452964782715,0,different frames were generated from deliberately incompatible corrections
public_037,direct,inconsistent_frames,information_insufficient,artificial,OPEN3D_POINT_TO_PLANE,CAMERA_LOCAL,STOPPED_INFORMATION_INSUFFICIENT,,,,,,,,,,,0.000868847593665123,0.00015084631741046906,0.0023663174360990524,0,different frames were generated from deliberately incompatible corrections
public_038,direct,symmetric_ambiguous,information_insufficient,artificial,OPEN3D_POINT_TO_PLANE,WORLD_FIXED,OUTPUT_WITHOUT_IDENTIFIABILITY_CERTIFICATE,,,,,,,,,,,0.0017173737287521362,0.00025061704218387604,0.03467448055744171,0,the public shape has deliberately ambiguous rigid symmetries
public_038,direct,symmetric_ambiguous,information_insufficient,artificial,OPEN3D_POINT_TO_PLANE,CAMERA_LOCAL,OUTPUT_WITHOUT_IDENTIFIABILITY_CERTIFICATE,,,,,,,,,,,0.0017173737287521362,0.00025061704218387604,0.04199104569852352,0,the public shape has deliberately ambiguous rigid symmetries
public_001,direct,identity,clean,artificial,OPEN3D_ROBUST_POINT_TO_PLANE,CAMERA_LOCAL,OUTPUT_ALTERNATIVE_MODEL_NO_UNIQUE_TRUTH_COMPARISON,,"[8.028331223923127e-16, -3.8836079918879976e-14, 2.1801242602080873e-14]",,,,,,,,,0.0009945183992385864,0.00018870458006858826,0.09347475878894329,0,
public_002,direct,identity,clean,taco,OPEN3D_ROBUST_POINT_TO_PLANE,CAMERA_LOCAL,OUTPUT_ALTERNATIVE_MODEL_NO_UNIQUE_TRUTH_COMPARISON,,"[1.3166349455087833, -2.5873999925402313, -0.42060558069154635]",,,,,,,,,0.2018822245299816,0.007836669683456421,0.3435722403228283,0,
public_003,direct,identity,clean,artificial,OPEN3D_ROBUST_POINT_TO_PLANE,WORLD_FIXED,OUTPUT_ALTERNATIVE_MODEL_NO_UNIQUE_TRUTH_COMPARISON,,"[1.3132802759092072e-13, -3.30864200471674e-14, 3.5577068540371224e-14]",,,,,,,,,0.001078050583600998,0.00026497989892959595,0.005995878949761391,0,
public_004,direct,identity,clean,taco,OPEN3D_ROBUST_POINT_TO_PLANE,WORLD_FIXED,OUTPUT_ALTERNATIVE_MODEL_NO_UNIQUE_TRUTH_COMPARISON,,"[0.4602966664474273, -4.258971685114637, -0.6197285374612365]",,,,,,,,,0.20027038641273975,0.006352465599775314,0.34881736151874065,0,
public_005,direct,translation,clean,artificial,OPEN3D_ROBUST_POINT_TO_PLANE,WORLD_FIXED,STOPPED,,,,,,,,,,,0.0010832920670509338,0.0002697557210922241,0.003203360363841057,0,"Open3D calibration reached the numerical safety boundary: translation=0.1343041107693686, rotation_deg=9.040842097884955"
public_005,direct,translation,clean,artificial,OPEN3D_ROBUST_POINT_TO_PLANE,CAMERA_LOCAL,OUTPUT_ALTERNATIVE_MODEL_NO_UNIQUE_TRUTH_COMPARISON,,"[10.373659575385961, -1.0586102241612676, -15.100661153085836]",,,,,,,,,0.0010832920670509338,0.0002697557210922241,0.010924704372882843,0,
public_006,direct,translation,clean,taco,OPEN3D_ROBUST_POINT_TO_PLANE,CAMERA_LOCAL,OUTPUT_ALTERNATIVE_MODEL_NO_UNIQUE_TRUTH_COMPARISON,,"[-2.0998074485495417, -3.5354346651008335, -5.742131290258562]",,,,,,,,,0.20017606392502785,0.006384018808603287,0.47169315069913864,0,
public_007,direct,translation,clean,artificial,OPEN3D_ROBUST_POINT_TO_PLANE,WORLD_FIXED,OUTPUT_ALTERNATIVE_MODEL_NO_UNIQUE_TRUTH_COMPARISON,,"[-3.1832279770406045, -0.46398254218358065, 5.903237545433078]",,,,,,,,,0.001025443896651268,0.00025127828121185303,0.005927536636590958,0,
public_008,direct,translation,clean,taco,OPEN3D_ROBUST_POINT_TO_PLANE,WORLD_FIXED,OUTPUT_ALTERNATIVE_MODEL_NO_UNIQUE_TRUTH_COMPARISON,,"[1.9322090107074334, -5.843997701134143, 4.942775437216007]",,,,,,,,,0.2000543214380741,0.0063874367624521255,0.4962091650813818,0,
public_009,direct,rotation,clean,artificial,OPEN3D_ROBUST_POINT_TO_PLANE,CAMERA_LOCAL,OUTPUT_ALTERNATIVE_MODEL_NO_UNIQUE_TRUTH_COMPARISON,,"[6.900600987968972, -2.915158499539129, -1.7476480481066483]",,,,,,,,,0.001050211489200592,0.0002638772130012512,0.010162517428398132,0,
public_010,direct,rotation,clean,taco,OPEN3D_ROBUST_POINT_TO_PLANE,CAMERA_LOCAL,OUTPUT_ALTERNATIVE_MODEL_NO_UNIQUE_TRUTH_COMPARISON,,"[10.946177349571736, -11.970064105673904, -2.585085496979668]",,,,,,,,,0.20023121684789658,0.006334312260150909,1.0400764737278223,0,
public_011,direct,rotation,clean,artificial,OPEN3D_ROBUST_POINT_TO_PLANE,WORLD_FIXED,OUTPUT_ALTERNATIVE_MODEL_NO_UNIQUE_TRUTH_COMPARISON,,"[1.1507180585829422, 1.296657968750675, 0.5390293393534821]",,,,,,,,,0.0010511521250009537,0.0002611149102449417,0.01098196767270565,0,
public_012,direct,rotation,clean,taco,OPEN3D_ROBUST_POINT_TO_PLANE,WORLD_FIXED,OUTPUT_ALTERNATIVE_MODEL_NO_UNIQUE_TRUTH_COMPARISON,,"[2.1421483834404937, -6.72238559759787, 0.40860243763791765]",,,,,,,,,0.19999015517532825,0.006372291594743729,0.8643046896904707,0,
public_013,direct,combined,clean,artificial,OPEN3D_ROBUST_POINT_TO_PLANE,CAMERA_LOCAL,OUTPUT_ALTERNATIVE_MODEL_NO_UNIQUE_TRUTH_COMPARISON,,"[-10.865577365684585, 3.54347381024518, 11.41795002569951]",,,,,,,,,0.001094656065106392,0.0002687331289052963,0.013122428208589554,0,
public_014,direct,combined,clean,taco,OPEN3D_ROBUST_POINT_TO_PLANE,CAMERA_LOCAL,OUTPUT_ALTERNATIVE_MODEL_NO_UNIQUE_TRUTH_COMPARISON,,"[5.239036536597508, -12.801859265239287, -18.302602836903]",,,,,,,,,0.20018794015049934,0.006347374990582466,0.6680585686117411,0,
public_015,direct,combined,clean,artificial,OPEN3D_ROBUST_POINT_TO_PLANE,WORLD_FIXED,OUTPUT_ALTERNATIVE_MODEL_NO_UNIQUE_TRUTH_COMPARISON,,"[10.54568364021983, -16.775907617432892, 16.27190260051288]",,,,,,,,,0.0011123456060886383,0.0002706684172153473,0.01124139130115509,0,
public_016,direct,combined,clean,taco,OPEN3D_ROBUST_POINT_TO_PLANE,WORLD_FIXED,OUTPUT_ALTERNATIVE_MODEL_NO_UNIQUE_TRUTH_COMPARISON,,"[14.452206046946522, -10.382730274409786, -20.246550786905985]",,,,,,,,,0.20006407238543034,0.006346102803945541,0.5504072550684214,0,
public_017,direct,combined,noise,artificial,OPEN3D_ROBUST_POINT_TO_PLANE,WORLD_FIXED,STOPPED,,,,,,,,,,,0.001141287386417389,0.000274045392870903,0.003369668498635292,0,"Open3D calibration reached the numerical safety boundary: translation=0.21820775448099877, rotation_deg=12.43768060978594"
public_017,direct,combined,noise,artificial,OPEN3D_ROBUST_POINT_TO_PLANE,CAMERA_LOCAL,STOPPED,,,,,,,,,,,0.001141287386417389,0.000274045392870903,0.002637166529893875,0,"Open3D calibration reached the numerical safety boundary: translation=0.2089161876368103, rotation_deg=10.613976552730863"
public_018,direct,combined,random_missing,taco,OPEN3D_ROBUST_POINT_TO_PLANE,WORLD_FIXED,STOPPED,,,,,,,,,,,0.19876675121486187,0.006332844495773315,0.08243211358785629,0,"Open3D calibration reached the numerical safety boundary: translation=0.10029521842990059, rotation_deg=7.578782583114395"
public_018,direct,combined,random_missing,taco,OPEN3D_ROBUST_POINT_TO_PLANE,CAMERA_LOCAL,STOPPED,,,,,,,,,,,0.19876675121486187,0.006332844495773315,0.10601036995649338,0,"Open3D calibration reached the numerical safety boundary: translation=0.10506926394837418, rotation_deg=7.414972717208347"
public_019,direct,combined,local_missing,artificial,OPEN3D_ROBUST_POINT_TO_PLANE,WORLD_FIXED,STOPPED,,,,,,,,,,,0.0009891483932733536,0.00026443786919116974,0.0027425531297922134,0,"Open3D calibration reached the numerical safety boundary: translation=0.42507588846262373, rotation_deg=25.914679867103754"
public_019,direct,combined,local_missing,artificial,OPEN3D_ROBUST_POINT_TO_PLANE,CAMERA_LOCAL,STOPPED,,,,,,,,,,,0.0009891483932733536,0.00026443786919116974,0.0021142400801181793,0,"Open3D calibration reached the numerical safety boundary: translation=0.3292448914930012, rotation_deg=17.938231814245157"
public_020,direct,combined,outliers,taco,OPEN3D_ROBUST_POINT_TO_PLANE,WORLD_FIXED,OUTPUT_ALTERNATIVE_MODEL_NO_UNIQUE_TRUTH_COMPARISON,,"[-7.631459172564373, 3.786421180424529, -6.39469793751773]",,,,,,,,,0.2001840714365244,0.006345212459564209,0.6937693376094103,0,
public_021,direct,combined,combined,artificial,OPEN3D_ROBUST_POINT_TO_PLANE,CAMERA_LOCAL,OUTPUT_ALTERNATIVE_MODEL_NO_UNIQUE_TRUTH_COMPARISON,,"[11.423901906627057, -2.8277117495553945, 11.33144540566929]",,,,,,,,,0.0010338351130485535,0.000260673463344574,0.012469654902815819,0,
public_022,direct,combined,strong_combined,taco,OPEN3D_ROBUST_POINT_TO_PLANE,CAMERA_LOCAL,OUTPUT_ALTERNATIVE_MODEL_NO_UNIQUE_TRUTH_COMPARISON,,"[-3.2481230529744383, 6.154547532768082, -6.066926629624698]",,,,,,,,,0.19763306342065334,0.0063969288021326065,0.6135649662464857,0,
public_023,direct,combined,noise,artificial,OPEN3D_ROBUST_POINT_TO_PLANE,WORLD_FIXED,OUTPUT_ALTERNATIVE_MODEL_NO_UNIQUE_TRUTH_COMPARISON,,"[0.5400115884972672, 4.345773148358507, 4.647800005616992]",,,,,,,,,0.001062680035829544,0.0002639181911945343,0.009608244523406029,0,
public_024,direct,combined,random_missing,taco,OPEN3D_ROBUST_POINT_TO_PLANE,WORLD_FIXED,OUTPUT_ALTERNATIVE_MODEL_NO_UNIQUE_TRUTH_COMPARISON,,"[-16.272254130187402, -5.451761732010401, 4.4324473846255765]",,,,,,,,,0.19868766330182552,0.006400464102625847,0.46580024249851704,0,
public_025,direct,combined,local_missing,artificial,OPEN3D_ROBUST_POINT_TO_PLANE,WORLD_FIXED,STOPPED,,,,,,,,,,,0.0010722428560256958,0.00026888400316238403,0.0029860716313123703,0,"Open3D calibration reached the numerical safety boundary: translation=0.029496827394380386, rotation_deg=10.677953317985441"
public_025,direct,combined,local_missing,artificial,OPEN3D_ROBUST_POINT_TO_PLANE,CAMERA_LOCAL,STOPPED,,,,,,,,,,,0.0010722428560256958,0.00026888400316238403,0.0034573692828416824,0,"Open3D calibration reached the numerical safety boundary: translation=0.05110158922425426, rotation_deg=10.802344880522558"
public_026,direct,combined,outliers,taco,OPEN3D_ROBUST_POINT_TO_PLANE,CAMERA_LOCAL,OUTPUT_ALTERNATIVE_MODEL_NO_UNIQUE_TRUTH_COMPARISON,,"[-7.795137651207901, -16.51346492944573, -9.453076109282682]",,,,,,,,,0.19989831186830997,0.00636964850127697,0.8574521075934172,0,
public_027,direct,combined,combined,artificial,OPEN3D_ROBUST_POINT_TO_PLANE,WORLD_FIXED,OUTPUT_ALTERNATIVE_MODEL_NO_UNIQUE_TRUTH_COMPARISON,,"[-3.672689087216504, -28.50761873348229, -3.318035722648131]",,,,,,,,,0.001091470941901207,0.0002730395644903183,0.010627226904034615,0,
public_028,direct,combined,strong_combined,taco,OPEN3D_ROBUST_POINT_TO_PLANE,WORLD_FIXED,OUTPUT_ALTERNATIVE_MODEL_NO_UNIQUE_TRUTH_COMPARISON,,"[-10.967117928478222, 15.843253318061038, 15.131431051325187]",,,,,,,,,0.1975835356861353,0.006319571286439896,0.5846729334443808,0,
public_029,image,none_small_nonzero,uint16,artificial,OPEN3D_ROBUST_POINT_TO_PLANE,CAMERA_LOCAL,OUTPUT_ALTERNATIVE_MODEL_NO_UNIQUE_TRUTH_COMPARISON,,"[34.97306981820408, 18.63079825867481, -0.15610265014639788]",,,,,,,,,0.001641852781176567,0.00019515492022037506,0.004516635090112686,0,
public_030,image,hand_partial_small_nonzero,float32,artificial,OPEN3D_ROBUST_POINT_TO_PLANE,WORLD_FIXED,STOPPED,,,,,,,,,,,0.0013187248259782791,0.0001460891216993332,0.0031038597226142883,0,"Open3D calibration reached the numerical safety boundary: translation=0.12513499916703566, rotation_deg=6.746352003662686"
public_030,image,hand_partial_small_nonzero,float32,artificial,OPEN3D_ROBUST_POINT_TO_PLANE,CAMERA_LOCAL,STOPPED,,,,,,,,,,,0.0013187248259782791,0.0001460891216993332,0.0022727176547050476,0,"Open3D calibration reached the numerical safety boundary: translation=0.10122972704814973, rotation_deg=5.267086775136946"
public_031,image,other_front_small_nonzero,float32,artificial,OPEN3D_ROBUST_POINT_TO_PLANE,WORLD_FIXED,STOPPED,,,,,,,,,,,0.0012296438217163086,0.00013716518878936768,2.9023736715316772e-05,0,prepared frame 0 contains no target evidence
public_031,image,other_front_small_nonzero,float32,artificial,OPEN3D_ROBUST_POINT_TO_PLANE,CAMERA_LOCAL,STOPPED,,,,,,,,,,,0.0012296438217163086,0.00013716518878936768,1.091882586479187e-05,0,prepared frame 0 contains no target evidence
public_032,image,other_behind_small_nonzero,uint16,artificial,OPEN3D_ROBUST_POINT_TO_PLANE,WORLD_FIXED,OUTPUT_ALTERNATIVE_MODEL_NO_UNIQUE_TRUTH_COMPARISON,,"[11.20074784058003, 46.56574776830348, -2.408505513307827]",,,,,,,,,0.0012702830135822296,0.0001315884292125702,0.006094908341765404,0,
public_033,image,hand_complete_stress_nonzero,float32,artificial,OPEN3D_ROBUST_POINT_TO_PLANE,WORLD_FIXED,STOPPED_INFORMATION_INSUFFICIENT,,,,,,,,,,,0.001121649518609047,0.0001315288245677948,5.51026314496994e-05,0,the target is deliberately fully or almost fully occluded
public_033,image,hand_complete_stress_nonzero,float32,artificial,OPEN3D_ROBUST_POINT_TO_PLANE,CAMERA_LOCAL,STOPPED_INFORMATION_INSUFFICIENT,,,,,,,,,,,0.001121649518609047,0.0001315288245677948,1.3573095202445984e-05,0,the target is deliberately fully or almost fully occluded
public_034,image,hand_large_stress_nonzero,float32,artificial,OPEN3D_ROBUST_POINT_TO_PLANE,WORLD_FIXED,STOPPED_INFORMATION_INSUFFICIENT,,,,,,,,,,,0.001150611788034439,0.0001384969800710678,3.172829747200012e-05,0,the target is deliberately fully or almost fully occluded
public_034,image,hand_large_stress_nonzero,float32,artificial,OPEN3D_ROBUST_POINT_TO_PLANE,CAMERA_LOCAL,STOPPED_INFORMATION_INSUFFICIENT,,,,,,,,,,,0.001150611788034439,0.0001384969800710678,1.060590147972107e-05,0,the target is deliberately fully or almost fully occluded
public_035,image,hand_partial_stress_nonzero,uint16,artificial,OPEN3D_ROBUST_POINT_TO_PLANE,WORLD_FIXED,STOPPED,,,,,,,,,,,0.0012338664382696152,0.00013909116387367249,0.0015161819756031036,0,too few grouped correspondences: 23 < 24
public_035,image,hand_partial_stress_nonzero,uint16,artificial,OPEN3D_ROBUST_POINT_TO_PLANE,CAMERA_LOCAL,STOPPED,,,,,,,,,,,0.0012338664382696152,0.00013909116387367249,0.001047033816576004,0,too few grouped correspondences: 23 < 24
public_036,image,other_front_stress_nonzero,float32,artificial,OPEN3D_ROBUST_POINT_TO_PLANE,WORLD_FIXED,STOPPED,,,,,,,,,,,0.0012175217270851135,0.00013618357479572296,0.0004431959241628647,0,too few calibration surface points
public_036,image,other_front_stress_nonzero,float32,artificial,OPEN3D_ROBUST_POINT_TO_PLANE,CAMERA_LOCAL,STOPPED,,,,,,,,,,,0.0012175217270851135,0.00013618357479572296,0.00037351250648498535,0,too few calibration surface points
public_037,direct,inconsistent_frames,information_insufficient,artificial,OPEN3D_ROBUST_POINT_TO_PLANE,WORLD_FIXED,STOPPED_INFORMATION_INSUFFICIENT,,,,,,,,,,,0.000868847593665123,0.00015084631741046906,0.002940662205219269,0,different frames were generated from deliberately incompatible corrections
public_037,direct,inconsistent_frames,information_insufficient,artificial,OPEN3D_ROBUST_POINT_TO_PLANE,CAMERA_LOCAL,STOPPED_INFORMATION_INSUFFICIENT,,,,,,,,,,,0.000868847593665123,0.00015084631741046906,0.002418065443634987,0,different frames were generated from deliberately incompatible corrections
public_038,direct,symmetric_ambiguous,information_insufficient,artificial,OPEN3D_ROBUST_POINT_TO_PLANE,WORLD_FIXED,OUTPUT_WITHOUT_IDENTIFIABILITY_CERTIFICATE,,,,,,,,,,,0.0017173737287521362,0.00025061704218387604,0.03761382959783077,0,the public shape has deliberately ambiguous rigid symmetries
public_038,direct,symmetric_ambiguous,information_insufficient,artificial,OPEN3D_ROBUST_POINT_TO_PLANE,CAMERA_LOCAL,OUTPUT_WITHOUT_IDENTIFIABILITY_CERTIFICATE,,,,,,,,,,,0.0017173737287521362,0.00025061704218387604,0.057937854900956154,0,the public shape has deliberately ambiguous rigid symmetries
