case_id,condition,method,selected_total,selected_true_target,selected_occluder_or_other,contamination_fraction,eligible_true_target,retained_true_target_fraction,deleted_true_target,empty_selection
public_029,none_small_nonzero,CURRENT_FIXED,79,79,0,0.0,125,0.632,46,False
public_030,hand_partial_small_nonzero,CURRENT_FIXED,40,40,0,0.0,72,0.5555555555555556,32,False
public_031,other_front_small_nonzero,CURRENT_FIXED,5,5,0,0.0,35,0.14285714285714285,30,False
public_032,other_behind_small_nonzero,CURRENT_FIXED,70,70,0,0.0,109,0.6422018348623854,39,False
public_033,hand_complete_stress_nonzero,CURRENT_FIXED,0,0,0,,0,,0,True
public_034,hand_large_stress_nonzero,CURRENT_FIXED,0,0,0,,0,,0,True
public_035,hand_partial_stress_nonzero,CURRENT_FIXED,34,23,11,0.3235294117647059,111,0.2072072072072072,88,False
public_036,other_front_stress_nonzero,CURRENT_FIXED,14,14,0,0.0,102,0.13725490196078433,88,False
public_029,none_small_nonzero,OPEN3D_POINT_TO_PLANE,79,79,0,0.0,125,0.632,46,False
public_030,hand_partial_small_nonzero,OPEN3D_POINT_TO_PLANE,40,40,0,0.0,72,0.5555555555555556,32,False
public_031,other_front_small_nonzero,OPEN3D_POINT_TO_PLANE,5,5,0,0.0,35,0.14285714285714285,30,False
public_032,other_behind_small_nonzero,OPEN3D_POINT_TO_PLANE,70,70,0,0.0,109,0.6422018348623854,39,False
public_033,hand_complete_stress_nonzero,OPEN3D_POINT_TO_PLANE,0,0,0,,0,,0,True
public_034,hand_large_stress_nonzero,OPEN3D_POINT_TO_PLANE,0,0,0,,0,,0,True
public_035,hand_partial_stress_nonzero,OPEN3D_POINT_TO_PLANE,34,23,11,0.3235294117647059,111,0.2072072072072072,88,False
public_036,other_front_stress_nonzero,OPEN3D_POINT_TO_PLANE,14,14,0,0.0,102,0.13725490196078433,88,False
public_029,none_small_nonzero,OPEN3D_ROBUST_POINT_TO_PLANE,79,79,0,0.0,125,0.632,46,False
public_030,hand_partial_small_nonzero,OPEN3D_ROBUST_POINT_TO_PLANE,40,40,0,0.0,72,0.5555555555555556,32,False
public_031,other_front_small_nonzero,OPEN3D_ROBUST_POINT_TO_PLANE,5,5,0,0.0,35,0.14285714285714285,30,False
public_032,other_behind_small_nonzero,OPEN3D_ROBUST_POINT_TO_PLANE,70,70,0,0.0,109,0.6422018348623854,39,False
public_033,hand_complete_stress_nonzero,OPEN3D_ROBUST_POINT_TO_PLANE,0,0,0,,0,,0,True
public_034,hand_large_stress_nonzero,OPEN3D_ROBUST_POINT_TO_PLANE,0,0,0,,0,,0,True
public_035,hand_partial_stress_nonzero,OPEN3D_ROBUST_POINT_TO_PLANE,34,23,11,0.3235294117647059,111,0.2072072072072072,88,False
public_036,other_front_stress_nonzero,OPEN3D_ROBUST_POINT_TO_PLANE,14,14,0,0.0,102,0.13725490196078433,88,False
