entity,side,kind,minimum_z_m,table_z_m,clearance_m
left_MANO_mesh,left,native_mesh,0.5486962199211121,0.5501410086395977,-0.0014447887184856345
left_21_joints,left,joint_set,0.5540267825126648,0.5501410086395977,0.0038857738730671
left_wrist,left,joint,0.5894603133201599,0.5501410086395977,0.03931930468056222
left_thumb_tip,left,fingertip,0.5601348280906677,0.5501410086395977,0.00999381945107003
left_index_tip,left,fingertip,0.5607375502586365,0.5501410086395977,0.01059654161903878
left_middle_tip,left,fingertip,0.555077314376831,0.5501410086395977,0.00493630573723336
left_ring_tip,left,fingertip,0.5540267825126648,0.5501410086395977,0.0038857738730671
left_pinky_tip,left,fingertip,0.5557566285133362,0.5501410086395977,0.005615619873738487
right_MANO_mesh,right,native_mesh,0.5468369722366333,0.5501410086395977,-0.0033040364029643943
right_21_joints,right,joint_set,0.5536875128746033,0.5501410086395977,0.0035465042350055764
right_wrist,right,joint,0.5900853276252747,0.5501410086395977,0.03994431898567696
right_thumb_tip,right,fingertip,0.5536875128746033,0.5501410086395977,0.0035465042350055764
right_index_tip,right,fingertip,0.5580751895904541,0.5501410086395977,0.007934180950856407
right_middle_tip,right,fingertip,0.5591283440589905,0.5501410086395977,0.008987335419392783
right_ring_tip,right,fingertip,0.5586499571800232,0.5501410086395977,0.008508948540425498
right_pinky_tip,right,fingertip,0.5587541460990906,0.5501410086395977,0.008613137459492881
brush,none,native_mesh,0.5488296978725513,0.5501410086395977,-0.0013113107670463808
bowl,none,native_mesh,0.5501410086395977,0.5501410086395977,0.0
