candidate,case_id,frame_id,task_id,coordinate_model,condition,quality,shape_source,current_translation_error_mm,candidate_translation_error_mm,translation_winner,current_rotation_error_deg,candidate_rotation_error_deg,rotation_winner
OPEN3D_OFFICIAL_SINGLE_FRAME,public_sf_001,0,public_sf_001_f000,WORLD_FIXED,identity,clean,artificial,0.0,3.298160302043639e-13,CURRENT_FIXED,0.0,0.0,TIE
OPEN3D_OFFICIAL_SINGLE_FRAME,public_sf_001,0,public_sf_001_f000,CAMERA_LOCAL,identity,clean,artificial,1.1094496298149194e-06,3.7503900534887504e-13,CANDIDATE,0.0,0.0,TIE
OPEN3D_OFFICIAL_SINGLE_FRAME,public_sf_001,1,public_sf_001_f001,WORLD_FIXED,identity,clean,artificial,0.0,5.158941566629633e-13,CURRENT_FIXED,0.0,0.0,TIE
OPEN3D_OFFICIAL_SINGLE_FRAME,public_sf_001,1,public_sf_001_f001,CAMERA_LOCAL,identity,clean,artificial,1.734723475976807e-15,5.996298467526814e-13,CURRENT_FIXED,0.0,0.0,TIE
OPEN3D_OFFICIAL_SINGLE_FRAME,public_sf_002,0,public_sf_002_f000,WORLD_FIXED,identity,clean,taco,4.620274741105255e-06,0.16292587365449943,CURRENT_FIXED,0.0,0.010635625385863124,CURRENT_FIXED
OPEN3D_OFFICIAL_SINGLE_FRAME,public_sf_002,0,public_sf_002_f000,CAMERA_LOCAL,identity,clean,taco,4.520416669798423e-06,0.17473535680854554,CURRENT_FIXED,0.0,0.010635634158542384,CURRENT_FIXED
OPEN3D_OFFICIAL_SINGLE_FRAME,public_sf_002,1,public_sf_002_f001,WORLD_FIXED,identity,clean,taco,4.269936203017343e-06,0.16610544950472267,CURRENT_FIXED,0.0,0.010635603248523131,CURRENT_FIXED
OPEN3D_OFFICIAL_SINGLE_FRAME,public_sf_002,1,public_sf_002_f001,CAMERA_LOCAL,identity,clean,taco,4.317623029403179e-06,0.17737107652078593,CURRENT_FIXED,0.0,0.010635594681428726,CURRENT_FIXED
OPEN3D_OFFICIAL_SINGLE_FRAME,public_sf_003,0,public_sf_003_f000,WORLD_FIXED,identity,clean,artificial,3.7877712272298863e-06,2.2522299634987318e-13,CANDIDATE,0.0,0.0,TIE
OPEN3D_OFFICIAL_SINGLE_FRAME,public_sf_003,0,public_sf_003_f000,CAMERA_LOCAL,identity,clean,artificial,1.3612867851901413e-07,5.220580298899372e-13,CANDIDATE,0.0,0.0,TIE
OPEN3D_OFFICIAL_SINGLE_FRAME,public_sf_003,1,public_sf_003_f001,WORLD_FIXED,identity,clean,artificial,4.197656998092708e-06,5.651148787972736e-13,CANDIDATE,1.2074182697257333e-06,1.2074182697257333e-06,TIE
OPEN3D_OFFICIAL_SINGLE_FRAME,public_sf_003,1,public_sf_003_f001,CAMERA_LOCAL,identity,clean,artificial,0.0,2.2545845628200438e-13,CURRENT_FIXED,0.0,0.0,TIE
OPEN3D_OFFICIAL_SINGLE_FRAME,public_sf_004,0,public_sf_004_f000,WORLD_FIXED,identity,clean,taco,2.204253795297532e-09,0.1624091967332584,CURRENT_FIXED,0.0,0.010635633061957871,CURRENT_FIXED
OPEN3D_OFFICIAL_SINGLE_FRAME,public_sf_004,0,public_sf_004_f000,CAMERA_LOCAL,identity,clean,taco,4.891058542717931e-06,0.18490399268979812,CURRENT_FIXED,0.0,0.01063563580341894,CURRENT_FIXED
OPEN3D_OFFICIAL_SINGLE_FRAME,public_sf_004,1,public_sf_004_f001,WORLD_FIXED,identity,clean,taco,4.612143395419516e-06,0.16262781602046997,CURRENT_FIXED,0.0,0.01063562593415579,CURRENT_FIXED
OPEN3D_OFFICIAL_SINGLE_FRAME,public_sf_004,1,public_sf_004_f001,CAMERA_LOCAL,identity,clean,taco,4.975013058929582e-06,0.18519246990521668,CURRENT_FIXED,0.0,0.010635629909276773,CURRENT_FIXED
OPEN3D_OFFICIAL_SINGLE_FRAME,public_sf_005,0,public_sf_005_f000,WORLD_FIXED,translation,clean,artificial,0.02673196951311265,1.5736111351877516e-10,CANDIDATE,0.002620667351479696,0.0,CANDIDATE
OPEN3D_OFFICIAL_SINGLE_FRAME,public_sf_005,0,public_sf_005_f000,CAMERA_LOCAL,translation,clean,artificial,0.04083760137128829,1.626015499752575e-10,CANDIDATE,0.0029407811563698922,0.0,CANDIDATE
OPEN3D_OFFICIAL_SINGLE_FRAME,public_sf_005,1,public_sf_005_f001,WORLD_FIXED,translation,clean,artificial,0.0366989393454519,4.099015555033365e-11,CANDIDATE,0.0029337242771919373,0.0,CANDIDATE
OPEN3D_OFFICIAL_SINGLE_FRAME,public_sf_005,1,public_sf_005_f001,CAMERA_LOCAL,translation,clean,artificial,0.03842321654050315,4.680717536481067e-11,CANDIDATE,0.0029480070886298768,0.0,CANDIDATE
OPEN3D_OFFICIAL_SINGLE_FRAME,public_sf_007,0,public_sf_007_f000,WORLD_FIXED,translation,clean,artificial,0.04585997345559335,4.29281029581597e-13,CANDIDATE,0.0032762244058020576,0.0,CANDIDATE
OPEN3D_OFFICIAL_SINGLE_FRAME,public_sf_007,0,public_sf_007_f000,CAMERA_LOCAL,translation,clean,artificial,0.0675248357726814,1.1075435058210844e-12,CANDIDATE,0.005404520709706419,1.2074182697257333e-06,CANDIDATE
OPEN3D_OFFICIAL_SINGLE_FRAME,public_sf_007,1,public_sf_007_f001,WORLD_FIXED,translation,clean,artificial,0.041615389182732346,8.627355786046992e-13,CANDIDATE,0.0036813345490843744,1.2074182697257333e-06,CANDIDATE
OPEN3D_OFFICIAL_SINGLE_FRAME,public_sf_007,1,public_sf_007_f001,CAMERA_LOCAL,translation,clean,artificial,0.046890073324487073,2.955407051519156e-13,CANDIDATE,0.004229777321221195,0.0,CANDIDATE
OPEN3D_OFFICIAL_SINGLE_FRAME,public_sf_009,0,public_sf_009_f000,WORLD_FIXED,combined,noise,artificial,12.650293857306979,12.73325113091056,CURRENT_FIXED,0.9445118758759381,0.950534087693225,CURRENT_FIXED
OPEN3D_OFFICIAL_SINGLE_FRAME,public_sf_009,0,public_sf_009_f000,CAMERA_LOCAL,combined,noise,artificial,13.974413857526772,13.941397008082637,CANDIDATE,0.9517547374675861,0.95053380870559,CANDIDATE
OPEN3D_OFFICIAL_SINGLE_FRAME,public_sf_009,1,public_sf_009_f001,WORLD_FIXED,combined,noise,artificial,5.50560361891986,5.452314061229603,CANDIDATE,0.41494048990925325,0.4100411607955502,CANDIDATE
OPEN3D_OFFICIAL_SINGLE_FRAME,public_sf_009,1,public_sf_009_f001,CAMERA_LOCAL,combined,noise,artificial,5.809085222795735,5.835091117532489,CURRENT_FIXED,0.40919760318715237,0.41003809803815705,CURRENT_FIXED
OPEN3D_OFFICIAL_SINGLE_FRAME,public_sf_010,0,public_sf_010_f000,WORLD_FIXED,combined,random_missing,artificial,0.0006814831646170878,5.589662364245866e-07,CANDIDATE,4.722842452849106e-05,0.0,CANDIDATE
OPEN3D_OFFICIAL_SINGLE_FRAME,public_sf_010,0,public_sf_010_f000,CAMERA_LOCAL,combined,random_missing,artificial,0.006033508232698876,3.4072644764242303e-09,CANDIDATE,0.000390311845888496,1.2074182697257333e-06,CANDIDATE
OPEN3D_OFFICIAL_SINGLE_FRAME,public_sf_010,1,public_sf_010_f001,WORLD_FIXED,combined,random_missing,artificial,0.0002883499598407303,3.1542106604775815e-12,CANDIDATE,2.1361409804484527e-05,0.0,CANDIDATE
OPEN3D_OFFICIAL_SINGLE_FRAME,public_sf_010,1,public_sf_010_f001,CAMERA_LOCAL,combined,random_missing,artificial,0.4719992990329808,2.1132710705135014e-09,CANDIDATE,0.030777059381176104,0.0,CANDIDATE
OPEN3D_OFFICIAL_SINGLE_FRAME,public_sf_011,0,public_sf_011_f000,WORLD_FIXED,combined,local_missing,artificial,1.4182192320232743e-05,4.677565329439807e-13,CANDIDATE,0.0,0.0,TIE
OPEN3D_OFFICIAL_SINGLE_FRAME,public_sf_011,0,public_sf_011_f000,CAMERA_LOCAL,combined,local_missing,artificial,4.737342102941908e-05,0.00015592011549874006,CURRENT_FIXED,2.6998693283819165e-06,4.182619578303746e-06,CURRENT_FIXED
OPEN3D_OFFICIAL_SINGLE_FRAME,public_sf_011,1,public_sf_011_f001,WORLD_FIXED,combined,local_missing,artificial,4.836600465983236e-05,9.47683998495443e-10,CANDIDATE,5.915117333884394e-06,0.0,CANDIDATE
OPEN3D_OFFICIAL_SINGLE_FRAME,public_sf_011,1,public_sf_011_f001,CAMERA_LOCAL,combined,local_missing,artificial,3.164786855241307e-05,1.0512771598344686e-09,CANDIDATE,8.790137685928292e-06,0.0,CANDIDATE
OPEN3D_OFFICIAL_SINGLE_FRAME,public_sf_012,0,public_sf_012_f000,WORLD_FIXED,combined,outliers,artificial,26.814647413839907,37.9415010313345,CURRENT_FIXED,2.1888347923749367,3.679298411489784,CURRENT_FIXED
OPEN3D_OFFICIAL_SINGLE_FRAME,public_sf_012,0,public_sf_012_f000,CAMERA_LOCAL,combined,outliers,artificial,30.961808055183944,42.27338840392195,CURRENT_FIXED,2.597590482156319,3.679297798598803,CURRENT_FIXED
OPEN3D_OFFICIAL_SINGLE_FRAME,public_sf_012,1,public_sf_012_f001,WORLD_FIXED,combined,outliers,artificial,9.329128844916047,11.092877933302713,CURRENT_FIXED,0.7701500107647253,0.9125581155524902,CURRENT_FIXED
OPEN3D_OFFICIAL_SINGLE_FRAME,public_sf_012,1,public_sf_012_f001,CAMERA_LOCAL,combined,outliers,artificial,10.04672507957759,11.960984924976648,CURRENT_FIXED,0.7668511501823596,0.9124998752313372,CURRENT_FIXED
OPEN3D_OFFICIAL_SINGLE_FRAME,public_sf_013,0,public_sf_013_f000,WORLD_FIXED,combined,combined,artificial,13.198726740345105,38.63794153927976,CURRENT_FIXED,1.0356103292578271,2.9377671008894963,CURRENT_FIXED
OPEN3D_OFFICIAL_SINGLE_FRAME,public_sf_013,0,public_sf_013_f000,CAMERA_LOCAL,combined,combined,artificial,12.770206709807146,43.366836820798355,CURRENT_FIXED,0.8972611813336714,2.9488488023844717,CURRENT_FIXED
OPEN3D_OFFICIAL_SINGLE_FRAME,public_sf_013,1,public_sf_013_f001,WORLD_FIXED,combined,combined,artificial,5.756842744006928,3.690649609918906,CANDIDATE,0.7537303050178991,0.5884217392662294,CANDIDATE
OPEN3D_OFFICIAL_SINGLE_FRAME,public_sf_013,1,public_sf_013_f001,CAMERA_LOCAL,combined,combined,artificial,6.839050136090713,4.623712602566573,CANDIDATE,0.7495142085172195,0.5885265576228494,CANDIDATE
OPEN3D_OFFICIAL_SINGLE_FRAME,public_sf_014,0,public_sf_014_f000,WORLD_FIXED,combined,strong_combined,artificial,36.20999387808732,24.777708001511467,CANDIDATE,4.159009673477007,2.7665725648870874,CANDIDATE
OPEN3D_OFFICIAL_SINGLE_FRAME,public_sf_014,0,public_sf_014_f000,CAMERA_LOCAL,combined,strong_combined,artificial,38.08228229002316,216.4849263305731,CURRENT_FIXED,4.025186197740519,16.219296948584518,CURRENT_FIXED
OPEN3D_OFFICIAL_SINGLE_FRAME,public_sf_014,1,public_sf_014_f001,WORLD_FIXED,combined,strong_combined,artificial,13.64277730193317,20.63191063843839,CURRENT_FIXED,1.8906520890713452,2.804840240352671,CURRENT_FIXED
OPEN3D_OFFICIAL_SINGLE_FRAME,public_sf_014,1,public_sf_014_f001,CAMERA_LOCAL,combined,strong_combined,artificial,15.160546693461717,23.577856935308194,CURRENT_FIXED,1.852947101317438,2.8039347497609377,CURRENT_FIXED
OPEN3D_OFFICIAL_SINGLE_FRAME,public_sf_019,0,public_sf_019_f000,WORLD_FIXED,per_frame_varying,clean,artificial,4.972004203617866e-05,6.643112428989617e-06,CANDIDATE,4.353408482428141e-06,0.0,CANDIDATE
OPEN3D_OFFICIAL_SINGLE_FRAME,public_sf_019,0,public_sf_019_f000,CAMERA_LOCAL,per_frame_varying,clean,artificial,1.871673816199398e-05,7.750875719753731e-13,CANDIDATE,1.2074182697257333e-06,0.0,CANDIDATE
OPEN3D_OFFICIAL_SINGLE_FRAME,public_sf_019,1,public_sf_019_f001,WORLD_FIXED,per_frame_varying,clean,artificial,1.8304309062899716e-05,1.976311202004669e-09,CANDIDATE,4.00455336570039e-06,0.0,CANDIDATE
OPEN3D_OFFICIAL_SINGLE_FRAME,public_sf_019,1,public_sf_019_f001,CAMERA_LOCAL,per_frame_varying,clean,artificial,0.0001353992726099064,9.684190183082224e-13,CANDIDATE,8.009106731400786e-06,0.0,CANDIDATE
OPEN3D_OFFICIAL_SINGLE_FRAME,public_sf_019,2,public_sf_019_f002,WORLD_FIXED,per_frame_varying,clean,artificial,2.0995343601199293e-05,1.2245151951359451e-12,CANDIDATE,1.7075472925031877e-06,0.0,CANDIDATE
OPEN3D_OFFICIAL_SINGLE_FRAME,public_sf_019,2,public_sf_019_f002,CAMERA_LOCAL,per_frame_varying,clean,artificial,1.031520287057712e-05,1.8609369516880707e-12,CANDIDATE,0.0,0.0,TIE
OPEN3D_OFFICIAL_SINGLE_FRAME,public_sf_020,0,public_sf_020_f000,WORLD_FIXED,per_frame_varying,clean,taco,4.169204929777678e-05,0.23667507246184757,CURRENT_FIXED,2.4148365394514667e-06,0.015612872695419286,CURRENT_FIXED
OPEN3D_OFFICIAL_SINGLE_FRAME,public_sf_020,0,public_sf_020_f000,CAMERA_LOCAL,per_frame_varying,clean,taco,0.0002196089445995979,0.2815201985314936,CURRENT_FIXED,1.2948118433879161e-05,0.01709286514787379,CURRENT_FIXED
OPEN3D_OFFICIAL_SINGLE_FRAME,public_sf_020,1,public_sf_020_f001,WORLD_FIXED,per_frame_varying,clean,taco,0.0003041539561912268,0.22557179463770188,CURRENT_FIXED,1.9913252241518953e-05,0.014755059659394715,CURRENT_FIXED
OPEN3D_OFFICIAL_SINGLE_FRAME,public_sf_020,1,public_sf_020_f001,CAMERA_LOCAL,per_frame_varying,clean,taco,0.0004251788311139482,0.25450155509364186,CURRENT_FIXED,2.5153742327560286e-05,0.014800586184585442,CURRENT_FIXED
OPEN3D_HUBER_SINGLE_FRAME,public_sf_001,0,public_sf_001_f000,WORLD_FIXED,identity,clean,artificial,0.0,3.298160302043639e-13,CURRENT_FIXED,0.0,0.0,TIE
OPEN3D_HUBER_SINGLE_FRAME,public_sf_001,0,public_sf_001_f000,CAMERA_LOCAL,identity,clean,artificial,1.1094496298149194e-06,3.7503900534887504e-13,CANDIDATE,0.0,0.0,TIE
OPEN3D_HUBER_SINGLE_FRAME,public_sf_001,1,public_sf_001_f001,WORLD_FIXED,identity,clean,artificial,0.0,5.158941566629633e-13,CURRENT_FIXED,0.0,0.0,TIE
OPEN3D_HUBER_SINGLE_FRAME,public_sf_001,1,public_sf_001_f001,CAMERA_LOCAL,identity,clean,artificial,1.734723475976807e-15,5.996298467525279e-13,CURRENT_FIXED,0.0,0.0,TIE
OPEN3D_HUBER_SINGLE_FRAME,public_sf_002,0,public_sf_002_f000,WORLD_FIXED,identity,clean,taco,4.620274741105255e-06,0.1629258736545371,CURRENT_FIXED,0.0,0.010635625385863124,CURRENT_FIXED
OPEN3D_HUBER_SINGLE_FRAME,public_sf_002,0,public_sf_002_f000,CAMERA_LOCAL,identity,clean,taco,4.520416669798423e-06,0.1747353568085453,CURRENT_FIXED,0.0,0.010635634158542384,CURRENT_FIXED
OPEN3D_HUBER_SINGLE_FRAME,public_sf_002,1,public_sf_002_f001,WORLD_FIXED,identity,clean,taco,4.269936203017343e-06,0.16610544950451872,CURRENT_FIXED,0.0,0.010635603248523131,CURRENT_FIXED
OPEN3D_HUBER_SINGLE_FRAME,public_sf_002,1,public_sf_002_f001,CAMERA_LOCAL,identity,clean,taco,4.317623029403179e-06,0.17737107652073678,CURRENT_FIXED,0.0,0.010635594681428726,CURRENT_FIXED
OPEN3D_HUBER_SINGLE_FRAME,public_sf_003,0,public_sf_003_f000,WORLD_FIXED,identity,clean,artificial,3.7877712272298863e-06,2.2522299634987318e-13,CANDIDATE,0.0,0.0,TIE
OPEN3D_HUBER_SINGLE_FRAME,public_sf_003,0,public_sf_003_f000,CAMERA_LOCAL,identity,clean,artificial,1.3612867851901413e-07,5.220580298899372e-13,CANDIDATE,0.0,0.0,TIE
OPEN3D_HUBER_SINGLE_FRAME,public_sf_003,1,public_sf_003_f001,WORLD_FIXED,identity,clean,artificial,4.197656998092708e-06,5.651148787972736e-13,CANDIDATE,1.2074182697257333e-06,1.2074182697257333e-06,TIE
OPEN3D_HUBER_SINGLE_FRAME,public_sf_003,1,public_sf_003_f001,CAMERA_LOCAL,identity,clean,artificial,0.0,2.2545845628200438e-13,CURRENT_FIXED,0.0,0.0,TIE
OPEN3D_HUBER_SINGLE_FRAME,public_sf_004,0,public_sf_004_f000,WORLD_FIXED,identity,clean,taco,2.204253795297532e-09,0.1624091967333147,CURRENT_FIXED,0.0,0.010635633061957871,CURRENT_FIXED
OPEN3D_HUBER_SINGLE_FRAME,public_sf_004,0,public_sf_004_f000,CAMERA_LOCAL,identity,clean,taco,4.891058542717931e-06,0.18490399268974456,CURRENT_FIXED,0.0,0.01063563580341894,CURRENT_FIXED
OPEN3D_HUBER_SINGLE_FRAME,public_sf_004,1,public_sf_004_f001,WORLD_FIXED,identity,clean,taco,4.612143395419516e-06,0.16262781602046184,CURRENT_FIXED,0.0,0.01063562593415579,CURRENT_FIXED
OPEN3D_HUBER_SINGLE_FRAME,public_sf_004,1,public_sf_004_f001,CAMERA_LOCAL,identity,clean,taco,4.975013058929582e-06,0.18519246990526994,CURRENT_FIXED,0.0,0.010635629909276773,CURRENT_FIXED
OPEN3D_HUBER_SINGLE_FRAME,public_sf_005,0,public_sf_005_f000,WORLD_FIXED,translation,clean,artificial,0.02673196951311265,1.5736111351877516e-10,CANDIDATE,0.002620667351479696,0.0,CANDIDATE
OPEN3D_HUBER_SINGLE_FRAME,public_sf_005,0,public_sf_005_f000,CAMERA_LOCAL,translation,clean,artificial,0.04083760137128829,1.626015499752575e-10,CANDIDATE,0.0029407811563698922,0.0,CANDIDATE
OPEN3D_HUBER_SINGLE_FRAME,public_sf_005,1,public_sf_005_f001,WORLD_FIXED,translation,clean,artificial,0.0366989393454519,4.099015555033365e-11,CANDIDATE,0.0029337242771919373,0.0,CANDIDATE
OPEN3D_HUBER_SINGLE_FRAME,public_sf_005,1,public_sf_005_f001,CAMERA_LOCAL,translation,clean,artificial,0.03842321654050315,4.680717536481067e-11,CANDIDATE,0.0029480070886298768,0.0,CANDIDATE
OPEN3D_HUBER_SINGLE_FRAME,public_sf_007,0,public_sf_007_f000,WORLD_FIXED,translation,clean,artificial,0.04585997345559335,2.47009809927328e-13,CANDIDATE,0.0032762244058020576,0.0,CANDIDATE
OPEN3D_HUBER_SINGLE_FRAME,public_sf_007,0,public_sf_007_f000,CAMERA_LOCAL,translation,clean,artificial,0.0675248357726814,7.098926635303705e-13,CANDIDATE,0.005404520709706419,0.0,CANDIDATE
OPEN3D_HUBER_SINGLE_FRAME,public_sf_007,1,public_sf_007_f001,WORLD_FIXED,translation,clean,artificial,0.041615389182732346,6.135779711874895e-13,CANDIDATE,0.0036813345490843744,0.0,CANDIDATE
OPEN3D_HUBER_SINGLE_FRAME,public_sf_007,1,public_sf_007_f001,CAMERA_LOCAL,translation,clean,artificial,0.046890073324487073,2.902857725693942e-13,CANDIDATE,0.004229777321221195,0.0,CANDIDATE
OPEN3D_HUBER_SINGLE_FRAME,public_sf_009,0,public_sf_009_f000,WORLD_FIXED,combined,noise,artificial,12.650293857306979,12.733265226892172,CURRENT_FIXED,0.9445118758759381,0.9505351326006453,CURRENT_FIXED
OPEN3D_HUBER_SINGLE_FRAME,public_sf_009,0,public_sf_009_f000,CAMERA_LOCAL,combined,noise,artificial,13.974413857526772,13.941396693630432,CANDIDATE,0.9517547374675861,0.9505311597166514,CANDIDATE
OPEN3D_HUBER_SINGLE_FRAME,public_sf_010,0,public_sf_010_f000,WORLD_FIXED,combined,random_missing,artificial,0.0006814831646170878,3.2222658932098574e-09,CANDIDATE,4.722842452849106e-05,0.0,CANDIDATE
OPEN3D_HUBER_SINGLE_FRAME,public_sf_010,0,public_sf_010_f000,CAMERA_LOCAL,combined,random_missing,artificial,0.006033508232698876,3.1860328620583152e-09,CANDIDATE,0.000390311845888496,0.0,CANDIDATE
OPEN3D_HUBER_SINGLE_FRAME,public_sf_010,1,public_sf_010_f001,WORLD_FIXED,combined,random_missing,artificial,0.0002883499598407303,2.086838627596228e-09,CANDIDATE,2.1361409804484527e-05,0.0,CANDIDATE
OPEN3D_HUBER_SINGLE_FRAME,public_sf_010,1,public_sf_010_f001,CAMERA_LOCAL,combined,random_missing,artificial,0.4719992990329808,1.1363837280817621e-07,CANDIDATE,0.030777059381176104,0.0,CANDIDATE
OPEN3D_HUBER_SINGLE_FRAME,public_sf_011,0,public_sf_011_f000,WORLD_FIXED,combined,local_missing,artificial,1.4182192320232743e-05,5.856472764534886e-13,CANDIDATE,0.0,0.0,TIE
OPEN3D_HUBER_SINGLE_FRAME,public_sf_011,0,public_sf_011_f000,CAMERA_LOCAL,combined,local_missing,artificial,4.737342102941908e-05,1.0016195557555775e-12,CANDIDATE,2.6998693283819165e-06,0.0,CANDIDATE
OPEN3D_HUBER_SINGLE_FRAME,public_sf_011,1,public_sf_011_f001,WORLD_FIXED,combined,local_missing,artificial,4.836600465983236e-05,1.0058574035256288e-12,CANDIDATE,5.915117333884394e-06,0.0,CANDIDATE
OPEN3D_HUBER_SINGLE_FRAME,public_sf_011,1,public_sf_011_f001,CAMERA_LOCAL,combined,local_missing,artificial,3.164786855241307e-05,1.977390167281096e-12,CANDIDATE,8.790137685928292e-06,1.7075472925031877e-06,CANDIDATE
OPEN3D_HUBER_SINGLE_FRAME,public_sf_012,0,public_sf_012_f000,WORLD_FIXED,combined,outliers,artificial,26.814647413839907,33.44865437941306,CURRENT_FIXED,2.1888347923749367,3.1582293027163653,CURRENT_FIXED
OPEN3D_HUBER_SINGLE_FRAME,public_sf_012,0,public_sf_012_f000,CAMERA_LOCAL,combined,outliers,artificial,30.961808055183944,37.21700892270058,CURRENT_FIXED,2.597590482156319,3.157191350780776,CURRENT_FIXED
OPEN3D_HUBER_SINGLE_FRAME,public_sf_012,1,public_sf_012_f001,WORLD_FIXED,combined,outliers,artificial,9.329128844916047,11.09243812218435,CURRENT_FIXED,0.7701500107647253,0.9125541812665331,CURRENT_FIXED
OPEN3D_HUBER_SINGLE_FRAME,public_sf_012,1,public_sf_012_f001,CAMERA_LOCAL,combined,outliers,artificial,10.04672507957759,11.96198114568764,CURRENT_FIXED,0.7668511501823596,0.912557901443512,CURRENT_FIXED
OPEN3D_HUBER_SINGLE_FRAME,public_sf_013,0,public_sf_013_f000,WORLD_FIXED,combined,combined,artificial,13.198726740345105,17.79884782679946,CURRENT_FIXED,1.0356103292578271,1.4152341611503365,CURRENT_FIXED
OPEN3D_HUBER_SINGLE_FRAME,public_sf_013,0,public_sf_013_f000,CAMERA_LOCAL,combined,combined,artificial,12.770206709807146,20.069402189810553,CURRENT_FIXED,0.8972611813336714,1.4152435518338193,CURRENT_FIXED
OPEN3D_HUBER_SINGLE_FRAME,public_sf_013,1,public_sf_013_f001,WORLD_FIXED,combined,combined,artificial,5.756842744006928,3.692840490138794,CANDIDATE,0.7537303050178991,0.5885266765719278,CANDIDATE
OPEN3D_HUBER_SINGLE_FRAME,public_sf_013,1,public_sf_013_f001,CAMERA_LOCAL,combined,combined,artificial,6.839050136090713,4.623689964617836,CANDIDATE,0.7495142085172195,0.5885245250249251,CANDIDATE
OPEN3D_HUBER_SINGLE_FRAME,public_sf_014,0,public_sf_014_f000,WORLD_FIXED,combined,strong_combined,artificial,36.20999387808732,82.73160142877698,CURRENT_FIXED,4.159009673477007,7.992548935708442,CURRENT_FIXED
OPEN3D_HUBER_SINGLE_FRAME,public_sf_014,0,public_sf_014_f000,CAMERA_LOCAL,combined,strong_combined,artificial,38.08228229002316,91.48354609119973,CURRENT_FIXED,4.025186197740519,7.992564119377272,CURRENT_FIXED
OPEN3D_HUBER_SINGLE_FRAME,public_sf_014,1,public_sf_014_f001,WORLD_FIXED,combined,strong_combined,artificial,13.64277730193317,20.05829849054329,CURRENT_FIXED,1.8906520890713452,2.4731625404276785,CURRENT_FIXED
OPEN3D_HUBER_SINGLE_FRAME,public_sf_014,1,public_sf_014_f001,CAMERA_LOCAL,combined,strong_combined,artificial,15.160546693461717,22.695668539188844,CURRENT_FIXED,1.852947101317438,2.4723598107787033,CURRENT_FIXED
OPEN3D_HUBER_SINGLE_FRAME,public_sf_019,0,public_sf_019_f000,WORLD_FIXED,per_frame_varying,clean,artificial,4.972004203617866e-05,6.502748644336506e-06,CANDIDATE,4.353408482428141e-06,0.0,CANDIDATE
OPEN3D_HUBER_SINGLE_FRAME,public_sf_019,0,public_sf_019_f000,CAMERA_LOCAL,per_frame_varying,clean,artificial,1.871673816199398e-05,2.2568079057028328e-13,CANDIDATE,1.2074182697257333e-06,0.0,CANDIDATE
OPEN3D_HUBER_SINGLE_FRAME,public_sf_019,1,public_sf_019_f001,WORLD_FIXED,per_frame_varying,clean,artificial,1.8304309062899716e-05,4.177884435562809e-08,CANDIDATE,4.00455336570039e-06,0.0,CANDIDATE
OPEN3D_HUBER_SINGLE_FRAME,public_sf_019,1,public_sf_019_f001,CAMERA_LOCAL,per_frame_varying,clean,artificial,0.0001353992726099064,7.686333132693154e-09,CANDIDATE,8.009106731400786e-06,0.0,CANDIDATE
OPEN3D_HUBER_SINGLE_FRAME,public_sf_019,2,public_sf_019_f002,WORLD_FIXED,per_frame_varying,clean,artificial,2.0995343601199293e-05,2.495252184079975e-09,CANDIDATE,1.7075472925031877e-06,0.0,CANDIDATE
OPEN3D_HUBER_SINGLE_FRAME,public_sf_019,2,public_sf_019_f002,CAMERA_LOCAL,per_frame_varying,clean,artificial,1.031520287057712e-05,4.41175307491766e-09,CANDIDATE,0.0,0.0,TIE
OPEN3D_HUBER_SINGLE_FRAME,public_sf_020,0,public_sf_020_f000,WORLD_FIXED,per_frame_varying,clean,taco,4.169204929777678e-05,0.23257708675622746,CURRENT_FIXED,2.4148365394514667e-06,0.015110008704224973,CURRENT_FIXED
OPEN3D_HUBER_SINGLE_FRAME,public_sf_020,0,public_sf_020_f000,CAMERA_LOCAL,per_frame_varying,clean,taco,0.0002196089445995979,0.29937094445120993,CURRENT_FIXED,1.2948118433879161e-05,0.017379878018491703,CURRENT_FIXED
OPEN3D_HUBER_SINGLE_FRAME,public_sf_020,1,public_sf_020_f001,WORLD_FIXED,per_frame_varying,clean,taco,0.0003041539561912268,0.22494266688338266,CURRENT_FIXED,1.9913252241518953e-05,0.014608676382273941,CURRENT_FIXED
OPEN3D_HUBER_SINGLE_FRAME,public_sf_020,1,public_sf_020_f001,CAMERA_LOCAL,per_frame_varying,clean,taco,0.0004251788311139482,0.249582367788795,CURRENT_FIXED,2.5153742327560286e-05,0.01446316419687644,CURRENT_FIXED
