case_id,frame_id,task_id,case_kind,condition,quality,shape_source,generation_model,method,coordinate_model,raw_solver_status,raw_solver_reason,input_evidence_status,frame_truth_status,truth_status_reason,score_category,included_in_accuracy_summary,true_transform,estimated_transform,true_translation_mm,estimated_translation_mm,translation_error_mm,true_rotvec_rad,estimated_rotvec_rad,rotation_error_deg,checkpoint_mean_mm,checkpoint_median_mm,checkpoint_p95_mm,checkpoint_maximum_mm,fitness,inlier_rmse_m,correspondence_count,safety_advisory_within_bounds,preprocessing_seconds,open3d_reference_sampling_seconds_amortized,solve_seconds,peak_rss_delta_kib
public_sf_006,0,public_sf_006_f000,direct,translation,clean,taco,WORLD_FIXED,CURRENT_FIXED_SINGLE_FRAME,WORLD_FIXED,NUMERICAL_FAILURE,"calibration fit failed or reached the numerical safety boundary: success=False, translation=0.008642290232628295, rotation_deg=0.0008149203889623882",TARGET_POINTS_PRESENT,UNIQUE_COMPARABLE,full asymmetric surface points define the injected rigid recovery,STOPPED_OR_FAILED,False,"[[1.0, 0.0, 0.0, -0.00044459737486033307], [0.0, 1.0, 0.0, 0.0070617711503909745], [0.0, 0.0, 1.0, -0.004976929023001777], [0.0, 0.0, 0.0, 1.0]]",,"[-0.44459737486033307, 7.061771150390975, -4.9769290230017775]",,,"[0.0, 0.0, 0.0]",,,,,,,,,,,0.0014968905597925186,,3.4865692704916,1184
public_sf_006,0,public_sf_006_f000,direct,translation,clean,taco,WORLD_FIXED,CURRENT_FIXED_SINGLE_FRAME,CAMERA_LOCAL,NUMERICAL_FAILURE,"calibration fit failed or reached the numerical safety boundary: success=False, translation=0.008641931723065835, rotation_deg=0.0007636006362530325",TARGET_POINTS_PRESENT,UNIQUE_COMPARABLE,full asymmetric surface points define the injected rigid recovery,STOPPED_OR_FAILED,False,"[[0.9999999999999999, -1.826084715076968e-17, -4.743565766273242e-17, -0.000653326722693766], [-1.826084715076968e-17, 0.9999999999999999, 2.231597203442914e-17, 0.00696861653034541], [-4.743565766273242e-17, 2.231597203442914e-17, 0.9999999999999999, -0.005084058315227638], [0.0, 0.0, 0.0, 1.0]]",,"[-0.653326722693766, 6.96861653034541, -5.084058315227638]",,,"[0.0, 0.0, 0.0]",,,,,,,,,,,0.0014968905597925186,,3.3323396798223257,0
public_sf_006,1,public_sf_006_f001,direct,translation,clean,taco,WORLD_FIXED,CURRENT_FIXED_SINGLE_FRAME,WORLD_FIXED,NUMERICAL_FAILURE,"calibration fit failed or reached the numerical safety boundary: success=False, translation=0.008642333650431017, rotation_deg=0.0008014689283088125",TARGET_POINTS_PRESENT,UNIQUE_COMPARABLE,full asymmetric surface points define the injected rigid recovery,STOPPED_OR_FAILED,False,"[[1.0, 0.0, 0.0, -0.00044459737486033307], [0.0, 1.0, 0.0, 0.0070617711503909745], [0.0, 0.0, 1.0, -0.004976929023001777], [0.0, 0.0, 0.0, 1.0]]",,"[-0.44459737486033307, 7.061771150390975, -4.9769290230017775]",,,"[0.0, 0.0, 0.0]",,,,,,,,,,,0.001347055658698082,,3.4888214133679867,4096
public_sf_006,1,public_sf_006_f001,direct,translation,clean,taco,WORLD_FIXED,CURRENT_FIXED_SINGLE_FRAME,CAMERA_LOCAL,NUMERICAL_FAILURE,"calibration fit failed or reached the numerical safety boundary: success=False, translation=0.00864090956598385, rotation_deg=0.0008112856698617146",TARGET_POINTS_PRESENT,UNIQUE_COMPARABLE,full asymmetric surface points define the injected rigid recovery,STOPPED_OR_FAILED,False,"[[1.0, 3.514269917736791e-18, -1.1940771097178475e-17, -0.0004805843861083346], [3.514269917736791e-18, 0.9999999999999999, 3.352844495234529e-17, 0.00706001982117626], [-1.1940771097178475e-17, 3.352844495234529e-17, 1.0000000000000002, -0.0049760687172357015], [0.0, 0.0, 0.0, 1.0]]",,"[-0.4805843861083346, 7.06001982117626, -4.976068717235702]",,,"[0.0, 0.0, 0.0]",,,,,,,,,,,0.001347055658698082,,3.3744742646813393,0
public_sf_008,0,public_sf_008_f000,direct,translation,clean,taco,CAMERA_LOCAL,CURRENT_FIXED_SINGLE_FRAME,WORLD_FIXED,NUMERICAL_FAILURE,"calibration fit failed or reached the numerical safety boundary: success=False, translation=0.006184954557738919, rotation_deg=0.0007067940169625224",TARGET_POINTS_PRESENT,UNIQUE_COMPARABLE,full asymmetric surface points define the injected rigid recovery,STOPPED_OR_FAILED,False,"[[1.0, -1.1487335726139242e-17, 1.5369758854358265e-17, 0.0018691184365356855], [-1.1487335726139242e-17, 1.0000000000000002, 1.6674990285238594e-17, 0.005095337571105939], [1.5369758854358265e-17, 1.6674990285238594e-17, 1.0, -0.002981596504147463], [0.0, 0.0, 0.0, 1.0]]",,"[1.8691184365356857, 5.095337571105938, -2.981596504147463]",,,"[0.0, 0.0, 0.0]",,,,,,,,,,,0.0014447234570980072,,3.3447957411408424,4076
public_sf_008,0,public_sf_008_f000,direct,translation,clean,taco,CAMERA_LOCAL,CURRENT_FIXED_SINGLE_FRAME,CAMERA_LOCAL,NUMERICAL_FAILURE,"calibration fit failed or reached the numerical safety boundary: success=False, translation=0.006183332651989079, rotation_deg=0.0007487809494370305",TARGET_POINTS_PRESENT,UNIQUE_COMPARABLE,full asymmetric surface points define the injected rigid recovery,STOPPED_OR_FAILED,False,"[[1.0, 0.0, 0.0, 0.0017481859409986871], [0.0, 1.0, 0.0, 0.005111372548055519], [0.0, 0.0, 1.0, -0.0030271608806841984], [0.0, 0.0, 0.0, 1.0]]",,"[1.748185940998687, 5.1113725480555185, -3.0271608806841983]",,,"[0.0, 0.0, 0.0]",,,,,,,,,,,0.0014447234570980072,,3.2632509488612413,0
public_sf_008,1,public_sf_008_f001,direct,translation,clean,taco,CAMERA_LOCAL,CURRENT_FIXED_SINGLE_FRAME,WORLD_FIXED,NUMERICAL_FAILURE,"calibration fit failed or reached the numerical safety boundary: success=False, translation=0.0061841734247927525, rotation_deg=0.0007707608366835059",TARGET_POINTS_PRESENT,UNIQUE_COMPARABLE,full asymmetric surface points define the injected rigid recovery,STOPPED_OR_FAILED,False,"[[1.0000000000000002, 9.345800464289882e-18, -5.1490063257863885e-18, 0.0016342309755905476], [9.345800464289882e-18, 1.0, 2.118974482569087e-18, 0.005221556862595296], [-5.1490063257863885e-18, 2.118974482569087e-18, 1.0, -0.002900106800786839], [0.0, 0.0, 0.0, 1.0]]",,"[1.6342309755905475, 5.221556862595296, -2.900106800786839]",,,"[0.0, 0.0, 0.0]",,,,,,,,,,,0.0013101212680339813,,3.520915864035487,1988
public_sf_008,1,public_sf_008_f001,direct,translation,clean,taco,CAMERA_LOCAL,CURRENT_FIXED_SINGLE_FRAME,CAMERA_LOCAL,NUMERICAL_FAILURE,"calibration fit failed or reached the numerical safety boundary: success=False, translation=0.006182728502349633, rotation_deg=0.0007919021545037796",TARGET_POINTS_PRESENT,UNIQUE_COMPARABLE,full asymmetric surface points define the injected rigid recovery,STOPPED_OR_FAILED,False,"[[1.0, 0.0, 0.0, 0.0017481859409986871], [0.0, 1.0, 0.0, 0.005111372548055519], [0.0, 0.0, 1.0, -0.0030271608806841984], [0.0, 0.0, 0.0, 1.0]]",,"[1.748185940998687, 5.1113725480555185, -3.0271608806841983]",,,"[0.0, 0.0, 0.0]",,,,,,,,,,,0.0013101212680339813,,3.3345423247665167,0
public_sf_015,0,public_sf_015_f000,image,none_nonzero,uint16,artificial,WORLD_FIXED,CURRENT_FIXED_SINGLE_FRAME,WORLD_FIXED,NUMERICAL_FAILURE,too few calibration surface points,TARGET_POINTS_PRESENT,UNIQUENESS_UNPROVEN,"the generator knows the injected recovery, but partial image evidence has not been proven globally unique",STOPPED_OR_FAILED,False,"[[0.9999991909128747, -0.0011754614592636204, 0.0004862755944930476, 0.0004642615627415697], [0.0011760702617922018, 0.9999985226913408, -0.001253584410899263, -0.00022333830195133076], [-0.0004848013359529328, 0.001254155290905983, 0.9999990960306768, -0.00010698784907329031], [0.0, 0.0, 0.0, 1.0]]",,"[0.4642615627415697, -0.22333830195133075, -0.10698784907329031]",,,"[0.001253870517620152, 0.00048553872339731794, 0.0011757664857153728]",,,,,,,,,,,0.001386146992444992,,0.0004364941269159317,0
public_sf_015,0,public_sf_015_f000,image,none_nonzero,uint16,artificial,WORLD_FIXED,CURRENT_FIXED_SINGLE_FRAME,CAMERA_LOCAL,NUMERICAL_FAILURE,too few calibration surface points,TARGET_POINTS_PRESENT,UNIQUENESS_UNPROVEN,"the generator knows the injected recovery, but partial image evidence has not been proven globally unique",STOPPED_OR_FAILED,False,"[[0.9999991752122223, -0.0011878502561921368, 0.0004884533184974739, 0.0004591941853477619], [0.001188455651080414, 0.9999985237509406, -0.0012409952075438933, -0.0002231862123295448], [-0.00048697848094352204, 0.0012415746890929163, 0.9999991106717298, -9.5314148116588e-05], [0.0, 0.0, 0.0, 1.0]]",,"[0.4591941853477619, -0.22318621232954478, -0.09531414811658799]",,,"[0.0012412856083441905, 0.00048771615905262824, 0.0011881535854102996]",,,,,,,,,,,0.001386146992444992,,0.00016306526958942413,0
public_sf_015,1,public_sf_015_f001,image,none_nonzero,uint16,artificial,WORLD_FIXED,CURRENT_FIXED_SINGLE_FRAME,WORLD_FIXED,NUMERICAL_FAILURE,too few calibration surface points,TARGET_POINTS_PRESENT,UNIQUENESS_UNPROVEN,"the generator knows the injected recovery, but partial image evidence has not been proven globally unique",STOPPED_OR_FAILED,False,"[[0.9999969022361446, -0.0022558040979310527, 0.0010520769869598952, -9.20374307799994e-05], [0.002256606259167729, 0.9999971636203049, -0.0007618920765725499, 0.00022637937399993074], [-0.001050355323601575, 0.0007642638399247177, 0.9999991563268827, 0.0004092426270775578], [0.0, 0.0, 0.0, 1.0]]",,"[-0.0920374307799994, 0.22637937399993074, 0.40924262707755776]",,,"[0.0007630788202502196, 0.0010512173427740744, 0.00225620772724369]",,,,,,,,,,,0.00048132985830307007,,0.0004069283604621887,0
public_sf_015,1,public_sf_015_f001,image,none_nonzero,uint16,artificial,WORLD_FIXED,CURRENT_FIXED_SINGLE_FRAME,CAMERA_LOCAL,NUMERICAL_FAILURE,too few calibration surface points,TARGET_POINTS_PRESENT,UNIQUENESS_UNPROVEN,"the generator knows the injected recovery, but partial image evidence has not been proven globally unique",STOPPED_OR_FAILED,False,"[[0.9999968911724246, -0.0022510068383130126, 0.0010726666303289259, -9.427370391810502e-05], [0.0022518090343721037, 0.9999971854960992, -0.0007472321949573417, 0.00023324859755314534], [-0.0010709815865238752, 0.0007496453123503146, 0.9999991455148084, 0.00040491723580499], [0.0, 0.0, 0.0, 1.0]]",,"[-0.09427370391810502, 0.23324859755314534, 0.40491723580499]",,,"[0.0007484395991184175, 0.0010718253191992597, 0.002251410479617712]",,,,,,,,,,,0.00048132985830307007,,0.00015113502740859985,0
public_sf_016,0,public_sf_016_f000,image,hand_partial_nonzero,float32,taco,WORLD_FIXED,CURRENT_FIXED_SINGLE_FRAME,WORLD_FIXED,NUMERICAL_FAILURE,too few calibration surface points,TARGET_POINTS_PRESENT,UNIQUENESS_UNPROVEN,"the generator knows the injected recovery, but partial image evidence has not been proven globally unique",STOPPED_OR_FAILED,False,"[[0.9999981770380851, -0.0016524438556614564, -0.0009567391548410219, -4.739393216725672e-05], [0.0016520219322410407, 0.9999985378948321, -0.00044162397310392473, -0.0006171583272707369], [0.0009574675148086182, 0.0004400426139730305, 0.9999994448090739, 0.00031378016539609894], [0.0, 0.0, 0.0, 1.0]]",,"[-0.04739393216725672, -0.6171583272707369, 0.31378016539609893]",,,"[0.0004408335756909586, -0.0009571039474125817, 0.0016522339514521613]",,,,,,,,,,,0.0008231606334447861,,0.0003973059356212616,0
public_sf_016,0,public_sf_016_f000,image,hand_partial_nonzero,float32,taco,WORLD_FIXED,CURRENT_FIXED_SINGLE_FRAME,CAMERA_LOCAL,NUMERICAL_FAILURE,too few calibration surface points,TARGET_POINTS_PRESENT,UNIQUENESS_UNPROVEN,"the generator knows the injected recovery, but partial image evidence has not been proven globally unique",STOPPED_OR_FAILED,False,"[[0.9999981869562776, -0.001638514560565708, -0.0009702340915943232, -3.529235918406869e-05], [0.001638065374491938, 0.9999985509164206, -0.00046358050836093647, -0.0006208058646635334], [0.0009709922690570261, 0.00046199036099867297, 0.9999994218692927, 0.0003064169504430154], [0.0, 0.0, 0.0, 1.0]]",,"[-0.03529235918406869, -0.6208058646635334, 0.3064169504430154]",,,"[0.0004627857308826108, -0.000970613801560325, 0.0016382910161056564]",,,,,,,,,,,0.0008231606334447861,,0.00014348700642585754,0
public_sf_016,1,public_sf_016_f001,image,hand_partial_nonzero,float32,taco,WORLD_FIXED,CURRENT_FIXED_SINGLE_FRAME,WORLD_FIXED,NUMERICAL_FAILURE,too few calibration surface points,TARGET_POINTS_PRESENT,UNIQUENESS_UNPROVEN,"the generator knows the injected recovery, but partial image evidence has not been proven globally unique",STOPPED_OR_FAILED,False,"[[0.9999985273194235, -0.0003715428256011615, -0.0016755043756803848, 0.0003013667532935458], [0.0003737299768255933, 0.9999990783306072, 0.001305244743574447, -0.00013960432911544856], [0.0016750178770991529, -0.001305869007577363, 0.9999977445080795, -0.00012802771345301296], [0.0, 0.0, 0.0, 1.0]]",,"[0.3013667532935458, -0.13960432911544857, -0.12802771345301298]",,,"[-0.001305557887349021, -0.0016752624246742032, 0.0003726366899970373]",,,,,,,,,,,0.0004153735935688019,,0.00037528201937675476,0
public_sf_016,1,public_sf_016_f001,image,hand_partial_nonzero,float32,taco,WORLD_FIXED,CURRENT_FIXED_SINGLE_FRAME,CAMERA_LOCAL,NUMERICAL_FAILURE,too few calibration surface points,TARGET_POINTS_PRESENT,UNIQUENESS_UNPROVEN,"the generator knows the injected recovery, but partial image evidence has not been proven globally unique",STOPPED_OR_FAILED,False,"[[0.9999985432992192, -0.00036101544767291524, -0.0016682527643624317, 0.00030634496228523463], [0.0003632134589789801, 0.9999990662163208, 0.0013174378427411638, -0.00014598610958261454], [0.0016677755911626154, -0.0013180418554854451, 0.9999977406425699, -0.00013009548035266237], [0.0, 0.0, 0.0, 1.0]]",,"[0.3063449622852346, -0.14598610958261454, -0.13009548035266238]",,,"[-0.0013177408703279128, -0.0016680154704307587, 0.00036211473395536764]",,,,,,,,,,,0.0004153735935688019,,0.00015788525342941284,0
public_sf_017,0,public_sf_017_f000,image,other_front_nonzero,float32,artificial,CAMERA_LOCAL,CURRENT_FIXED_SINGLE_FRAME,WORLD_FIXED,NUMERICAL_FAILURE,too few calibration surface points,TARGET_POINTS_PRESENT,UNIQUENESS_UNPROVEN,"the generator knows the injected recovery, but partial image evidence has not been proven globally unique",STOPPED_OR_FAILED,False,"[[0.9999916267060238, 0.0005242285422241078, 0.004058534498548039, 9.144513360161271e-06], [-0.0005199059436569979, 0.9999992966219635, -0.0010660456780964428, 3.4715598240032865e-05], [-0.00405909049543578, 0.0010639266955742516, 0.999991195883412, 0.0004641276490306265], [0.0, 0.0, 0.0, 1.0]]",,"[0.00914451336016127, 0.03471559824003287, 0.4641276490306265]",,,"[0.0010649893606455088, 0.004058824592829871, -0.0005220687987751179]",,,,,,,,,,,0.0008725281804800034,,0.0006141494959592819,0
public_sf_017,0,public_sf_017_f000,image,other_front_nonzero,float32,artificial,CAMERA_LOCAL,CURRENT_FIXED_SINGLE_FRAME,CAMERA_LOCAL,NUMERICAL_FAILURE,too few calibration surface points,TARGET_POINTS_PRESENT,UNIQUENESS_UNPROVEN,"the generator knows the injected recovery, but partial image evidence has not been proven globally unique",STOPPED_OR_FAILED,False,"[[0.9999916104285037, 0.0005370791814727854, 0.004060864262757371, 1.9620995529964555e-05], [-0.0005328166223037315, 0.9999993060919274, -0.0010506769772532605, 3.328374702831283e-05], [-0.004061425741621812, 0.0010485044665435282, 0.9999912026909682, 0.0004625255928629106], [0.0, 0.0, 0.0, 1.0]]",,"[0.019620995529964554, 0.033283747028312834, 0.4625255928629106]",,,"[0.0010495938498278831, 0.004061157104978751, -0.0005349494961090173]",,,,,,,,,,,0.0008725281804800034,,0.00014463625848293304,0
public_sf_017,1,public_sf_017_f001,image,other_front_nonzero,float32,artificial,CAMERA_LOCAL,CURRENT_FIXED_SINGLE_FRAME,WORLD_FIXED,NUMERICAL_FAILURE,too few calibration surface points,TARGET_POINTS_PRESENT,UNIQUENESS_UNPROVEN,"the generator knows the injected recovery, but partial image evidence has not been proven globally unique",STOPPED_OR_FAILED,False,"[[0.9999978958208273, -0.0012275859789401197, 0.0016435895419210937, -0.00040360762171531795], [0.0012300186505741805, 0.9999981484659495, -0.0014799049943160448, 0.0004330965680586123], [-0.001641769788137928, 0.0014819235261212098, 0.999997554244322, -0.0001671328193562163], [0.0, 0.0, 0.0, 1.0]]",,"[-0.40360762171531794, 0.4330965680586123, -0.1671328193562163]",,,"[0.0014809158402250807, 0.001642681417625553, 0.0012288036257821293]",,,,,,,,,,,0.0004491228610277176,,0.0003567840903997421,0
public_sf_017,1,public_sf_017_f001,image,other_front_nonzero,float32,artificial,CAMERA_LOCAL,CURRENT_FIXED_SINGLE_FRAME,CAMERA_LOCAL,NUMERICAL_FAILURE,too few calibration surface points,TARGET_POINTS_PRESENT,UNIQUENESS_UNPROVEN,"the generator knows the injected recovery, but partial image evidence has not been proven globally unique",STOPPED_OR_FAILED,False,"[[0.9999978537162106, -0.0012623055671357338, 0.0016429082833180988, -0.0004018538083016442], [0.001264690077479239, 0.9999981473346877, -0.0014511671854505258, 0.00043900835960865607], [-0.0016410734231418912, 0.0014532418406380193, 0.9999975974802002, -0.0001811766869808895], [0.0, 0.0, 0.0, 1.0]]",,"[-0.4018538083016442, 0.4390083596086561, -0.1811766869808895]",,,"[0.0014522060624199277, 0.001641992605091135, 0.0012634991703495482]",,,,,,,,,,,0.0004491228610277176,,0.00014449656009674072,0
public_sf_018,0,public_sf_018_f000,image,other_behind_nonzero,uint16,taco,CAMERA_LOCAL,CURRENT_FIXED_SINGLE_FRAME,WORLD_FIXED,NUMERICAL_FAILURE,too few calibration surface points,TARGET_POINTS_PRESENT,UNIQUENESS_UNPROVEN,"the generator knows the injected recovery, but partial image evidence has not been proven globally unique",STOPPED_OR_FAILED,False,"[[0.9999986835093853, 0.001162232805438724, -0.0011323402322986629, -0.0002394810908358247], [-0.0011589974423378536, 0.9999952565076681, 0.002853714612926667, 0.0007186589433272929], [0.0011356515417919723, -0.002852398476605069, 0.9999952870481472, -4.64887696815788e-05], [0.0, 0.0, 0.0, 1.0]]",,"[-0.2394810908358247, 0.7186589433272929, -0.0464887696815788]",,,"[-0.002853061667408928, -0.0011339979231269968, -0.0011606172077646216]",,,,,,,,,,,0.0008155684918165207,,0.00048497505486011505,0
public_sf_018,0,public_sf_018_f000,image,other_behind_nonzero,uint16,taco,CAMERA_LOCAL,CURRENT_FIXED_SINGLE_FRAME,CAMERA_LOCAL,NUMERICAL_FAILURE,too few calibration surface points,TARGET_POINTS_PRESENT,UNIQUENESS_UNPROVEN,"the generator knows the injected recovery, but partial image evidence has not been proven globally unique",STOPPED_OR_FAILED,False,"[[0.9999987105980411, 0.001142588438476154, -0.0011284032591900577, -0.00023658828805972647], [-0.0011393536608765278, 0.999995252025338, 0.0028631800530412835, 0.0007280814094927699], [0.0011316693379858688, -0.002861890710867006, 0.9999952644418215, -5.939541793365389e-05], [0.0, 0.0, 0.0, 1.0]]",,"[-0.23658828805972648, 0.7280814094927699, -0.05939541793365389]",,,"[-0.0028625405216163905, -0.0011300383275602293, -0.001140973098281876]",,,,,,,,,,,0.0008155684918165207,,0.000149555504322052,0
public_sf_018,1,public_sf_018_f001,image,other_behind_nonzero,uint16,taco,CAMERA_LOCAL,CURRENT_FIXED_SINGLE_FRAME,WORLD_FIXED,NUMERICAL_FAILURE,too few calibration surface points,TARGET_POINTS_PRESENT,UNIQUENESS_UNPROVEN,"the generator knows the injected recovery, but partial image evidence has not been proven globally unique",STOPPED_OR_FAILED,False,"[[0.9999986534855424, 0.0009113457287412029, -0.001364725637263374, -2.917702977680344e-05], [-0.0009108662026472714, 0.999999523226119, 0.00035195212097656085, 0.00028589999598681174], [0.0013650457366600004, -0.00035070856460906277, 0.9999990068263266, -0.0005244067892825224], [0.0, 0.0, 0.0, 1.0]]",,"[-0.02917702977680344, 0.28589999598681176, -0.5244067892825224]",,,"[-0.0003513305077109987, -0.0013648863276534962, -0.0009111063933770349]",,,,,,,,,,,0.0005529690533876419,,0.0004443451762199402,0
public_sf_018,1,public_sf_018_f001,image,other_behind_nonzero,uint16,taco,CAMERA_LOCAL,CURRENT_FIXED_SINGLE_FRAME,CAMERA_LOCAL,NUMERICAL_FAILURE,too few calibration surface points,TARGET_POINTS_PRESENT,UNIQUENESS_UNPROVEN,"the generator knows the injected recovery, but partial image evidence has not been proven globally unique",STOPPED_OR_FAILED,False,"[[0.9999986465162606, 0.0009251402648748495, -0.0013605444267668326, -2.6369878393714513e-05], [-0.0009246900104978544, 0.9999995175184262, 0.00033152873062201513, 0.00029305070521691356], [0.0013608504809068751, -0.00033027020006300893, 0.9999990195033011, -0.0005274512952687562], [0.0, 0.0, 0.0, 1.0]]",,"[-0.026369878393714512, 0.29305070521691357, -0.5274512952687562]",,,"[-0.0003308996206702285, -0.0013606980925626616, -0.0009249155718513213]",,,,,,,,,,,0.0005529690533876419,,0.00015286915004253387,0
public_sf_020,2,public_sf_020_f002,direct,per_frame_varying,clean,taco,WORLD_FIXED,CURRENT_FIXED_SINGLE_FRAME,WORLD_FIXED,NUMERICAL_FAILURE,"calibration fit failed or reached the numerical safety boundary: success=False, translation=0.016288055058661616, rotation_deg=3.158259422647745",TARGET_POINTS_PRESENT,UNIQUE_COMPARABLE,full asymmetric surface points define the injected rigid recovery,STOPPED_OR_FAILED,False,"[[0.9997352676055682, 0.022795461094480465, 0.0031243653936269067, 0.004553515587816553], [-0.02292330643143149, 0.9984843910483994, 0.05003441670448119, -0.011141182000527914], [-0.0019790724780961964, -0.05009279175886488, 0.998742607224669, 0.010975165819781734], [0.0, 0.0, 0.0, 1.0]]",,"[4.553515587816554, -11.141182000527914, 10.975165819781735]",,,"[-0.05008896629411797, 0.002553011628546916, -0.0228709642539603]",,,,,,,,,,,0.0012572519481182098,,3.515195067971945,1024
public_sf_020,2,public_sf_020_f002,direct,per_frame_varying,clean,taco,WORLD_FIXED,CURRENT_FIXED_SINGLE_FRAME,CAMERA_LOCAL,NUMERICAL_FAILURE,"calibration fit failed or reached the numerical safety boundary: success=False, translation=0.01841474687955612, rotation_deg=3.1578440453627876",TARGET_POINTS_PRESENT,UNIQUE_COMPARABLE,full asymmetric surface points define the injected rigid recovery,STOPPED_OR_FAILED,False,"[[0.9997225472784741, 0.02314731733748958, 0.0043623575182404175, 0.004174433216975984], [-0.023335893043263792, 0.9984882942865992, 0.04976507076766958, -0.014539612304922811], [-0.0032038350320742876, -0.04985306282181033, 0.9987514243135637, 0.010513504406311325], [0.0, 0.0, 0.0, 1.0]]",,"[4.174433216975984, -14.53961230492281, 10.513504406311325]",,,"[-0.04983429990933007, 0.0037850127796807127, -0.023253379313538713]",,,,,,,,,,,0.0012572519481182098,,3.322053652256727,0
public_sf_021,0,public_sf_021_f000,direct,symmetric_ambiguous,information_insufficient,artificial,WORLD_FIXED,CURRENT_FIXED_SINGLE_FRAME,WORLD_FIXED,OUTPUT,,TARGET_POINTS_PRESENT,MULTIPLE_SOLUTIONS,the spherical surface admits multiple rotational explanations,OUTPUT_WITHOUT_UNIQUE_TRUTH,False,"[[0.9996826806243115, 0.015584771158843873, 0.019790224044139205, 0.002205807159204541], [-0.014257575581131266, 0.9977494273192391, -0.06551947666670388, -0.0032065322078867107], [-0.02076679075685713, 0.06521652545219572, 0.9976550231465804, -0.0018181451328401295], [0.0, 0.0, 0.0, 1.0]]","[[0.9996826886939905, 0.015584754015576947, 0.019789829909030245, 0.0022061443959082287], [-0.014257586854429459, 0.9977494355772729, -0.06551934845770192, -0.0032066404415148995], [-0.02076639455087932, 0.06521640320891152, 0.9976550393847815, -0.0018182252843304935], [0.0, 0.0, 0.0, 1.0]]","[2.205807159204541, -3.2065322078867107, -1.8181451328401295]","[2.2061443959082285, -3.2066404415148995, -1.8182252843304936]",0.00036313547608637106,"[0.06542157777624169, 0.020295128007375388, -0.014933403015485212]","[0.06542145209196874, 0.020294732402664387, -0.014933399996948957]",2.3783381691639052e-05,3.921588209331011e-05,4.007325827999902e-05,6.650024805693146e-05,7.839138864552725e-05,,,,,0.0008849557489156723,,0.28625149093568325,3072
public_sf_021,0,public_sf_021_f000,direct,symmetric_ambiguous,information_insufficient,artificial,WORLD_FIXED,CURRENT_FIXED_SINGLE_FRAME,CAMERA_LOCAL,OUTPUT,,TARGET_POINTS_PRESENT,MULTIPLE_SOLUTIONS,the spherical surface admits multiple rotational explanations,OUTPUT_WITHOUT_UNIQUE_TRUTH,False,"[[0.9996765600978672, 0.01578055758134598, 0.019943650451131407, 0.0017235604804100753], [-0.014444871570336833, 0.9977526679449829, -0.06542904014262531, -0.0001768326848487281], [-0.02093133718164138, 0.06511979431087465, 0.997657903047281, 0.0001717767279003149], [0.0, 0.0, 0.0, 1.0]]","[[0.9996968301556352, 0.015703285862199875, 0.01896456142137927, 0.0026138557087602814], [-0.014436364138285153, 0.9977685822512858, -0.06518778768086911, -0.0003982243892215339], [-0.019945906027104103, 0.0648942453950215, 0.9976927872583669, -6.588552550548303e-06], [0.0, 0.0, 0.0, 1.0]]","[1.7235604804100753, -0.1768326848487281, 0.1717767279003149]","[2.613855708760281, -0.39822438922153386, -0.006588552550548303]",0.934587638297531,"[0.06532791724065332, 0.020454244731213066, -0.015125101211743737]","[0.06509355335195981, 0.019470948669213107, -0.015081997635840956]",0.0579606987032611,0.09469973617740779,0.09606842852813852,0.16232406571486177,0.1818816087008274,,,,,0.0008849557489156723,,0.541723970323801,0
public_sf_021,1,public_sf_021_f001,direct,symmetric_ambiguous,information_insufficient,artificial,WORLD_FIXED,CURRENT_FIXED_SINGLE_FRAME,WORLD_FIXED,OUTPUT,,TARGET_POINTS_PRESENT,MULTIPLE_SOLUTIONS,the spherical surface admits multiple rotational explanations,OUTPUT_WITHOUT_UNIQUE_TRUTH,False,"[[0.9996826806243115, 0.015584771158843873, 0.019790224044139205, 0.002205807159204541], [-0.014257575581131266, 0.9977494273192391, -0.06551947666670388, -0.0032065322078867107], [-0.02076679075685713, 0.06521652545219572, 0.9976550231465804, -0.0018181451328401295], [0.0, 0.0, 0.0, 1.0]]","[[0.9996827184444946, 0.015584558272290574, 0.019788481166658007, 0.002207307444853065], [-0.014257487015391236, 0.997749460758688, -0.06551898671189617, -0.0032069709372116034], [-0.020765030879619454, 0.06521606473258913, 0.9976550898949814, -0.001818502983166803], [0.0, 0.0, 0.0, 1.0]]","[2.205807159204541, -3.2065322078867107, -1.8181451328401295]","[2.2073074448530647, -3.2069709372116035, -1.818502983166803]",0.0016035577021072161,"[0.06542157777624169, 0.020295128007375388, -0.014933403015485212]","[0.06542110054294023, 0.02029337472724701, -0.014933251821921853]",0.00010444691467239231,0.00017799865702269058,0.00016644643661344654,0.0003196562964677507,0.00036115522664410024,,,,,0.0007800087332725525,,0.23338835313916206,3072
public_sf_021,1,public_sf_021_f001,direct,symmetric_ambiguous,information_insufficient,artificial,WORLD_FIXED,CURRENT_FIXED_SINGLE_FRAME,CAMERA_LOCAL,OUTPUT,,TARGET_POINTS_PRESENT,MULTIPLE_SOLUTIONS,the spherical surface admits multiple rotational explanations,OUTPUT_WITHOUT_UNIQUE_TRUTH,False,"[[0.9997414445253218, 0.011649292416965822, 0.019527879675142988, 0.0015514048582313152], [-0.010329604980802721, 0.9977416627725302, -0.06636922199971253, 0.00045056490325427745], [-0.02025693361206023, 0.06615034659085751, 0.997604023792279, 0.0004972219566686739], [0.0, 0.0, 0.0, 1.0]]","[[0.9997423186676089, 0.01156617944809097, 0.019532530765058054, 0.0015477915484349899], [-0.010257842214611144, 0.9977798955852162, -0.06580316587410907, -8.285709434466742e-05], [-0.02025025773202709, 0.06558584800801108, 0.997641430376093, 0.0004672001902791235], [0.0, 0.0, 0.0, 1.0]]","[1.5514048582313151, 0.45056490325427745, 0.4972219566686739]","[1.5477915484349898, -0.08285709434466743, 0.46720019027912346]",0.5342783824817188,"[0.0663140919326664, 0.019908710795782804, -0.010998455836491308]","[0.06574751187832975, 0.01990744341541274, -0.010920815075062342]",0.032765568008678254,0.05997883990908256,0.0564847060760309,0.1016519284359748,0.11184316938165365,,,,,0.0007800087332725525,,0.44091799296438694,0
public_sf_022,0,public_sf_022_f000,direct,no_target,information_insufficient,artificial,WORLD_FIXED,CURRENT_FIXED_SINGLE_FRAME,WORLD_FIXED,STOPPED_NO_TARGET_EVIDENCE,common preprocessing produced zero target points,NO_TARGET_POINTS,NO_TARGET_EVIDENCE,the public frame deliberately contains no target measurements,NO_TARGET_EVIDENCE,False,"[[0.9972190745315, 0.03607639912154031, -0.06521204502974774, 0.006950304284150504], [-0.03459851372959164, 0.9991213738609662, 0.023652127639572446, -0.004659030999687877], [0.06600803161920359, -0.02133011300013888, 0.9975910815765945, 0.004394380400206343], [0.0, 0.0, 0.0, 1.0]]",,"[6.950304284150504, -4.659030999687878, 4.394380400206343]",,,"[-0.02251389574625639, -0.06567647772712687, -0.0353732405762247]",,,,,,,,,,,0.000345597043633461,,1.3299286365509033e-05,0
public_sf_022,0,public_sf_022_f000,direct,no_target,information_insufficient,artificial,WORLD_FIXED,CURRENT_FIXED_SINGLE_FRAME,CAMERA_LOCAL,STOPPED_NO_TARGET_EVIDENCE,common preprocessing produced zero target points,NO_TARGET_POINTS,NO_TARGET_EVIDENCE,the public frame deliberately contains no target measurements,NO_TARGET_EVIDENCE,False,"[[0.9972360743179423, 0.03294277930868649, -0.06659568582392501, 0.013275704424628294], [-0.03138446592435015, 0.9992116554363618, 0.02431219732497398, -0.0054983294127410876], [0.06734409682802982, -0.02215493018595051, 0.9974838002147566, 0.0020429213543665253], [0.0, 0.0, 0.0, 1.0]]",,"[13.275704424628294, -5.4983294127410876, 2.042921354366525]",,,"[-0.023257091010388357, -0.06703770777127972, -0.03219619281352343]",,,,,,,,,,,0.000345597043633461,,1.6801059246063232e-06,0
public_sf_022,1,public_sf_022_f001,direct,no_target,information_insufficient,artificial,WORLD_FIXED,CURRENT_FIXED_SINGLE_FRAME,WORLD_FIXED,STOPPED_NO_TARGET_EVIDENCE,common preprocessing produced zero target points,NO_TARGET_POINTS,NO_TARGET_EVIDENCE,the public frame deliberately contains no target measurements,NO_TARGET_EVIDENCE,False,"[[0.9972190745315, 0.03607639912154031, -0.06521204502974774, 0.006950304284150504], [-0.03459851372959164, 0.9991213738609662, 0.023652127639572446, -0.004659030999687877], [0.06600803161920359, -0.02133011300013888, 0.9975910815765945, 0.004394380400206343], [0.0, 0.0, 0.0, 1.0]]",,"[6.950304284150504, -4.659030999687878, 4.394380400206343]",,,"[-0.02251389574625639, -0.06567647772712687, -0.0353732405762247]",,,,,,,,,,,0.0002743806689977646,,1.1507421731948853e-05,0
public_sf_022,1,public_sf_022_f001,direct,no_target,information_insufficient,artificial,WORLD_FIXED,CURRENT_FIXED_SINGLE_FRAME,CAMERA_LOCAL,STOPPED_NO_TARGET_EVIDENCE,common preprocessing produced zero target points,NO_TARGET_POINTS,NO_TARGET_EVIDENCE,the public frame deliberately contains no target measurements,NO_TARGET_EVIDENCE,False,"[[0.9972970455559611, 0.03799062207878788, -0.06289129955262375, 0.013076371035881093], [-0.036358220224928, 0.9989767007609449, 0.026900393284354295, -0.006047537192665497], [0.06384890560868497, -0.0245410670274138, 0.9976577836521546, 0.001421041489557337], [0.0, 0.0, 0.0, 1.0]]",,"[13.076371035881094, -6.047537192665497, 1.4210414895573371]",,,"[-0.025746776017019787, -0.06343427373294942, -0.037212065487973386]",,,,,,,,,,,0.0002743806689977646,,1.5832483768463135e-06,0
public_sf_015,0,public_sf_015_f000,image,none_nonzero,uint16,artificial,WORLD_FIXED,OPEN3D_OFFICIAL_SINGLE_FRAME,WORLD_FIXED,STOPPED_INSUFFICIENT_CORRESPONDENCES,16 correspondences < 24,TARGET_POINTS_PRESENT,UNIQUENESS_UNPROVEN,"the generator knows the injected recovery, but partial image evidence has not been proven globally unique",STOPPED_OR_FAILED,False,"[[0.9999991909128747, -0.0011754614592636204, 0.0004862755944930476, 0.0004642615627415697], [0.0011760702617922018, 0.9999985226913408, -0.001253584410899263, -0.00022333830195133076], [-0.0004848013359529328, 0.001254155290905983, 0.9999990960306768, -0.00010698784907329031], [0.0, 0.0, 0.0, 1.0]]","[[0.9999951772809996, -0.00310454687942647, 8.487293796060195e-05, -0.0003273405894476526], [0.003104581684240318, 0.9999950954598746, -0.00041307234501712, 2.1675217057227866e-06], [-8.359011923817186e-05, 0.00041333384785395327, 0.9999999110839071, 0.00028630395650757357], [0.0, 0.0, 0.0, 1.0]]","[0.4642615627415697, -0.22333830195133075, -0.10698784907329031]","[-0.3273405894476526, 0.0021675217057227866, 0.28630395650757356]",0.9122309401631316,"[0.001253870517620152, 0.00048553872339731794, 0.0011757664857153728]","[0.0004132037724491964, 8.423166640489808e-05, 0.003104569361001194]",0.12272599930326357,1.5994429331702713,1.588069284206469,1.8270631815845322,1.8679917083981696,1.0,0.0005008041624786846,16,True,0.001386146992444992,0.004652003757655621,0.019837886095046997,6144
public_sf_015,0,public_sf_015_f000,image,none_nonzero,uint16,artificial,WORLD_FIXED,OPEN3D_OFFICIAL_SINGLE_FRAME,CAMERA_LOCAL,STOPPED_INSUFFICIENT_CORRESPONDENCES,16 correspondences < 24,TARGET_POINTS_PRESENT,UNIQUENESS_UNPROVEN,"the generator knows the injected recovery, but partial image evidence has not been proven globally unique",STOPPED_OR_FAILED,False,"[[0.9999991752122223, -0.0011878502561921368, 0.0004884533184974739, 0.0004591941853477619], [0.001188455651080414, 0.9999985237509406, -0.0012409952075438933, -0.0002231862123295448], [-0.00048697848094352204, 0.0012415746890929163, 0.9999991106717298, -9.5314148116588e-05], [0.0, 0.0, 0.0, 1.0]]","[[0.9999931227361193, -0.0036926461451149708, -0.0003447389033022329, 0.00011316206578723829], [0.0036925637222965713, 0.9999931538024665, -0.00023941878271429193, -0.00025554892558804764], [0.00034562063199666137, 0.00023814416580014713, 0.9999999119168637, 0.00024182889698740206], [0.0, 0.0, 0.0, 1.0]]","[0.4591941853477619, -0.22318621232954478, -0.09531414811658799]","[0.11316206578723828, -0.25554892558804765, 0.24182889698740206]",0.48420141040582654,"[0.0012412856083441905, 0.00048771615905262824, 0.0011881535854102996]","[0.0002387820239155661, -0.0003451805622292652, 0.0036926134338255098]",0.16176342446371905,1.4733007963123055,1.4594973625937355,1.7858460287835818,1.8420437207382419,1.0,0.00047215842826058794,16,True,0.001386146992444992,0.004652003757655621,0.019265148788690567,0
public_sf_015,1,public_sf_015_f001,image,none_nonzero,uint16,artificial,WORLD_FIXED,OPEN3D_OFFICIAL_SINGLE_FRAME,WORLD_FIXED,STOPPED_INSUFFICIENT_CORRESPONDENCES,14 correspondences < 24,TARGET_POINTS_PRESENT,UNIQUENESS_UNPROVEN,"the generator knows the injected recovery, but partial image evidence has not been proven globally unique",STOPPED_OR_FAILED,False,"[[0.9999969022361446, -0.0022558040979310527, 0.0010520769869598952, -9.20374307799994e-05], [0.002256606259167729, 0.9999971636203049, -0.0007618920765725499, 0.00022637937399993074], [-0.001050355323601575, 0.0007642638399247177, 0.9999991563268827, 0.0004092426270775578], [0.0, 0.0, 0.0, 1.0]]","[[0.9999967614483161, -0.001924065599432574, 0.001665852469134758, -0.00025823089195390085], [0.0019247528597773139, 0.9999980631790916, -0.00041105290912248126, -0.000350285370941006], [-0.0016650583499148764, 0.0004142579322103245, 0.9999985279844451, 0.00028075820930244786], [0.0, 0.0, 0.0, 1.0]]","[-0.0920374307799994, 0.22637937399993074, 0.40924262707755776]","[-0.25823089195390087, -0.350285370941006, 0.2807582093024479]",0.6137350733058732,"[0.0007630788202502196, 0.0010512173427740744, 0.00225620772724369]","[0.000412655877847136, 0.001665457254682028, 0.001924411361656962]",0.0447558676179939,0.49464279907287845,0.49123795401408765,0.5534198078675509,0.5776118692324504,1.0,0.0006378428844461978,14,True,0.00048132985830307007,0.004652003757655621,0.019956694915890694,6144
public_sf_015,1,public_sf_015_f001,image,none_nonzero,uint16,artificial,WORLD_FIXED,OPEN3D_OFFICIAL_SINGLE_FRAME,CAMERA_LOCAL,STOPPED_INSUFFICIENT_CORRESPONDENCES,14 correspondences < 24,TARGET_POINTS_PRESENT,UNIQUENESS_UNPROVEN,"the generator knows the injected recovery, but partial image evidence has not been proven globally unique",STOPPED_OR_FAILED,False,"[[0.9999968911724246, -0.0022510068383130126, 0.0010726666303289259, -9.427370391810502e-05], [0.0022518090343721037, 0.9999971854960992, -0.0007472321949573417, 0.00023324859755314534], [-0.0010709815865238752, 0.0007496453123503146, 0.9999991455148084, 0.00040491723580499], [0.0, 0.0, 0.0, 1.0]]","[[0.9999967582882902, -0.0019091514152229235, 0.0016848008145472983, -0.0004011808939261733], [0.001909833478196498, 0.9999980949339045, -0.0004033170555175122, -0.0002388597837468508], [-0.001684027611563064, 0.0004065334370796057, 0.9999984993896581, 0.00032732302563402845], [0.0, 0.0, 0.0, 1.0]]","[-0.09427370391810502, 0.23324859755314534, 0.40491723580499]","[-0.40118089392617334, -0.2388597837468508, 0.32732302563402843]",0.5684181633484335,"[0.0007484395991184175, 0.0010718253191992597, 0.002251410479617712]","[0.0004049256949150357, 0.001684416079216841, 0.0019094945622354326]",0.04475586763428069,0.3193246057630819,0.319080727016848,0.37775389927459974,0.4028496899391196,1.0,0.0006072778697192058,14,True,0.00048132985830307007,0.004652003757655621,0.01853089965879917,0
public_sf_016,0,public_sf_016_f000,image,hand_partial_nonzero,float32,taco,WORLD_FIXED,OPEN3D_OFFICIAL_SINGLE_FRAME,WORLD_FIXED,STOPPED_INSUFFICIENT_CORRESPONDENCES,14 correspondences < 24,TARGET_POINTS_PRESENT,UNIQUENESS_UNPROVEN,"the generator knows the injected recovery, but partial image evidence has not been proven globally unique",STOPPED_OR_FAILED,False,"[[0.9999981770380851, -0.0016524438556614564, -0.0009567391548410219, -4.739393216725672e-05], [0.0016520219322410407, 0.9999985378948321, -0.00044162397310392473, -0.0006171583272707369], [0.0009574675148086182, 0.0004400426139730305, 0.9999994448090739, 0.00031378016539609894], [0.0, 0.0, 0.0, 1.0]]","[[0.9999906279902075, 0.0017762143576626453, -0.003948290048385081, 0.00264976336362411], [-0.0017674885630958447, 0.9999959906041771, 0.0022124103937269405, -0.0029755923142830627], [0.003952203933233833, -0.0022054111014907594, 0.9999897580705231, 0.0003329539386632713], [0.0, 0.0, 0.0, 1.0]]","[-0.04739393216725672, -0.6171583272707369, 0.31378016539609893]","[2.64976336362411, -2.9755923142830625, 0.3329539386632713]",3.5829088717014215,"[0.0004408335756909586, -0.0009571039474125817, 0.0016522339514521613]","[-0.00220891944462307, -0.003950262543884332, -0.0017718584365856685]",0.3015771971898267,0.5344423873499933,0.5386651678875187,0.8435083439384384,0.9513124973192195,1.0,0.0005533268533167404,14,True,0.0008231606334447861,0.009013134054839611,0.02220037579536438,3072
public_sf_016,0,public_sf_016_f000,image,hand_partial_nonzero,float32,taco,WORLD_FIXED,OPEN3D_OFFICIAL_SINGLE_FRAME,CAMERA_LOCAL,STOPPED_INSUFFICIENT_CORRESPONDENCES,14 correspondences < 24,TARGET_POINTS_PRESENT,UNIQUENESS_UNPROVEN,"the generator knows the injected recovery, but partial image evidence has not been proven globally unique",STOPPED_OR_FAILED,False,"[[0.9999981869562776, -0.001638514560565708, -0.0009702340915943232, -3.529235918406869e-05], [0.001638065374491938, 0.9999985509164206, -0.00046358050836093647, -0.0006208058646635334], [0.0009709922690570261, 0.00046199036099867297, 0.9999994218692927, 0.0003064169504430154], [0.0, 0.0, 0.0, 1.0]]","[[0.9999905618570716, 0.0018049381977461895, -0.003952011498043721, 0.0026687573198107208], [-0.0017963233648241727, 0.9999960053302062, 0.002182325823407092, -0.002946660251209768], [0.003955934674301362, -0.0021752061357120643, 0.9999898094776366, 0.00029163601572407467], [0.0, 0.0, 0.0, 1.0]]","[-0.03529235918406869, -0.6208058646635334, 0.3064169504430154]","[2.668757319810721, -2.946660251209768, 0.29163601572407466]",3.5667494683421976,"[0.0004627857308826108, -0.000970613801560325, 0.0016382910161056564]","[-0.0021787745578865756, -0.003953988653917949, -0.0018006378708027287]",0.3015771973203484,0.5344423875813293,0.5386651679364545,0.8435083442237112,0.9513124973894848,1.0,0.000553326853305423,14,True,0.0008231606334447861,0.009013134054839611,0.019396984949707985,0
public_sf_016,1,public_sf_016_f001,image,hand_partial_nonzero,float32,taco,WORLD_FIXED,OPEN3D_OFFICIAL_SINGLE_FRAME,WORLD_FIXED,STOPPED_INSUFFICIENT_CORRESPONDENCES,6 correspondences < 24,TARGET_POINTS_PRESENT,UNIQUENESS_UNPROVEN,"the generator knows the injected recovery, but partial image evidence has not been proven globally unique",STOPPED_OR_FAILED,False,"[[0.9999985273194235, -0.0003715428256011615, -0.0016755043756803848, 0.0003013667532935458], [0.0003737299768255933, 0.9999990783306072, 0.001305244743574447, -0.00013960432911544856], [0.0016750178770991529, -0.001305869007577363, 0.9999977445080795, -0.00012802771345301296], [0.0, 0.0, 0.0, 1.0]]","[[0.9983315219405234, 0.05663972914530791, -0.011230021472119414, 0.010439601290060638], [-0.056631894190692776, 0.9983946108243976, 0.0010147103893135274, -0.0012219678028030647], [0.011269465838817943, -0.0003770399795239614, 0.9999364264694839, 0.0001973556583606986], [0.0, 0.0, 0.0, 1.0]]","[0.3013667532935458, -0.13960432911544857, -0.12802771345301298]","[10.439601290060638, -1.2219678028030647, 0.1973556583606986]",10.201038405492014,"[-0.001305557887349021, -0.0016752624246742032, 0.0003726366899970373]","[-0.0006962625166721412, -0.011256005394150807, -0.05666733582211232]",3.314113415998981,5.311134154077881,5.300818393594223,9.101323710483866,10.671881216397038,1.0,0.0007160310346455656,6,True,0.0004153735935688019,0.009013134054839611,0.01961291953921318,3072
public_sf_016,1,public_sf_016_f001,image,hand_partial_nonzero,float32,taco,WORLD_FIXED,OPEN3D_OFFICIAL_SINGLE_FRAME,CAMERA_LOCAL,STOPPED_INSUFFICIENT_CORRESPONDENCES,6 correspondences < 24,TARGET_POINTS_PRESENT,UNIQUENESS_UNPROVEN,"the generator knows the injected recovery, but partial image evidence has not been proven globally unique",STOPPED_OR_FAILED,False,"[[0.9999985432992192, -0.00036101544767291524, -0.0016682527643624317, 0.00030634496228523463], [0.0003632134589789801, 0.9999990662163208, 0.0013174378427411638, -0.00014598610958261454], [0.0016677755911626154, -0.0013180418554854451, 0.9999977406425699, -0.00013009548035266237], [0.0, 0.0, 0.0, 1.0]]","[[0.9983319738523339, 0.0567627010556377, -0.01054825829088963, 0.01018113858543959], [-0.05675022706384703, 0.998387312675723, 0.0014783830187843725, -0.0011398898161317055], [0.010615164261791701, -0.0008773009841166791, 0.9999432727063462, 8.396303725014274e-05], [0.0, 0.0, 0.0, 1.0]]","[0.3063449622852346, -0.14598610958261454, -0.13009548035266238]","[10.18113858543959, -1.1398898161317055, 0.08396303725014274]",9.926994244318884,"[-0.0013177408703279128, -0.0016680154704307587, 0.00036211473395536764]","[-0.0011784976020622192, -0.010587601180399947, -0.05678805537038447]",3.314113416000301,5.311134154104585,5.300818393625011,9.101323710607799,10.671881216512677,1.0,0.0007160310346721844,6,True,0.0004153735935688019,0.009013134054839611,0.018050892278552055,0
public_sf_017,0,public_sf_017_f000,image,other_front_nonzero,float32,artificial,CAMERA_LOCAL,OPEN3D_OFFICIAL_SINGLE_FRAME,WORLD_FIXED,STOPPED_INSUFFICIENT_CORRESPONDENCES,9 correspondences < 24,TARGET_POINTS_PRESENT,UNIQUENESS_UNPROVEN,"the generator knows the injected recovery, but partial image evidence has not been proven globally unique",STOPPED_OR_FAILED,False,"[[0.9999916267060238, 0.0005242285422241078, 0.004058534498548039, 9.144513360161271e-06], [-0.0005199059436569979, 0.9999992966219635, -0.0010660456780964428, 3.4715598240032865e-05], [-0.00405909049543578, 0.0010639266955742516, 0.999991195883412, 0.0004641276490306265], [0.0, 0.0, 0.0, 1.0]]","[[0.9999916362276681, 0.0005259069053283315, 0.004055970492776337, 1.1662513000090625e-05], [-0.0005215756737818613, 0.9999992927595548, -0.0010688494780094666, 3.746164359339356e-05], [-0.004056529739551203, 0.001066725042853166, 0.9999912032933865, 0.0004641374713182269], [0.0, 0.0, 0.0, 1.0]]","[0.00914451336016127, 0.03471559824003287, 0.4641276490306265]","[0.011662513000090625, 0.03746164359339356, 0.4641374713182269]",0.0037257460657876174,"[0.0010649893606455088, 0.004058824592829871, -0.0005220687987751179]","[0.0010677904402632027, 0.004056262195530079, -0.0005237428492377358]",0.00023772038972416924,0.00036524908726099866,0.00038506150847320876,0.0005795695455420656,0.0008234622322735068,1.0,0.0006035562217310158,9,True,0.0008725281804800034,0.006229270249605179,0.019684938713908195,6144
public_sf_017,0,public_sf_017_f000,image,other_front_nonzero,float32,artificial,CAMERA_LOCAL,OPEN3D_OFFICIAL_SINGLE_FRAME,CAMERA_LOCAL,STOPPED_INSUFFICIENT_CORRESPONDENCES,9 correspondences < 24,TARGET_POINTS_PRESENT,UNIQUENESS_UNPROVEN,"the generator knows the injected recovery, but partial image evidence has not been proven globally unique",STOPPED_OR_FAILED,False,"[[0.9999916104285037, 0.0005370791814727854, 0.004060864262757371, 1.9620995529964555e-05], [-0.0005328166223037315, 0.9999993060919274, -0.0010506769772532605, 3.328374702831283e-05], [-0.004061425741621812, 0.0010485044665435282, 0.9999912026909682, 0.0004625255928629106], [0.0, 0.0, 0.0, 1.0]]","[[0.9999916198890904, 0.0005387950805781678, 0.004058306476116274, 2.212865108881312e-05], [-0.0005345239050422271, 0.9999993022488654, -0.001053463799698351, 3.6031433996309865e-05], [-0.004058871245541172, 0.0010512857097293988, 0.9999912101426536, 0.0004625008828479275], [0.0, 0.0, 0.0, 1.0]]","[0.019620995529964554, 0.033283747028312834, 0.4625255928629106]","[0.02212865108881312, 0.03603143399630986, 0.4625008828479275]",0.0037200444433857643,"[0.0010495938498278831, 0.004061157104978751, -0.0005349494961090173]","[0.0010523778886478762, 0.004058600947159728, -0.0005366610909627795]",0.00023772038972416924,0.00036524908714748617,0.0003850615083796777,0.0005795695453276169,0.0008234622324347585,1.0,0.0006035562217305681,9,True,0.0008725281804800034,0.006229270249605179,0.018431570380926132,0
public_sf_017,1,public_sf_017_f001,image,other_front_nonzero,float32,artificial,CAMERA_LOCAL,OPEN3D_OFFICIAL_SINGLE_FRAME,WORLD_FIXED,STOPPED_INSUFFICIENT_CORRESPONDENCES,4 correspondences < 24,TARGET_POINTS_PRESENT,UNIQUENESS_UNPROVEN,"the generator knows the injected recovery, but partial image evidence has not been proven globally unique",STOPPED_OR_FAILED,False,"[[0.9999978958208273, -0.0012275859789401197, 0.0016435895419210937, -0.00040360762171531795], [0.0012300186505741805, 0.9999981484659495, -0.0014799049943160448, 0.0004330965680586123], [-0.001641769788137928, 0.0014819235261212098, 0.999997554244322, -0.0001671328193562163], [0.0, 0.0, 0.0, 1.0]]","[[0.9999975362511064, -0.001344111508196983, 0.0017665944555735917, -0.0004897809747030544], [0.001344734993233893, 0.999999033965302, -0.000351790080599688, -0.0005738818710834099], [-0.0017661199038862465, 0.000354164815260529, 0.9999983776925684, -0.00017632012250348673], [0.0, 0.0, 0.0, 1.0]]","[-0.40360762171531794, 0.4330965680586123, -0.1671328193562163]","[-0.4897809747030544, -0.5738818710834098, -0.17632012250348672]",1.0107006630061999,"[0.0014809158402250807, 0.001642681417625553, 0.0012288036257821293]","[0.0003529777451427748, 0.0017663586670309637, 0.0013444243827413545]",0.06535005057065006,0.11942586165826996,0.12242419665612467,0.18943644923855307,0.21068995564510853,1.0,0.0008746141012321556,4,True,0.0004491228610277176,0.006229270249605179,0.019874954596161842,6144
public_sf_017,1,public_sf_017_f001,image,other_front_nonzero,float32,artificial,CAMERA_LOCAL,OPEN3D_OFFICIAL_SINGLE_FRAME,CAMERA_LOCAL,STOPPED_INSUFFICIENT_CORRESPONDENCES,4 correspondences < 24,TARGET_POINTS_PRESENT,UNIQUENESS_UNPROVEN,"the generator knows the injected recovery, but partial image evidence has not been proven globally unique",STOPPED_OR_FAILED,False,"[[0.9999978537162106, -0.0012623055671357338, 0.0016429082833180988, -0.0004018538083016442], [0.001264690077479239, 0.9999981473346877, -0.0014511671854505258, 0.00043900835960865607], [-0.0016410734231418912, 0.0014532418406380193, 0.9999975974802002, -0.0001811766869808895], [0.0, 0.0, 0.0, 1.0]]","[[0.9999981279804936, 0.0006859126620308897, -0.001809298020939478, 0.0030810495048446806], [-0.0006722249588915778, 0.9999712346952092, 0.007554991445614215, -0.007450683949874348], [0.0018144280402245304, -0.00755376104723511, 0.9999698238171632, -0.00043059543208328406], [0.0, 0.0, 0.0, 1.0]]","[-0.4018538083016442, 0.4390083596086561, -0.1811766869808895]","[3.0810495048446804, -7.450683949874348, -0.43059543208328405]",8.627865897048316,"[0.0014522060624199277, 0.001641992605091135, 0.0012634991703495482]","[-0.007554452815374907, -0.0018118813950962558, -0.0006790756933042727]",0.5637821224907703,1.1245677361538435,1.2072223086091398,1.7524981798073556,2.134822399724343,1.0,0.0005853512185831487,4,True,0.0004491228610277176,0.006229270249605179,0.018450729548931122,0
public_sf_018,0,public_sf_018_f000,image,other_behind_nonzero,uint16,taco,CAMERA_LOCAL,OPEN3D_OFFICIAL_SINGLE_FRAME,WORLD_FIXED,STOPPED_INSUFFICIENT_CORRESPONDENCES,20 correspondences < 24,TARGET_POINTS_PRESENT,UNIQUENESS_UNPROVEN,"the generator knows the injected recovery, but partial image evidence has not been proven globally unique",STOPPED_OR_FAILED,False,"[[0.9999986835093853, 0.001162232805438724, -0.0011323402322986629, -0.0002394810908358247], [-0.0011589974423378536, 0.9999952565076681, 0.002853714612926667, 0.0007186589433272929], [0.0011356515417919723, -0.002852398476605069, 0.9999952870481472, -4.64887696815788e-05], [0.0, 0.0, 0.0, 1.0]]","[[0.9996752114596169, 0.02545806413958969, 0.0011655742938311685, -0.0029669012357801026], [-0.025455407640952648, 0.9996734492122646, -0.0022399022047797507, 0.004720077047068188], [-0.0012222172486230454, 0.0022095045414267734, 0.9999968121322582, -0.0002227849049139601], [0.0, 0.0, 0.0, 1.0]]","[-0.2394810908358247, 0.7186589433272929, -0.0464887696815788]","[-2.9669012357801026, 4.720077047068188, -0.2227849049139601]",4.845745331245868,"[-0.002853061667408928, -0.0011339979231269968, -0.0011606172077646216]","[0.0022249460930203195, 0.0011940260278204449, -0.025459513274842326]",1.428540930696524,2.443414544076565,2.5532552769095425,3.682498683215767,4.496516623951848,1.0,0.0006958820602092294,20,True,0.0008155684918165207,0.010390955954790115,0.020396383479237556,3072
public_sf_018,0,public_sf_018_f000,image,other_behind_nonzero,uint16,taco,CAMERA_LOCAL,OPEN3D_OFFICIAL_SINGLE_FRAME,CAMERA_LOCAL,STOPPED_INSUFFICIENT_CORRESPONDENCES,20 correspondences < 24,TARGET_POINTS_PRESENT,UNIQUENESS_UNPROVEN,"the generator knows the injected recovery, but partial image evidence has not been proven globally unique",STOPPED_OR_FAILED,False,"[[0.9999987105980411, 0.001142588438476154, -0.0011284032591900577, -0.00023658828805972647], [-0.0011393536608765278, 0.999995252025338, 0.0028631800530412835, 0.0007280814094927699], [0.0011316693379858688, -0.002861890710867006, 0.9999952644418215, -5.939541793365389e-05], [0.0, 0.0, 0.0, 1.0]]","[[0.9996749970944492, 0.025474443310003755, 0.0009761773701567809, -0.0029169867571638775], [-0.02547230984409504, 0.9996732397526186, -0.002138960894902382, 0.0048541071634664095], [-0.0010303472322573286, 0.0021134002339612506, 0.9999972359581961, -0.00023704275020872064], [0.0, 0.0, 0.0, 1.0]]","[-0.23658828805972648, 0.7280814094927699, -0.05939541793365389]","[-2.9169867571638775, 4.854107163466409, -0.23704275020872065]",4.923432039776123,"[-0.0028625405216163905, -0.0011300383275602293, -0.001140973098281876]","[0.0021264125352984053, 0.0010033717592791112, -0.02547615577715045]",1.4285409293263298,2.443414544362821,2.5532552897901017,3.682498714555408,4.496516600895421,1.0,0.0006958820655793064,20,True,0.0008155684918165207,0.010390955954790115,0.018469467759132385,0
public_sf_018,1,public_sf_018_f001,image,other_behind_nonzero,uint16,taco,CAMERA_LOCAL,OPEN3D_OFFICIAL_SINGLE_FRAME,WORLD_FIXED,STOPPED_INSUFFICIENT_CORRESPONDENCES,21 correspondences < 24,TARGET_POINTS_PRESENT,UNIQUENESS_UNPROVEN,"the generator knows the injected recovery, but partial image evidence has not been proven globally unique",STOPPED_OR_FAILED,False,"[[0.9999986534855424, 0.0009113457287412029, -0.001364725637263374, -2.917702977680344e-05], [-0.0009108662026472714, 0.999999523226119, 0.00035195212097656085, 0.00028589999598681174], [0.0013650457366600004, -0.00035070856460906277, 0.9999990068263266, -0.0005244067892825224], [0.0, 0.0, 0.0, 1.0]]","[[0.9999984953294749, -0.0002165954228272209, -0.0017211697211438942, 0.00020700840671871492], [0.0002205360983134263, 0.99999735437607, 0.002289673489871269, -0.001484788814665967], [0.0017206692347784178, -0.0022900496247218933, 0.9999958974766349, -0.0005357587969055071], [0.0, 0.0, 0.0, 1.0]]","[-0.02917702977680344, 0.28589999598681176, -0.5244067892825224]","[0.20700840671871493, -1.484788814665967, -0.5357587969055071]",1.7864073702995638,"[-0.0003513305077109987, -0.0013648863276534962, -0.0009111063933770349]","[-0.0022898647069368237, -0.001720921845037552, 0.00021856606120138706]",0.13016151956418043,0.22016023240384855,0.2206288037773685,0.3733431989280739,0.4358451373199887,1.0,0.0005058531550778572,21,True,0.0005529690533876419,0.010390955954790115,0.020025167614221573,3072
public_sf_018,1,public_sf_018_f001,image,other_behind_nonzero,uint16,taco,CAMERA_LOCAL,OPEN3D_OFFICIAL_SINGLE_FRAME,CAMERA_LOCAL,STOPPED_INSUFFICIENT_CORRESPONDENCES,21 correspondences < 24,TARGET_POINTS_PRESENT,UNIQUENESS_UNPROVEN,"the generator knows the injected recovery, but partial image evidence has not been proven globally unique",STOPPED_OR_FAILED,False,"[[0.9999986465162606, 0.0009251402648748495, -0.0013605444267668326, -2.6369878393714513e-05], [-0.0009246900104978544, 0.9999995175184262, 0.00033152873062201513, 0.00029305070521691356], [0.0013608504809068751, -0.00033027020006300893, 0.9999990195033011, -0.0005274512952687562], [0.0, 0.0, 0.0, 1.0]]","[[0.9999984801944377, -0.00017279907310603317, -0.0017348629038415968, 0.00022446593709886525], [0.00017675973820653124, 0.9999973781227822, 0.002283090790198151, -0.0014821707793586738], [0.001734463839271711, -0.0022833939742567763, 0.9999958888651235, -0.0005405344497786079], [0.0, 0.0, 0.0, 1.0]]","[-0.026369878393714512, 0.29305070521691357, -0.5274512952687562]","[0.22446593709886525, -1.4821707793586738, -0.5405344497786079]",1.7929029796853226,"[-0.0003308996206702285, -0.0013606980925626616, -0.0009249155718513213]","[-0.0022832455227631554, -0.0017346657575373426, 0.00017477964606043983]",0.13016151858974628,0.22016023858200373,0.22062880025580628,0.3733431876824405,0.43584511336313375,1.0,0.0005058531612466546,21,True,0.0005529690533876419,0.010390955954790115,0.018526524305343628,0
public_sf_021,0,public_sf_021_f000,direct,symmetric_ambiguous,information_insufficient,artificial,WORLD_FIXED,OPEN3D_OFFICIAL_SINGLE_FRAME,WORLD_FIXED,OUTPUT,,TARGET_POINTS_PRESENT,MULTIPLE_SOLUTIONS,the spherical surface admits multiple rotational explanations,OUTPUT_WITHOUT_UNIQUE_TRUTH,False,"[[0.9996826806243115, 0.015584771158843873, 0.019790224044139205, 0.002205807159204541], [-0.014257575581131266, 0.9977494273192391, -0.06551947666670388, -0.0032065322078867107], [-0.02076679075685713, 0.06521652545219572, 0.9976550231465804, -0.0018181451328401295], [0.0, 0.0, 0.0, 1.0]]","[[0.9839792462764857, 0.1501986045533938, 0.09604801969521207, -0.06809938439480497], [-0.14362361363553974, 0.9870033605972391, -0.07208761180692026, 0.027134482762292886], [-0.10562717691687032, 0.05713795026048146, 0.9927628891818046, 0.018644302985375217], [0.0, 0.0, 0.0, 1.0]]","[2.205807159204541, -3.2065322078867107, -1.8181451328401295]","[-68.09938439480497, 27.134482762292887, 18.644302985375216]",79.25975606735922,"[0.06542157777624169, 0.020295128007375388, -0.014933403015485212]","[0.06500605147016146, 0.10145135375292053, -0.14780529434806786]",8.919132596921095,14.84704566860757,14.75387431655199,23.494995977605708,34.88436936886639,1.0,0.000691195016350909,960,False,0.0008849557489156723,0.005416489206254482,0.025370914489030838,6144
public_sf_021,0,public_sf_021_f000,direct,symmetric_ambiguous,information_insufficient,artificial,WORLD_FIXED,OPEN3D_OFFICIAL_SINGLE_FRAME,CAMERA_LOCAL,OUTPUT,,TARGET_POINTS_PRESENT,MULTIPLE_SOLUTIONS,the spherical surface admits multiple rotational explanations,OUTPUT_WITHOUT_UNIQUE_TRUTH,False,"[[0.9996765600978672, 0.01578055758134598, 0.019943650451131407, 0.0017235604804100753], [-0.014444871570336833, 0.9977526679449829, -0.06542904014262531, -0.0001768326848487281], [-0.02093133718164138, 0.06511979431087465, 0.997657903047281, 0.0001717767279003149], [0.0, 0.0, 0.0, 1.0]]","[[0.9839144221103907, 0.15161611033068312, 0.09447203317050827, -0.06808249896928786], [-0.14510811026709644, 0.9867664727379108, -0.07235720154272023, 0.026887277601986354], [-0.10419235239636188, 0.05748463593496776, 0.9928944910379633, 0.017754645236192686], [0.0, 0.0, 0.0, 1.0]]","[1.7235604804100753, -0.1768326848487281, 0.1717767279003149]","[-68.08249896928787, 26.887277601986355, 17.754645236192687]",76.90584676403111,"[0.06532791724065332, 0.020454244731213066, -0.015125101211743737]","[0.06531793236696648, 0.09993964312474884, -0.14926939535938955]",8.932221679506048,14.878992940763474,14.765950840226793,23.535927982408936,34.965530977984336,1.0,0.0006902818053234877,960,False,0.0008849557489156723,0.005416489206254482,0.02683880366384983,0
public_sf_021,1,public_sf_021_f001,direct,symmetric_ambiguous,information_insufficient,artificial,WORLD_FIXED,OPEN3D_OFFICIAL_SINGLE_FRAME,WORLD_FIXED,OUTPUT,,TARGET_POINTS_PRESENT,MULTIPLE_SOLUTIONS,the spherical surface admits multiple rotational explanations,OUTPUT_WITHOUT_UNIQUE_TRUTH,False,"[[0.9996826806243115, 0.015584771158843873, 0.019790224044139205, 0.002205807159204541], [-0.014257575581131266, 0.9977494273192391, -0.06551947666670388, -0.0032065322078867107], [-0.02076679075685713, 0.06521652545219572, 0.9976550231465804, -0.0018181451328401295], [0.0, 0.0, 0.0, 1.0]]","[[0.9995002946169916, 0.012472599282418046, 0.029044712559903246, -0.005472668518790781], [-0.0179447116799819, 0.9803314804548463, 0.19654051936415348, -0.22578076854717335], [-0.026022074922448, -0.19696350600136336, 0.9800654207349535, 0.03238689447051522], [0.0, 0.0, 0.0, 1.0]]","[2.205807159204541, -3.2065322078867107, -1.8181451328401295]","[-5.4726685187907815, -225.78076854717335, 32.38689447051522]",225.31807385343348,"[0.06542157777624169, 0.020295128007375388, -0.014933403015485212]","[-0.19807770282534443, 0.027718910261067438, -0.015311129475638457]",15.102951902832574,27.92202719598594,27.575539772078137,46.75312157871699,49.11617922538407,1.0,0.0006969891557359726,960,False,0.0007800087332725525,0.005416489206254482,0.027543678879737854,3072
public_sf_021,1,public_sf_021_f001,direct,symmetric_ambiguous,information_insufficient,artificial,WORLD_FIXED,OPEN3D_OFFICIAL_SINGLE_FRAME,CAMERA_LOCAL,OUTPUT,,TARGET_POINTS_PRESENT,MULTIPLE_SOLUTIONS,the spherical surface admits multiple rotational explanations,OUTPUT_WITHOUT_UNIQUE_TRUTH,False,"[[0.9997414445253218, 0.011649292416965822, 0.019527879675142988, 0.0015514048582313152], [-0.010329604980802721, 0.9977416627725302, -0.06636922199971253, 0.00045056490325427745], [-0.02025693361206023, 0.06615034659085751, 0.997604023792279, 0.0004972219566686739], [0.0, 0.0, 0.0, 1.0]]","[[0.9930123001354929, 0.037355781705761086, 0.11194247340830198, -0.08342522434786381], [-0.0565977834034827, 0.9831192377576394, 0.1739921126506903, -0.21621318954842972], [-0.10355318775117137, -0.17911200385230913, 0.9783637500350169, 0.03102361823837439], [0.0, 0.0, 0.0, 1.0]]","[1.5514048582313151, 0.45056490325427745, 0.4972219566686739]","[-83.42522434786382, -216.2131895484297, 31.02361823837439]",234.7255224177327,"[0.0663140919326664, 0.019908710795782804, -0.010998455836491308]","[-0.17790335614196845, 0.1085725132121961, -0.047336334449942424]",15.029860463260613,26.488155511562205,26.34501208087385,42.98718830332389,46.24015972152232,1.0,0.0007062107652799336,960,False,0.0007800087332725525,0.005416489206254482,0.03390352427959442,0
public_sf_022,0,public_sf_022_f000,direct,no_target,information_insufficient,artificial,WORLD_FIXED,OPEN3D_OFFICIAL_SINGLE_FRAME,WORLD_FIXED,STOPPED_NO_TARGET_EVIDENCE,common preprocessing produced zero target points,NO_TARGET_POINTS,NO_TARGET_EVIDENCE,the public frame deliberately contains no target measurements,NO_TARGET_EVIDENCE,False,"[[0.9972190745315, 0.03607639912154031, -0.06521204502974774, 0.006950304284150504], [-0.03459851372959164, 0.9991213738609662, 0.023652127639572446, -0.004659030999687877], [0.06600803161920359, -0.02133011300013888, 0.9975910815765945, 0.004394380400206343], [0.0, 0.0, 0.0, 1.0]]",,"[6.950304284150504, -4.659030999687878, 4.394380400206343]",,,"[-0.02251389574625639, -0.06567647772712687, -0.0353732405762247]",,,,,,,,,,,0.000345597043633461,0.004848717711865902,1.0227784514427185e-05,0
public_sf_022,0,public_sf_022_f000,direct,no_target,information_insufficient,artificial,WORLD_FIXED,OPEN3D_OFFICIAL_SINGLE_FRAME,CAMERA_LOCAL,STOPPED_NO_TARGET_EVIDENCE,common preprocessing produced zero target points,NO_TARGET_POINTS,NO_TARGET_EVIDENCE,the public frame deliberately contains no target measurements,NO_TARGET_EVIDENCE,False,"[[0.9972360743179423, 0.03294277930868649, -0.06659568582392501, 0.013275704424628294], [-0.03138446592435015, 0.9992116554363618, 0.02431219732497398, -0.0054983294127410876], [0.06734409682802982, -0.02215493018595051, 0.9974838002147566, 0.0020429213543665253], [0.0, 0.0, 0.0, 1.0]]",,"[13.275704424628294, -5.4983294127410876, 2.042921354366525]",,,"[-0.023257091010388357, -0.06703770777127972, -0.03219619281352343]",,,,,,,,,,,0.000345597043633461,0.004848717711865902,1.562759280204773e-06,0
public_sf_022,1,public_sf_022_f001,direct,no_target,information_insufficient,artificial,WORLD_FIXED,OPEN3D_OFFICIAL_SINGLE_FRAME,WORLD_FIXED,STOPPED_NO_TARGET_EVIDENCE,common preprocessing produced zero target points,NO_TARGET_POINTS,NO_TARGET_EVIDENCE,the public frame deliberately contains no target measurements,NO_TARGET_EVIDENCE,False,"[[0.9972190745315, 0.03607639912154031, -0.06521204502974774, 0.006950304284150504], [-0.03459851372959164, 0.9991213738609662, 0.023652127639572446, -0.004659030999687877], [0.06600803161920359, -0.02133011300013888, 0.9975910815765945, 0.004394380400206343], [0.0, 0.0, 0.0, 1.0]]",,"[6.950304284150504, -4.659030999687878, 4.394380400206343]",,,"[-0.02251389574625639, -0.06567647772712687, -0.0353732405762247]",,,,,,,,,,,0.0002743806689977646,0.004848717711865902,9.875744581222534e-06,0
public_sf_022,1,public_sf_022_f001,direct,no_target,information_insufficient,artificial,WORLD_FIXED,OPEN3D_OFFICIAL_SINGLE_FRAME,CAMERA_LOCAL,STOPPED_NO_TARGET_EVIDENCE,common preprocessing produced zero target points,NO_TARGET_POINTS,NO_TARGET_EVIDENCE,the public frame deliberately contains no target measurements,NO_TARGET_EVIDENCE,False,"[[0.9972970455559611, 0.03799062207878788, -0.06289129955262375, 0.013076371035881093], [-0.036358220224928, 0.9989767007609449, 0.026900393284354295, -0.006047537192665497], [0.06384890560868497, -0.0245410670274138, 0.9976577836521546, 0.001421041489557337], [0.0, 0.0, 0.0, 1.0]]",,"[13.076371035881094, -6.047537192665497, 1.4210414895573371]",,,"[-0.025746776017019787, -0.06343427373294942, -0.037212065487973386]",,,,,,,,,,,0.0002743806689977646,0.004848717711865902,1.5925616025924683e-06,0
public_sf_009,1,public_sf_009_f001,direct,combined,noise,artificial,WORLD_FIXED,OPEN3D_HUBER_SINGLE_FRAME,WORLD_FIXED,STOPPED_INSUFFICIENT_CORRESPONDENCES,0 correspondences < 24,TARGET_POINTS_PRESENT,UNIQUE_COMPARABLE,full asymmetric surface points define the injected rigid recovery,STOPPED_OR_FAILED,False,"[[0.999275440218153, 0.028190605484872004, -0.02557116225776597, -0.012505910803124753], [-0.02661670469231721, 0.9978475894254322, 0.05993112137425932, 0.009456336717715135], [0.02720561721664607, -0.05920707761957626, 0.9978749302150098, -0.009827637762582605], [0.0, 0.0, 0.0, 1.0]]","[[0.9545718866278704, 0.24673434700598026, 0.1670768543731917, -0.15148430138531693], [-0.2834163872538314, 0.9249229431765935, 0.25336278460250333, -0.1588718362591598], [-0.09201991466902412, -0.28920530975948683, 0.9528339960933514, -0.07129692672694583], [0.0, 0.0, 0.0, 1.0]]","[-12.505910803124753, 9.456336717715136, -9.827637762582604]","[-151.48430138531694, -158.8718362591598, -71.29692672694583]",226.77707192821208,"[-0.05961881040280834, -0.026410411066551398, -0.027426523665267256]","[-0.2791288469307331, 0.1332945728614496, -0.27274062867156595]",20.96068353051283,142.5214281775324,142.2447875110777,181.1476765763918,194.1051777164428,0.0,0.0,0,False,0.0003172140568494797,0.00483863428235054,0.021409112960100174,6144
public_sf_009,1,public_sf_009_f001,direct,combined,noise,artificial,WORLD_FIXED,OPEN3D_HUBER_SINGLE_FRAME,CAMERA_LOCAL,STOPPED_INSUFFICIENT_CORRESPONDENCES,0 correspondences < 24,TARGET_POINTS_PRESENT,UNIQUE_COMPARABLE,full asymmetric surface points define the injected rigid recovery,STOPPED_OR_FAILED,False,"[[0.9992370649496449, 0.030073053388462664, -0.024917854857783233, -0.011220224014967223], [-0.02855198935008532, 0.9978317651184223, 0.05930052634510561, 0.004888780098121302], [0.026647174990446786, -0.05854382956852602, 0.9979291297905276, -0.007835100520390367], [0.0, 0.0, 0.0, 1.0]]","[[0.8433231518424753, 0.5372650936630722, -0.012340206549480093, -0.1066638074149609], [-0.5373115564059445, 0.8433836605368181, -0.0005408254231311083, 0.18781548872403694], [0.010116961949867082, 0.007086626187903511, 0.9999237104950447, -0.13462094830991764], [0.0, 0.0, 0.0, 1.0]]","[-11.220224014967222, 4.888780098121302, -7.835100520390367]","[-106.6638074149609, 187.81548872403695, -134.62094830991765]",242.17000132273068,"[-0.058971349001334106, -0.02580403064592109, -0.02933698291063535]","[0.004026294808931846, -0.011854441766817641, -0.5672356389272958]",31.034368856901796,227.4945890911332,223.92722463653598,273.90943546471897,284.3853485049923,0.0,0.0,0,False,0.0003172140568494797,0.00483863428235054,0.020015375688672066,0
public_sf_015,0,public_sf_015_f000,image,none_nonzero,uint16,artificial,WORLD_FIXED,OPEN3D_HUBER_SINGLE_FRAME,WORLD_FIXED,STOPPED_INSUFFICIENT_CORRESPONDENCES,16 correspondences < 24,TARGET_POINTS_PRESENT,UNIQUENESS_UNPROVEN,"the generator knows the injected recovery, but partial image evidence has not been proven globally unique",STOPPED_OR_FAILED,False,"[[0.9999991909128747, -0.0011754614592636204, 0.0004862755944930476, 0.0004642615627415697], [0.0011760702617922018, 0.9999985226913408, -0.001253584410899263, -0.00022333830195133076], [-0.0004848013359529328, 0.001254155290905983, 0.9999990960306768, -0.00010698784907329031], [0.0, 0.0, 0.0, 1.0]]","[[0.9999951772809996, -0.00310454687942647, 8.487293796060195e-05, -0.0003273405894476526], [0.003104581684240318, 0.9999950954598746, -0.00041307234501712, 2.1675217057227866e-06], [-8.359011923817186e-05, 0.00041333384785395327, 0.9999999110839071, 0.00028630395650757357], [0.0, 0.0, 0.0, 1.0]]","[0.4642615627415697, -0.22333830195133075, -0.10698784907329031]","[-0.3273405894476526, 0.0021675217057227866, 0.28630395650757356]",0.9122309401631316,"[0.001253870517620152, 0.00048553872339731794, 0.0011757664857153728]","[0.0004132037724491964, 8.423166640489808e-05, 0.003104569361001194]",0.12272599930326357,1.5994429331702713,1.588069284206469,1.8270631815845322,1.8679917083981696,1.0,0.0005008041624786846,16,True,0.001386146992444992,0.004652003757655621,0.020306700840592384,6144
public_sf_015,0,public_sf_015_f000,image,none_nonzero,uint16,artificial,WORLD_FIXED,OPEN3D_HUBER_SINGLE_FRAME,CAMERA_LOCAL,STOPPED_INSUFFICIENT_CORRESPONDENCES,16 correspondences < 24,TARGET_POINTS_PRESENT,UNIQUENESS_UNPROVEN,"the generator knows the injected recovery, but partial image evidence has not been proven globally unique",STOPPED_OR_FAILED,False,"[[0.9999991752122223, -0.0011878502561921368, 0.0004884533184974739, 0.0004591941853477619], [0.001188455651080414, 0.9999985237509406, -0.0012409952075438933, -0.0002231862123295448], [-0.00048697848094352204, 0.0012415746890929163, 0.9999991106717298, -9.5314148116588e-05], [0.0, 0.0, 0.0, 1.0]]","[[0.9999931227361193, -0.0036926461451149708, -0.0003447389033022329, 0.00011316206578723829], [0.0036925637222965713, 0.9999931538024665, -0.00023941878271429193, -0.00025554892558804764], [0.00034562063199666137, 0.00023814416580014713, 0.9999999119168637, 0.00024182889698740206], [0.0, 0.0, 0.0, 1.0]]","[0.4591941853477619, -0.22318621232954478, -0.09531414811658799]","[0.11316206578723828, -0.25554892558804765, 0.24182889698740206]",0.48420141040582654,"[0.0012412856083441905, 0.00048771615905262824, 0.0011881535854102996]","[0.0002387820239155661, -0.0003451805622292652, 0.0036926134338255098]",0.16176342446371905,1.4733007963123055,1.4594973625937355,1.7858460287835818,1.8420437207382419,1.0,0.00047215842826058794,16,True,0.001386146992444992,0.004652003757655621,0.019190041348338127,0
public_sf_015,1,public_sf_015_f001,image,none_nonzero,uint16,artificial,WORLD_FIXED,OPEN3D_HUBER_SINGLE_FRAME,WORLD_FIXED,STOPPED_INSUFFICIENT_CORRESPONDENCES,14 correspondences < 24,TARGET_POINTS_PRESENT,UNIQUENESS_UNPROVEN,"the generator knows the injected recovery, but partial image evidence has not been proven globally unique",STOPPED_OR_FAILED,False,"[[0.9999969022361446, -0.0022558040979310527, 0.0010520769869598952, -9.20374307799994e-05], [0.002256606259167729, 0.9999971636203049, -0.0007618920765725499, 0.00022637937399993074], [-0.001050355323601575, 0.0007642638399247177, 0.9999991563268827, 0.0004092426270775578], [0.0, 0.0, 0.0, 1.0]]","[[0.9999967614483161, -0.001924065599432574, 0.001665852469134758, -0.00025823089195390085], [0.0019247528597773139, 0.9999980631790916, -0.00041105290912248126, -0.000350285370941006], [-0.0016650583499148764, 0.0004142579322103245, 0.9999985279844451, 0.00028075820930244786], [0.0, 0.0, 0.0, 1.0]]","[-0.0920374307799994, 0.22637937399993074, 0.40924262707755776]","[-0.25823089195390087, -0.350285370941006, 0.2807582093024479]",0.6137350733058732,"[0.0007630788202502196, 0.0010512173427740744, 0.00225620772724369]","[0.000412655877847136, 0.001665457254682028, 0.001924411361656962]",0.0447558676179939,0.49464279907287845,0.49123795401408765,0.5534198078675509,0.5776118692324504,1.0,0.0006378428844461978,14,True,0.00048132985830307007,0.004652003757655621,0.01966932788491249,6144
public_sf_015,1,public_sf_015_f001,image,none_nonzero,uint16,artificial,WORLD_FIXED,OPEN3D_HUBER_SINGLE_FRAME,CAMERA_LOCAL,STOPPED_INSUFFICIENT_CORRESPONDENCES,14 correspondences < 24,TARGET_POINTS_PRESENT,UNIQUENESS_UNPROVEN,"the generator knows the injected recovery, but partial image evidence has not been proven globally unique",STOPPED_OR_FAILED,False,"[[0.9999968911724246, -0.0022510068383130126, 0.0010726666303289259, -9.427370391810502e-05], [0.0022518090343721037, 0.9999971854960992, -0.0007472321949573417, 0.00023324859755314534], [-0.0010709815865238752, 0.0007496453123503146, 0.9999991455148084, 0.00040491723580499], [0.0, 0.0, 0.0, 1.0]]","[[0.9999967582882902, -0.0019091514152229235, 0.0016848008145472983, -0.0004011808939261733], [0.001909833478196498, 0.9999980949339045, -0.0004033170555175122, -0.0002388597837468508], [-0.001684027611563064, 0.0004065334370796057, 0.9999984993896581, 0.00032732302563402845], [0.0, 0.0, 0.0, 1.0]]","[-0.09427370391810502, 0.23324859755314534, 0.40491723580499]","[-0.40118089392617334, -0.2388597837468508, 0.32732302563402843]",0.5684181633484335,"[0.0007484395991184175, 0.0010718253191992597, 0.002251410479617712]","[0.0004049256949150357, 0.001684416079216841, 0.0019094945622354326]",0.04475586763428069,0.3193246057630819,0.319080727016848,0.37775389927459974,0.4028496899391196,1.0,0.0006072778697192058,14,True,0.00048132985830307007,0.004652003757655621,0.018577391281723976,0
public_sf_016,0,public_sf_016_f000,image,hand_partial_nonzero,float32,taco,WORLD_FIXED,OPEN3D_HUBER_SINGLE_FRAME,WORLD_FIXED,STOPPED_INSUFFICIENT_CORRESPONDENCES,14 correspondences < 24,TARGET_POINTS_PRESENT,UNIQUENESS_UNPROVEN,"the generator knows the injected recovery, but partial image evidence has not been proven globally unique",STOPPED_OR_FAILED,False,"[[0.9999981770380851, -0.0016524438556614564, -0.0009567391548410219, -4.739393216725672e-05], [0.0016520219322410407, 0.9999985378948321, -0.00044162397310392473, -0.0006171583272707369], [0.0009574675148086182, 0.0004400426139730305, 0.9999994448090739, 0.00031378016539609894], [0.0, 0.0, 0.0, 1.0]]","[[0.9999906279902075, 0.0017762143576626453, -0.003948290048385081, 0.00264976336362411], [-0.0017674885630958447, 0.9999959906041771, 0.0022124103937269405, -0.0029755923142830627], [0.003952203933233833, -0.0022054111014907594, 0.9999897580705231, 0.0003329539386632713], [0.0, 0.0, 0.0, 1.0]]","[-0.04739393216725672, -0.6171583272707369, 0.31378016539609893]","[2.64976336362411, -2.9755923142830625, 0.3329539386632713]",3.5829088717014215,"[0.0004408335756909586, -0.0009571039474125817, 0.0016522339514521613]","[-0.00220891944462307, -0.003950262543884332, -0.0017718584365856685]",0.3015771971898267,0.5344423873499933,0.5386651678875187,0.8435083439384384,0.9513124973192195,1.0,0.0005533268533167404,14,True,0.0008231606334447861,0.009013134054839611,0.020428523421287537,3072
public_sf_016,0,public_sf_016_f000,image,hand_partial_nonzero,float32,taco,WORLD_FIXED,OPEN3D_HUBER_SINGLE_FRAME,CAMERA_LOCAL,STOPPED_INSUFFICIENT_CORRESPONDENCES,14 correspondences < 24,TARGET_POINTS_PRESENT,UNIQUENESS_UNPROVEN,"the generator knows the injected recovery, but partial image evidence has not been proven globally unique",STOPPED_OR_FAILED,False,"[[0.9999981869562776, -0.001638514560565708, -0.0009702340915943232, -3.529235918406869e-05], [0.001638065374491938, 0.9999985509164206, -0.00046358050836093647, -0.0006208058646635334], [0.0009709922690570261, 0.00046199036099867297, 0.9999994218692927, 0.0003064169504430154], [0.0, 0.0, 0.0, 1.0]]","[[0.9999905618570716, 0.0018049381977461895, -0.003952011498043721, 0.0026687573198107208], [-0.0017963233648241727, 0.9999960053302062, 0.002182325823407092, -0.002946660251209768], [0.003955934674301362, -0.0021752061357120643, 0.9999898094776366, 0.00029163601572407467], [0.0, 0.0, 0.0, 1.0]]","[-0.03529235918406869, -0.6208058646635334, 0.3064169504430154]","[2.668757319810721, -2.946660251209768, 0.29163601572407466]",3.5667494683421976,"[0.0004627857308826108, -0.000970613801560325, 0.0016382910161056564]","[-0.0021787745578865756, -0.003953988653917949, -0.0018006378708027287]",0.3015771973203484,0.5344423875813293,0.5386651679364545,0.8435083442237112,0.9513124973894848,1.0,0.000553326853305423,14,True,0.0008231606334447861,0.009013134054839611,0.018596520647406578,0
public_sf_016,1,public_sf_016_f001,image,hand_partial_nonzero,float32,taco,WORLD_FIXED,OPEN3D_HUBER_SINGLE_FRAME,WORLD_FIXED,STOPPED_INSUFFICIENT_CORRESPONDENCES,6 correspondences < 24,TARGET_POINTS_PRESENT,UNIQUENESS_UNPROVEN,"the generator knows the injected recovery, but partial image evidence has not been proven globally unique",STOPPED_OR_FAILED,False,"[[0.9999985273194235, -0.0003715428256011615, -0.0016755043756803848, 0.0003013667532935458], [0.0003737299768255933, 0.9999990783306072, 0.001305244743574447, -0.00013960432911544856], [0.0016750178770991529, -0.001305869007577363, 0.9999977445080795, -0.00012802771345301296], [0.0, 0.0, 0.0, 1.0]]","[[0.9983315219405234, 0.05663972914530791, -0.011230021472119414, 0.010439601290060638], [-0.056631894190692776, 0.9983946108243976, 0.0010147103893135274, -0.0012219678028030647], [0.011269465838817943, -0.0003770399795239614, 0.9999364264694839, 0.0001973556583606986], [0.0, 0.0, 0.0, 1.0]]","[0.3013667532935458, -0.13960432911544857, -0.12802771345301298]","[10.439601290060638, -1.2219678028030647, 0.1973556583606986]",10.201038405492014,"[-0.001305557887349021, -0.0016752624246742032, 0.0003726366899970373]","[-0.0006962625166721412, -0.011256005394150807, -0.05666733582211232]",3.314113415998981,5.311134154077881,5.300818393594223,9.101323710483866,10.671881216397038,1.0,0.0007160310346455656,6,True,0.0004153735935688019,0.009013134054839611,0.020203646272420883,3072
public_sf_016,1,public_sf_016_f001,image,hand_partial_nonzero,float32,taco,WORLD_FIXED,OPEN3D_HUBER_SINGLE_FRAME,CAMERA_LOCAL,STOPPED_INSUFFICIENT_CORRESPONDENCES,6 correspondences < 24,TARGET_POINTS_PRESENT,UNIQUENESS_UNPROVEN,"the generator knows the injected recovery, but partial image evidence has not been proven globally unique",STOPPED_OR_FAILED,False,"[[0.9999985432992192, -0.00036101544767291524, -0.0016682527643624317, 0.00030634496228523463], [0.0003632134589789801, 0.9999990662163208, 0.0013174378427411638, -0.00014598610958261454], [0.0016677755911626154, -0.0013180418554854451, 0.9999977406425699, -0.00013009548035266237], [0.0, 0.0, 0.0, 1.0]]","[[0.9983319738523339, 0.0567627010556377, -0.01054825829088963, 0.01018113858543959], [-0.05675022706384703, 0.998387312675723, 0.0014783830187843725, -0.0011398898161317055], [0.010615164261791701, -0.0008773009841166791, 0.9999432727063462, 8.396303725014274e-05], [0.0, 0.0, 0.0, 1.0]]","[0.3063449622852346, -0.14598610958261454, -0.13009548035266238]","[10.18113858543959, -1.1398898161317055, 0.08396303725014274]",9.926994244318884,"[-0.0013177408703279128, -0.0016680154704307587, 0.00036211473395536764]","[-0.0011784976020622192, -0.010587601180399947, -0.05678805537038447]",3.314113416000301,5.311134154104585,5.300818393625011,9.101323710607799,10.671881216512677,1.0,0.0007160310346721844,6,True,0.0004153735935688019,0.009013134054839611,0.01853501796722412,0
public_sf_017,0,public_sf_017_f000,image,other_front_nonzero,float32,artificial,CAMERA_LOCAL,OPEN3D_HUBER_SINGLE_FRAME,WORLD_FIXED,STOPPED_INSUFFICIENT_CORRESPONDENCES,9 correspondences < 24,TARGET_POINTS_PRESENT,UNIQUENESS_UNPROVEN,"the generator knows the injected recovery, but partial image evidence has not been proven globally unique",STOPPED_OR_FAILED,False,"[[0.9999916267060238, 0.0005242285422241078, 0.004058534498548039, 9.144513360161271e-06], [-0.0005199059436569979, 0.9999992966219635, -0.0010660456780964428, 3.4715598240032865e-05], [-0.00405909049543578, 0.0010639266955742516, 0.999991195883412, 0.0004641276490306265], [0.0, 0.0, 0.0, 1.0]]","[[0.9999916362276681, 0.0005259069053283315, 0.004055970492776337, 1.1662513000090625e-05], [-0.0005215756737818613, 0.9999992927595548, -0.0010688494780094666, 3.746164359339356e-05], [-0.004056529739551203, 0.001066725042853166, 0.9999912032933865, 0.0004641374713182269], [0.0, 0.0, 0.0, 1.0]]","[0.00914451336016127, 0.03471559824003287, 0.4641276490306265]","[0.011662513000090625, 0.03746164359339356, 0.4641374713182269]",0.0037257460657876174,"[0.0010649893606455088, 0.004058824592829871, -0.0005220687987751179]","[0.0010677904402632027, 0.004056262195530079, -0.0005237428492377358]",0.00023772038972416924,0.00036524908726099866,0.00038506150847320876,0.0005795695455420656,0.0008234622322735068,1.0,0.0006035562217310158,9,True,0.0008725281804800034,0.006229270249605179,0.019998639822006226,6144
public_sf_017,0,public_sf_017_f000,image,other_front_nonzero,float32,artificial,CAMERA_LOCAL,OPEN3D_HUBER_SINGLE_FRAME,CAMERA_LOCAL,STOPPED_INSUFFICIENT_CORRESPONDENCES,9 correspondences < 24,TARGET_POINTS_PRESENT,UNIQUENESS_UNPROVEN,"the generator knows the injected recovery, but partial image evidence has not been proven globally unique",STOPPED_OR_FAILED,False,"[[0.9999916104285037, 0.0005370791814727854, 0.004060864262757371, 1.9620995529964555e-05], [-0.0005328166223037315, 0.9999993060919274, -0.0010506769772532605, 3.328374702831283e-05], [-0.004061425741621812, 0.0010485044665435282, 0.9999912026909682, 0.0004625255928629106], [0.0, 0.0, 0.0, 1.0]]","[[0.9999916198890904, 0.0005387950805781678, 0.004058306476116274, 2.212865108881312e-05], [-0.0005345239050422271, 0.9999993022488654, -0.001053463799698351, 3.6031433996309865e-05], [-0.004058871245541172, 0.0010512857097293988, 0.9999912101426536, 0.0004625008828479275], [0.0, 0.0, 0.0, 1.0]]","[0.019620995529964554, 0.033283747028312834, 0.4625255928629106]","[0.02212865108881312, 0.03603143399630986, 0.4625008828479275]",0.0037200444433857643,"[0.0010495938498278831, 0.004061157104978751, -0.0005349494961090173]","[0.0010523778886478762, 0.004058600947159728, -0.0005366610909627795]",0.00023772038972416924,0.00036524908714748617,0.0003850615083796777,0.0005795695453276169,0.0008234622324347585,1.0,0.0006035562217305681,9,True,0.0008725281804800034,0.006229270249605179,0.018966572359204292,0
public_sf_017,1,public_sf_017_f001,image,other_front_nonzero,float32,artificial,CAMERA_LOCAL,OPEN3D_HUBER_SINGLE_FRAME,WORLD_FIXED,STOPPED_INSUFFICIENT_CORRESPONDENCES,4 correspondences < 24,TARGET_POINTS_PRESENT,UNIQUENESS_UNPROVEN,"the generator knows the injected recovery, but partial image evidence has not been proven globally unique",STOPPED_OR_FAILED,False,"[[0.9999978958208273, -0.0012275859789401197, 0.0016435895419210937, -0.00040360762171531795], [0.0012300186505741805, 0.9999981484659495, -0.0014799049943160448, 0.0004330965680586123], [-0.001641769788137928, 0.0014819235261212098, 0.999997554244322, -0.0001671328193562163], [0.0, 0.0, 0.0, 1.0]]","[[0.9999975362511064, -0.001344111508196983, 0.0017665944555735917, -0.0004897809747030544], [0.001344734993233893, 0.999999033965302, -0.000351790080599688, -0.0005738818710834099], [-0.0017661199038862465, 0.000354164815260529, 0.9999983776925684, -0.00017632012250348673], [0.0, 0.0, 0.0, 1.0]]","[-0.40360762171531794, 0.4330965680586123, -0.1671328193562163]","[-0.4897809747030544, -0.5738818710834098, -0.17632012250348672]",1.0107006630061999,"[0.0014809158402250807, 0.001642681417625553, 0.0012288036257821293]","[0.0003529777451427748, 0.0017663586670309637, 0.0013444243827413545]",0.06535005057065006,0.11942586165826996,0.12242419665612467,0.18943644923855307,0.21068995564510853,1.0,0.0008746141012321556,4,True,0.0004491228610277176,0.006229270249605179,0.019689438864588737,6144
public_sf_017,1,public_sf_017_f001,image,other_front_nonzero,float32,artificial,CAMERA_LOCAL,OPEN3D_HUBER_SINGLE_FRAME,CAMERA_LOCAL,STOPPED_INSUFFICIENT_CORRESPONDENCES,4 correspondences < 24,TARGET_POINTS_PRESENT,UNIQUENESS_UNPROVEN,"the generator knows the injected recovery, but partial image evidence has not been proven globally unique",STOPPED_OR_FAILED,False,"[[0.9999978537162106, -0.0012623055671357338, 0.0016429082833180988, -0.0004018538083016442], [0.001264690077479239, 0.9999981473346877, -0.0014511671854505258, 0.00043900835960865607], [-0.0016410734231418912, 0.0014532418406380193, 0.9999975974802002, -0.0001811766869808895], [0.0, 0.0, 0.0, 1.0]]","[[0.9999981279804936, 0.0006859126620308897, -0.001809298020939478, 0.0030810495048446806], [-0.0006722249588915778, 0.9999712346952092, 0.007554991445614215, -0.007450683949874348], [0.0018144280402245304, -0.00755376104723511, 0.9999698238171632, -0.00043059543208328406], [0.0, 0.0, 0.0, 1.0]]","[-0.4018538083016442, 0.4390083596086561, -0.1811766869808895]","[3.0810495048446804, -7.450683949874348, -0.43059543208328405]",8.627865897048316,"[0.0014522060624199277, 0.001641992605091135, 0.0012634991703495482]","[-0.007554452815374907, -0.0018118813950962558, -0.0006790756933042727]",0.5637821224907703,1.1245677361538435,1.2072223086091398,1.7524981798073556,2.134822399724343,1.0,0.0005853512185831487,4,True,0.0004491228610277176,0.006229270249605179,0.01899714209139347,0
public_sf_018,0,public_sf_018_f000,image,other_behind_nonzero,uint16,taco,CAMERA_LOCAL,OPEN3D_HUBER_SINGLE_FRAME,WORLD_FIXED,STOPPED_INSUFFICIENT_CORRESPONDENCES,20 correspondences < 24,TARGET_POINTS_PRESENT,UNIQUENESS_UNPROVEN,"the generator knows the injected recovery, but partial image evidence has not been proven globally unique",STOPPED_OR_FAILED,False,"[[0.9999986835093853, 0.001162232805438724, -0.0011323402322986629, -0.0002394810908358247], [-0.0011589974423378536, 0.9999952565076681, 0.002853714612926667, 0.0007186589433272929], [0.0011356515417919723, -0.002852398476605069, 0.9999952870481472, -4.64887696815788e-05], [0.0, 0.0, 0.0, 1.0]]","[[0.9996752114596169, 0.02545806413958969, 0.0011655742938311685, -0.0029669012357801026], [-0.025455407640952648, 0.9996734492122646, -0.0022399022047797507, 0.004720077047068188], [-0.0012222172486230454, 0.0022095045414267734, 0.9999968121322582, -0.0002227849049139601], [0.0, 0.0, 0.0, 1.0]]","[-0.2394810908358247, 0.7186589433272929, -0.0464887696815788]","[-2.9669012357801026, 4.720077047068188, -0.2227849049139601]",4.845745331245868,"[-0.002853061667408928, -0.0011339979231269968, -0.0011606172077646216]","[0.0022249460930203195, 0.0011940260278204449, -0.025459513274842326]",1.428540930696524,2.443414544076565,2.5532552769095425,3.682498683215767,4.496516623951848,1.0,0.0006958820602092294,20,True,0.0008155684918165207,0.010390955954790115,0.020145801827311516,3072
public_sf_018,0,public_sf_018_f000,image,other_behind_nonzero,uint16,taco,CAMERA_LOCAL,OPEN3D_HUBER_SINGLE_FRAME,CAMERA_LOCAL,STOPPED_INSUFFICIENT_CORRESPONDENCES,20 correspondences < 24,TARGET_POINTS_PRESENT,UNIQUENESS_UNPROVEN,"the generator knows the injected recovery, but partial image evidence has not been proven globally unique",STOPPED_OR_FAILED,False,"[[0.9999987105980411, 0.001142588438476154, -0.0011284032591900577, -0.00023658828805972647], [-0.0011393536608765278, 0.999995252025338, 0.0028631800530412835, 0.0007280814094927699], [0.0011316693379858688, -0.002861890710867006, 0.9999952644418215, -5.939541793365389e-05], [0.0, 0.0, 0.0, 1.0]]","[[0.9996749970944492, 0.025474443310003755, 0.0009761773701567809, -0.0029169867571638775], [-0.02547230984409504, 0.9996732397526186, -0.002138960894902382, 0.0048541071634664095], [-0.0010303472322573286, 0.0021134002339612506, 0.9999972359581961, -0.00023704275020872064], [0.0, 0.0, 0.0, 1.0]]","[-0.23658828805972648, 0.7280814094927699, -0.05939541793365389]","[-2.9169867571638775, 4.854107163466409, -0.23704275020872065]",4.923432039776123,"[-0.0028625405216163905, -0.0011300383275602293, -0.001140973098281876]","[0.0021264125352984053, 0.0010033717592791112, -0.02547615577715045]",1.4285409293263298,2.443414544362821,2.5532552897901017,3.682498714555408,4.496516600895421,1.0,0.0006958820655793064,20,True,0.0008155684918165207,0.010390955954790115,0.019090332090854645,0
public_sf_018,1,public_sf_018_f001,image,other_behind_nonzero,uint16,taco,CAMERA_LOCAL,OPEN3D_HUBER_SINGLE_FRAME,WORLD_FIXED,STOPPED_INSUFFICIENT_CORRESPONDENCES,21 correspondences < 24,TARGET_POINTS_PRESENT,UNIQUENESS_UNPROVEN,"the generator knows the injected recovery, but partial image evidence has not been proven globally unique",STOPPED_OR_FAILED,False,"[[0.9999986534855424, 0.0009113457287412029, -0.001364725637263374, -2.917702977680344e-05], [-0.0009108662026472714, 0.999999523226119, 0.00035195212097656085, 0.00028589999598681174], [0.0013650457366600004, -0.00035070856460906277, 0.9999990068263266, -0.0005244067892825224], [0.0, 0.0, 0.0, 1.0]]","[[0.9999984953294749, -0.0002165954228272209, -0.0017211697211438942, 0.00020700840671871492], [0.0002205360983134263, 0.99999735437607, 0.002289673489871269, -0.001484788814665967], [0.0017206692347784178, -0.0022900496247218933, 0.9999958974766349, -0.0005357587969055071], [0.0, 0.0, 0.0, 1.0]]","[-0.02917702977680344, 0.28589999598681176, -0.5244067892825224]","[0.20700840671871493, -1.484788814665967, -0.5357587969055071]",1.7864073702995638,"[-0.0003513305077109987, -0.0013648863276534962, -0.0009111063933770349]","[-0.0022898647069368237, -0.001720921845037552, 0.00021856606120138706]",0.13016151956418043,0.22016023240384855,0.2206288037773685,0.3733431989280739,0.4358451373199887,1.0,0.0005058531550778572,21,True,0.0005529690533876419,0.010390955954790115,0.02012326568365097,3072
public_sf_018,1,public_sf_018_f001,image,other_behind_nonzero,uint16,taco,CAMERA_LOCAL,OPEN3D_HUBER_SINGLE_FRAME,CAMERA_LOCAL,STOPPED_INSUFFICIENT_CORRESPONDENCES,21 correspondences < 24,TARGET_POINTS_PRESENT,UNIQUENESS_UNPROVEN,"the generator knows the injected recovery, but partial image evidence has not been proven globally unique",STOPPED_OR_FAILED,False,"[[0.9999986465162606, 0.0009251402648748495, -0.0013605444267668326, -2.6369878393714513e-05], [-0.0009246900104978544, 0.9999995175184262, 0.00033152873062201513, 0.00029305070521691356], [0.0013608504809068751, -0.00033027020006300893, 0.9999990195033011, -0.0005274512952687562], [0.0, 0.0, 0.0, 1.0]]","[[0.9999984801944377, -0.00017279907310603317, -0.0017348629038415968, 0.00022446593709886525], [0.00017675973820653124, 0.9999973781227822, 0.002283090790198151, -0.0014821707793586738], [0.001734463839271711, -0.0022833939742567763, 0.9999958888651235, -0.0005405344497786079], [0.0, 0.0, 0.0, 1.0]]","[-0.026369878393714512, 0.29305070521691357, -0.5274512952687562]","[0.22446593709886525, -1.4821707793586738, -0.5405344497786079]",1.7929029796853226,"[-0.0003308996206702285, -0.0013606980925626616, -0.0009249155718513213]","[-0.0022832455227631554, -0.0017346657575373426, 0.00017477964606043983]",0.13016151858974628,0.22016023858200373,0.22062880025580628,0.3733431876824405,0.43584511336313375,1.0,0.0005058531612466546,21,True,0.0005529690533876419,0.010390955954790115,0.018569231033325195,0
public_sf_021,0,public_sf_021_f000,direct,symmetric_ambiguous,information_insufficient,artificial,WORLD_FIXED,OPEN3D_HUBER_SINGLE_FRAME,WORLD_FIXED,OUTPUT,,TARGET_POINTS_PRESENT,MULTIPLE_SOLUTIONS,the spherical surface admits multiple rotational explanations,OUTPUT_WITHOUT_UNIQUE_TRUTH,False,"[[0.9996826806243115, 0.015584771158843873, 0.019790224044139205, 0.002205807159204541], [-0.014257575581131266, 0.9977494273192391, -0.06551947666670388, -0.0032065322078867107], [-0.02076679075685713, 0.06521652545219572, 0.9976550231465804, -0.0018181451328401295], [0.0, 0.0, 0.0, 1.0]]","[[0.9828023047266342, 0.1638115014061935, 0.08523744383230049, -0.05942369207107222], [-0.16604381778524213, 0.9859206579360001, 0.019746058602817945, -0.047281067293438485], [-0.08080272519734226, -0.03355962249628697, 0.9961649819877176, 0.016445297233915333], [0.0, 0.0, 0.0, 1.0]]","[2.205807159204541, -3.2065322078867107, -1.8181451328401295]","[-59.42369207107222, -47.28106729343848, 16.445297233915333]",77.93788004215932,"[0.06542157777624169, 0.020295128007375388, -0.014933403015485212]","[-0.02680991682841669, 0.08350935641521554, -0.1658996469155278]",10.761781191151156,17.82486665886004,17.406005365994545,31.139644084751897,40.14723211816939,1.0,0.0006970156641047483,960,False,0.0008849557489156723,0.005416489206254482,0.027557112276554108,6144
public_sf_021,0,public_sf_021_f000,direct,symmetric_ambiguous,information_insufficient,artificial,WORLD_FIXED,OPEN3D_HUBER_SINGLE_FRAME,CAMERA_LOCAL,OUTPUT,,TARGET_POINTS_PRESENT,MULTIPLE_SOLUTIONS,the spherical surface admits multiple rotational explanations,OUTPUT_WITHOUT_UNIQUE_TRUTH,False,"[[0.9996765600978672, 0.01578055758134598, 0.019943650451131407, 0.0017235604804100753], [-0.014444871570336833, 0.9977526679449829, -0.06542904014262531, -0.0001768326848487281], [-0.02093133718164138, 0.06511979431087465, 0.997657903047281, 0.0001717767279003149], [0.0, 0.0, 0.0, 1.0]]","[[0.9835501753675344, 0.16309726211010303, 0.07764235716849621, -0.05310035664250511], [-0.1649802176217045, 0.9861243833680589, 0.01844527908329156, -0.05262834366302199], [-0.0735566470686843, -0.03095131045939515, 0.9968106319922854, 0.012292257975253695], [0.0, 0.0, 0.0, 1.0]]","[1.7235604804100753, -0.1768326848487281, 0.1717767279003149]","[-53.10035664250511, -52.628343663021994, 12.292257975253694]",76.83572709528524,"[0.06532791724065332, 0.020454244731213066, -0.015125101211743737]","[-0.024837185974623397, 0.07602463696752752, -0.16496121399520897]",10.511143732173311,17.49601047967289,17.040244451369816,30.426870523176788,39.53199357394472,1.0,0.0006949612958275148,960,False,0.0008849557489156723,0.005416489206254482,0.027547316625714302,0
public_sf_021,1,public_sf_021_f001,direct,symmetric_ambiguous,information_insufficient,artificial,WORLD_FIXED,OPEN3D_HUBER_SINGLE_FRAME,WORLD_FIXED,OUTPUT,,TARGET_POINTS_PRESENT,MULTIPLE_SOLUTIONS,the spherical surface admits multiple rotational explanations,OUTPUT_WITHOUT_UNIQUE_TRUTH,False,"[[0.9996826806243115, 0.015584771158843873, 0.019790224044139205, 0.002205807159204541], [-0.014257575581131266, 0.9977494273192391, -0.06551947666670388, -0.0032065322078867107], [-0.02076679075685713, 0.06521652545219572, 0.9976550231465804, -0.0018181451328401295], [0.0, 0.0, 0.0, 1.0]]","[[0.993771191783885, -0.07094536322615952, -0.08593936127959878, 0.09987463440300032], [0.08514166308240514, 0.9809214118761418, 0.17476864973581302, -0.2266416949903606], [0.07190073426606516, -0.1809970694780038, 0.9808518467395447, 0.012092175243124548], [0.0, 0.0, 0.0, 1.0]]","[2.205807159204541, -3.2065322078867107, -1.8181451328401295]","[99.87463440300031, -226.6416949903606, 12.092175243124549]",244.2457139762559,"[0.06542157777624169, 0.020295128007375388, -0.014933403015485212]","[-0.1792126707052963, -0.0795100357887967, 0.07862694840025874]",16.059159597377025,30.016101415765405,27.49994063745924,57.0049893188823,62.16312957173659,1.0,0.0007121988103873132,960,False,0.0007800087332725525,0.005416489206254482,0.025072447955608368,6144
public_sf_021,1,public_sf_021_f001,direct,symmetric_ambiguous,information_insufficient,artificial,WORLD_FIXED,OPEN3D_HUBER_SINGLE_FRAME,CAMERA_LOCAL,OUTPUT,,TARGET_POINTS_PRESENT,MULTIPLE_SOLUTIONS,the spherical surface admits multiple rotational explanations,OUTPUT_WITHOUT_UNIQUE_TRUTH,False,"[[0.9997414445253218, 0.011649292416965822, 0.019527879675142988, 0.0015514048582313152], [-0.010329604980802721, 0.9977416627725302, -0.06636922199971253, 0.00045056490325427745], [-0.02025693361206023, 0.06615034659085751, 0.997604023792279, 0.0004972219566686739], [0.0, 0.0, 0.0, 1.0]]","[[0.9994513429933971, 0.013280600449465059, 0.0303420276250043, -0.008442263826746746], [-0.01963254245540844, 0.9753523764304775, 0.21977785390743126, -0.2631253564324077], [-0.02667538688438165, -0.22025296239351985, 0.9750779744673999, 0.02490928993734045], [0.0, 0.0, 0.0, 1.0]]","[1.5514048582313151, 0.45056490325427745, 0.4972219566686739]","[-8.442263826746746, -263.12535643240767, 24.90928993734045]",264.8925985844473,"[0.0663140919326664, 0.019908710795782804, -0.010998455836491308]","[-0.22187182963227756, 0.028749254846386286, -0.01659542687632697]",16.52228106850562,30.471391086177576,29.79252667541226,51.463202305523396,53.705648475706596,1.0,0.0007116107310363073,960,False,0.0007800087332725525,0.005416489206254482,0.02626531571149826,0
public_sf_022,0,public_sf_022_f000,direct,no_target,information_insufficient,artificial,WORLD_FIXED,OPEN3D_HUBER_SINGLE_FRAME,WORLD_FIXED,STOPPED_NO_TARGET_EVIDENCE,common preprocessing produced zero target points,NO_TARGET_POINTS,NO_TARGET_EVIDENCE,the public frame deliberately contains no target measurements,NO_TARGET_EVIDENCE,False,"[[0.9972190745315, 0.03607639912154031, -0.06521204502974774, 0.006950304284150504], [-0.03459851372959164, 0.9991213738609662, 0.023652127639572446, -0.004659030999687877], [0.06600803161920359, -0.02133011300013888, 0.9975910815765945, 0.004394380400206343], [0.0, 0.0, 0.0, 1.0]]",,"[6.950304284150504, -4.659030999687878, 4.394380400206343]",,,"[-0.02251389574625639, -0.06567647772712687, -0.0353732405762247]",,,,,,,,,,,0.000345597043633461,0.004848717711865902,1.0889023542404175e-05,0
public_sf_022,0,public_sf_022_f000,direct,no_target,information_insufficient,artificial,WORLD_FIXED,OPEN3D_HUBER_SINGLE_FRAME,CAMERA_LOCAL,STOPPED_NO_TARGET_EVIDENCE,common preprocessing produced zero target points,NO_TARGET_POINTS,NO_TARGET_EVIDENCE,the public frame deliberately contains no target measurements,NO_TARGET_EVIDENCE,False,"[[0.9972360743179423, 0.03294277930868649, -0.06659568582392501, 0.013275704424628294], [-0.03138446592435015, 0.9992116554363618, 0.02431219732497398, -0.0054983294127410876], [0.06734409682802982, -0.02215493018595051, 0.9974838002147566, 0.0020429213543665253], [0.0, 0.0, 0.0, 1.0]]",,"[13.275704424628294, -5.4983294127410876, 2.042921354366525]",,,"[-0.023257091010388357, -0.06703770777127972, -0.03219619281352343]",,,,,,,,,,,0.000345597043633461,0.004848717711865902,1.7210841178894043e-06,0
public_sf_022,1,public_sf_022_f001,direct,no_target,information_insufficient,artificial,WORLD_FIXED,OPEN3D_HUBER_SINGLE_FRAME,WORLD_FIXED,STOPPED_NO_TARGET_EVIDENCE,common preprocessing produced zero target points,NO_TARGET_POINTS,NO_TARGET_EVIDENCE,the public frame deliberately contains no target measurements,NO_TARGET_EVIDENCE,False,"[[0.9972190745315, 0.03607639912154031, -0.06521204502974774, 0.006950304284150504], [-0.03459851372959164, 0.9991213738609662, 0.023652127639572446, -0.004659030999687877], [0.06600803161920359, -0.02133011300013888, 0.9975910815765945, 0.004394380400206343], [0.0, 0.0, 0.0, 1.0]]",,"[6.950304284150504, -4.659030999687878, 4.394380400206343]",,,"[-0.02251389574625639, -0.06567647772712687, -0.0353732405762247]",,,,,,,,,,,0.0002743806689977646,0.004848717711865902,1.1056661605834961e-05,0
public_sf_022,1,public_sf_022_f001,direct,no_target,information_insufficient,artificial,WORLD_FIXED,OPEN3D_HUBER_SINGLE_FRAME,CAMERA_LOCAL,STOPPED_NO_TARGET_EVIDENCE,common preprocessing produced zero target points,NO_TARGET_POINTS,NO_TARGET_EVIDENCE,the public frame deliberately contains no target measurements,NO_TARGET_EVIDENCE,False,"[[0.9972970455559611, 0.03799062207878788, -0.06289129955262375, 0.013076371035881093], [-0.036358220224928, 0.9989767007609449, 0.026900393284354295, -0.006047537192665497], [0.06384890560868497, -0.0245410670274138, 0.9976577836521546, 0.001421041489557337], [0.0, 0.0, 0.0, 1.0]]",,"[13.076371035881094, -6.047537192665497, 1.4210414895573371]",,,"[-0.025746776017019787, -0.06343427373294942, -0.037212065487973386]",,,,,,,,,,,0.0002743806689977646,0.004848717711865902,1.560896635055542e-06,0
