case_id,frame_id,task_id,method,coordinate_model,preprocessing_seconds,open3d_reference_sampling_seconds_amortized,solve_seconds,peak_rss_delta_kib,raw_solver_status
public_sf_001,0,public_sf_001_f000,CURRENT_FIXED_SINGLE_FRAME,WORLD_FIXED,0.00041450001299381256,,0.02192603424191475,3072,OUTPUT
public_sf_001,0,public_sf_001_f000,CURRENT_FIXED_SINGLE_FRAME,CAMERA_LOCAL,0.00041450001299381256,,0.010824674740433693,0,OUTPUT
public_sf_001,1,public_sf_001_f001,CURRENT_FIXED_SINGLE_FRAME,WORLD_FIXED,0.000299304723739624,,0.021498534828424454,3072,OUTPUT
public_sf_001,1,public_sf_001_f001,CURRENT_FIXED_SINGLE_FRAME,CAMERA_LOCAL,0.000299304723739624,,0.015264742076396942,0,OUTPUT
public_sf_002,0,public_sf_002_f000,CURRENT_FIXED_SINGLE_FRAME,WORLD_FIXED,0.0014402475208044052,,0.22986282221972942,5076,OUTPUT
public_sf_002,0,public_sf_002_f000,CURRENT_FIXED_SINGLE_FRAME,CAMERA_LOCAL,0.0014402475208044052,,0.1439574733376503,0,OUTPUT
public_sf_002,1,public_sf_002_f001,CURRENT_FIXED_SINGLE_FRAME,WORLD_FIXED,0.0012991279363632202,,0.2304291818290949,1536,OUTPUT
public_sf_002,1,public_sf_002_f001,CURRENT_FIXED_SINGLE_FRAME,CAMERA_LOCAL,0.0012991279363632202,,0.22208193503320217,0,OUTPUT
public_sf_003,0,public_sf_003_f000,CURRENT_FIXED_SINGLE_FRAME,WORLD_FIXED,0.000398857519030571,,0.029714539647102356,3072,OUTPUT
public_sf_003,0,public_sf_003_f000,CURRENT_FIXED_SINGLE_FRAME,CAMERA_LOCAL,0.000398857519030571,,0.011507639661431313,0,OUTPUT
public_sf_003,1,public_sf_003_f001,CURRENT_FIXED_SINGLE_FRAME,WORLD_FIXED,0.000310434028506279,,0.016451280564069748,3072,OUTPUT
public_sf_003,1,public_sf_003_f001,CURRENT_FIXED_SINGLE_FRAME,CAMERA_LOCAL,0.000310434028506279,,0.015757521614432335,0,OUTPUT
public_sf_004,0,public_sf_004_f000,CURRENT_FIXED_SINGLE_FRAME,WORLD_FIXED,0.0014539267867803574,,0.14450399577617645,3508,OUTPUT
public_sf_004,0,public_sf_004_f000,CURRENT_FIXED_SINGLE_FRAME,CAMERA_LOCAL,0.0014539267867803574,,0.14195837266743183,0,OUTPUT
public_sf_004,1,public_sf_004_f001,CURRENT_FIXED_SINGLE_FRAME,WORLD_FIXED,0.0012919120490550995,,0.2812154535204172,4096,OUTPUT
public_sf_004,1,public_sf_004_f001,CURRENT_FIXED_SINGLE_FRAME,CAMERA_LOCAL,0.0012919120490550995,,0.19217567518353462,0,OUTPUT
public_sf_005,0,public_sf_005_f000,CURRENT_FIXED_SINGLE_FRAME,WORLD_FIXED,0.00038196146488189697,,0.0852553304284811,3072,OUTPUT
public_sf_005,0,public_sf_005_f000,CURRENT_FIXED_SINGLE_FRAME,CAMERA_LOCAL,0.00038196146488189697,,0.14602075517177582,0,OUTPUT
public_sf_005,1,public_sf_005_f001,CURRENT_FIXED_SINGLE_FRAME,WORLD_FIXED,0.0002927985042333603,,0.1207720935344696,3072,OUTPUT
public_sf_005,1,public_sf_005_f001,CURRENT_FIXED_SINGLE_FRAME,CAMERA_LOCAL,0.0002927985042333603,,0.10987710393965244,0,OUTPUT
public_sf_006,0,public_sf_006_f000,CURRENT_FIXED_SINGLE_FRAME,WORLD_FIXED,0.0014968905597925186,,3.4865692704916,1184,NUMERICAL_FAILURE
public_sf_006,0,public_sf_006_f000,CURRENT_FIXED_SINGLE_FRAME,CAMERA_LOCAL,0.0014968905597925186,,3.3323396798223257,0,NUMERICAL_FAILURE
public_sf_006,1,public_sf_006_f001,CURRENT_FIXED_SINGLE_FRAME,WORLD_FIXED,0.001347055658698082,,3.4888214133679867,4096,NUMERICAL_FAILURE
public_sf_006,1,public_sf_006_f001,CURRENT_FIXED_SINGLE_FRAME,CAMERA_LOCAL,0.001347055658698082,,3.3744742646813393,0,NUMERICAL_FAILURE
public_sf_007,0,public_sf_007_f000,CURRENT_FIXED_SINGLE_FRAME,WORLD_FIXED,0.0004260260611772537,,0.10505261644721031,3072,OUTPUT
public_sf_007,0,public_sf_007_f000,CURRENT_FIXED_SINGLE_FRAME,CAMERA_LOCAL,0.0004260260611772537,,0.09808295965194702,0,OUTPUT
public_sf_007,1,public_sf_007_f001,CURRENT_FIXED_SINGLE_FRAME,WORLD_FIXED,0.000372396782040596,,0.1544101033359766,3072,OUTPUT
public_sf_007,1,public_sf_007_f001,CURRENT_FIXED_SINGLE_FRAME,CAMERA_LOCAL,0.000372396782040596,,0.10381014458835125,0,OUTPUT
public_sf_008,0,public_sf_008_f000,CURRENT_FIXED_SINGLE_FRAME,WORLD_FIXED,0.0014447234570980072,,3.3447957411408424,4076,NUMERICAL_FAILURE
public_sf_008,0,public_sf_008_f000,CURRENT_FIXED_SINGLE_FRAME,CAMERA_LOCAL,0.0014447234570980072,,3.2632509488612413,0,NUMERICAL_FAILURE
public_sf_008,1,public_sf_008_f001,CURRENT_FIXED_SINGLE_FRAME,WORLD_FIXED,0.0013101212680339813,,3.520915864035487,1988,NUMERICAL_FAILURE
public_sf_008,1,public_sf_008_f001,CURRENT_FIXED_SINGLE_FRAME,CAMERA_LOCAL,0.0013101212680339813,,3.3345423247665167,0,NUMERICAL_FAILURE
public_sf_009,0,public_sf_009_f000,CURRENT_FIXED_SINGLE_FRAME,WORLD_FIXED,0.0008556153625249863,,0.061117447912693024,3072,OUTPUT
public_sf_009,0,public_sf_009_f000,CURRENT_FIXED_SINGLE_FRAME,CAMERA_LOCAL,0.0008556153625249863,,0.06339109316468239,0,OUTPUT
public_sf_009,1,public_sf_009_f001,CURRENT_FIXED_SINGLE_FRAME,WORLD_FIXED,0.0003172140568494797,,0.0737621933221817,3072,OUTPUT
public_sf_009,1,public_sf_009_f001,CURRENT_FIXED_SINGLE_FRAME,CAMERA_LOCAL,0.0003172140568494797,,0.0633333083242178,0,OUTPUT
public_sf_010,0,public_sf_010_f000,CURRENT_FIXED_SINGLE_FRAME,WORLD_FIXED,0.0003825817257165909,,0.05234094709157944,3072,OUTPUT
public_sf_010,0,public_sf_010_f000,CURRENT_FIXED_SINGLE_FRAME,CAMERA_LOCAL,0.0003825817257165909,,0.053909847512841225,0,OUTPUT
public_sf_010,1,public_sf_010_f001,CURRENT_FIXED_SINGLE_FRAME,WORLD_FIXED,0.0003033056855201721,,0.057453252375125885,3072,OUTPUT
public_sf_010,1,public_sf_010_f001,CURRENT_FIXED_SINGLE_FRAME,CAMERA_LOCAL,0.0003033056855201721,,0.05217544175684452,0,OUTPUT
public_sf_011,0,public_sf_011_f000,CURRENT_FIXED_SINGLE_FRAME,WORLD_FIXED,0.00040696747601032257,,0.05860587954521179,3072,OUTPUT
public_sf_011,0,public_sf_011_f000,CURRENT_FIXED_SINGLE_FRAME,CAMERA_LOCAL,0.00040696747601032257,,0.05567317083477974,0,OUTPUT
public_sf_011,1,public_sf_011_f001,CURRENT_FIXED_SINGLE_FRAME,WORLD_FIXED,0.00036920420825481415,,0.04462451487779617,6144,OUTPUT
public_sf_011,1,public_sf_011_f001,CURRENT_FIXED_SINGLE_FRAME,CAMERA_LOCAL,0.00036920420825481415,,0.06074930913746357,0,OUTPUT
public_sf_012,0,public_sf_012_f000,CURRENT_FIXED_SINGLE_FRAME,WORLD_FIXED,0.0004294831305742264,,0.06657647341489792,3072,OUTPUT
public_sf_012,0,public_sf_012_f000,CURRENT_FIXED_SINGLE_FRAME,CAMERA_LOCAL,0.0004294831305742264,,0.07047461159527302,0,OUTPUT
public_sf_012,1,public_sf_012_f001,CURRENT_FIXED_SINGLE_FRAME,WORLD_FIXED,0.00030432455241680145,,0.08685663156211376,3072,OUTPUT
public_sf_012,1,public_sf_012_f001,CURRENT_FIXED_SINGLE_FRAME,CAMERA_LOCAL,0.00030432455241680145,,0.052148010581731796,0,OUTPUT
public_sf_013,0,public_sf_013_f000,CURRENT_FIXED_SINGLE_FRAME,WORLD_FIXED,0.00037608295679092407,,0.058953313156962395,3072,OUTPUT
public_sf_013,0,public_sf_013_f000,CURRENT_FIXED_SINGLE_FRAME,CAMERA_LOCAL,0.00037608295679092407,,0.05819888226687908,0,OUTPUT
public_sf_013,1,public_sf_013_f001,CURRENT_FIXED_SINGLE_FRAME,WORLD_FIXED,0.0003931596875190735,,0.05892881564795971,3072,OUTPUT
public_sf_013,1,public_sf_013_f001,CURRENT_FIXED_SINGLE_FRAME,CAMERA_LOCAL,0.0003931596875190735,,0.0977857057005167,0,OUTPUT
public_sf_014,0,public_sf_014_f000,CURRENT_FIXED_SINGLE_FRAME,WORLD_FIXED,0.0004261154681444168,,0.05783086270093918,3072,OUTPUT
public_sf_014,0,public_sf_014_f000,CURRENT_FIXED_SINGLE_FRAME,CAMERA_LOCAL,0.0004261154681444168,,0.06219427287578583,0,OUTPUT
public_sf_014,1,public_sf_014_f001,CURRENT_FIXED_SINGLE_FRAME,WORLD_FIXED,0.000319628044962883,,0.0612216480076313,3072,OUTPUT
public_sf_014,1,public_sf_014_f001,CURRENT_FIXED_SINGLE_FRAME,CAMERA_LOCAL,0.000319628044962883,,0.0557864997535944,0,OUTPUT
public_sf_015,0,public_sf_015_f000,CURRENT_FIXED_SINGLE_FRAME,WORLD_FIXED,0.001386146992444992,,0.0004364941269159317,0,NUMERICAL_FAILURE
public_sf_015,0,public_sf_015_f000,CURRENT_FIXED_SINGLE_FRAME,CAMERA_LOCAL,0.001386146992444992,,0.00016306526958942413,0,NUMERICAL_FAILURE
public_sf_015,1,public_sf_015_f001,CURRENT_FIXED_SINGLE_FRAME,WORLD_FIXED,0.00048132985830307007,,0.0004069283604621887,0,NUMERICAL_FAILURE
public_sf_015,1,public_sf_015_f001,CURRENT_FIXED_SINGLE_FRAME,CAMERA_LOCAL,0.00048132985830307007,,0.00015113502740859985,0,NUMERICAL_FAILURE
public_sf_016,0,public_sf_016_f000,CURRENT_FIXED_SINGLE_FRAME,WORLD_FIXED,0.0008231606334447861,,0.0003973059356212616,0,NUMERICAL_FAILURE
public_sf_016,0,public_sf_016_f000,CURRENT_FIXED_SINGLE_FRAME,CAMERA_LOCAL,0.0008231606334447861,,0.00014348700642585754,0,NUMERICAL_FAILURE
public_sf_016,1,public_sf_016_f001,CURRENT_FIXED_SINGLE_FRAME,WORLD_FIXED,0.0004153735935688019,,0.00037528201937675476,0,NUMERICAL_FAILURE
public_sf_016,1,public_sf_016_f001,CURRENT_FIXED_SINGLE_FRAME,CAMERA_LOCAL,0.0004153735935688019,,0.00015788525342941284,0,NUMERICAL_FAILURE
public_sf_017,0,public_sf_017_f000,CURRENT_FIXED_SINGLE_FRAME,WORLD_FIXED,0.0008725281804800034,,0.0006141494959592819,0,NUMERICAL_FAILURE
public_sf_017,0,public_sf_017_f000,CURRENT_FIXED_SINGLE_FRAME,CAMERA_LOCAL,0.0008725281804800034,,0.00014463625848293304,0,NUMERICAL_FAILURE
public_sf_017,1,public_sf_017_f001,CURRENT_FIXED_SINGLE_FRAME,WORLD_FIXED,0.0004491228610277176,,0.0003567840903997421,0,NUMERICAL_FAILURE
public_sf_017,1,public_sf_017_f001,CURRENT_FIXED_SINGLE_FRAME,CAMERA_LOCAL,0.0004491228610277176,,0.00014449656009674072,0,NUMERICAL_FAILURE
public_sf_018,0,public_sf_018_f000,CURRENT_FIXED_SINGLE_FRAME,WORLD_FIXED,0.0008155684918165207,,0.00048497505486011505,0,NUMERICAL_FAILURE
public_sf_018,0,public_sf_018_f000,CURRENT_FIXED_SINGLE_FRAME,CAMERA_LOCAL,0.0008155684918165207,,0.000149555504322052,0,NUMERICAL_FAILURE
public_sf_018,1,public_sf_018_f001,CURRENT_FIXED_SINGLE_FRAME,WORLD_FIXED,0.0005529690533876419,,0.0004443451762199402,0,NUMERICAL_FAILURE
public_sf_018,1,public_sf_018_f001,CURRENT_FIXED_SINGLE_FRAME,CAMERA_LOCAL,0.0005529690533876419,,0.00015286915004253387,0,NUMERICAL_FAILURE
public_sf_019,0,public_sf_019_f000,CURRENT_FIXED_SINGLE_FRAME,WORLD_FIXED,0.0004318561404943466,,0.05874286778271198,3072,OUTPUT
public_sf_019,0,public_sf_019_f000,CURRENT_FIXED_SINGLE_FRAME,CAMERA_LOCAL,0.0004318561404943466,,0.03980186767876148,0,OUTPUT
public_sf_019,1,public_sf_019_f001,CURRENT_FIXED_SINGLE_FRAME,WORLD_FIXED,0.00036665983498096466,,0.062444550916552544,3072,OUTPUT
public_sf_019,1,public_sf_019_f001,CURRENT_FIXED_SINGLE_FRAME,CAMERA_LOCAL,0.00036665983498096466,,0.05920266732573509,0,OUTPUT
public_sf_019,2,public_sf_019_f002,CURRENT_FIXED_SINGLE_FRAME,WORLD_FIXED,0.0003083422780036926,,0.06247767060995102,3072,OUTPUT
public_sf_019,2,public_sf_019_f002,CURRENT_FIXED_SINGLE_FRAME,CAMERA_LOCAL,0.0003083422780036926,,0.04330221936106682,0,OUTPUT
public_sf_020,0,public_sf_020_f000,CURRENT_FIXED_SINGLE_FRAME,WORLD_FIXED,0.0014390721917152405,,0.8228326309472322,1640,OUTPUT
public_sf_020,0,public_sf_020_f000,CURRENT_FIXED_SINGLE_FRAME,CAMERA_LOCAL,0.0014390721917152405,,1.123083297163248,0,OUTPUT
public_sf_020,1,public_sf_020_f001,CURRENT_FIXED_SINGLE_FRAME,WORLD_FIXED,0.0012536272406578064,,2.344111207872629,4072,OUTPUT
public_sf_020,1,public_sf_020_f001,CURRENT_FIXED_SINGLE_FRAME,CAMERA_LOCAL,0.0012536272406578064,,2.811739293858409,0,OUTPUT
public_sf_020,2,public_sf_020_f002,CURRENT_FIXED_SINGLE_FRAME,WORLD_FIXED,0.0012572519481182098,,3.515195067971945,1024,NUMERICAL_FAILURE
public_sf_020,2,public_sf_020_f002,CURRENT_FIXED_SINGLE_FRAME,CAMERA_LOCAL,0.0012572519481182098,,3.322053652256727,0,NUMERICAL_FAILURE
public_sf_021,0,public_sf_021_f000,CURRENT_FIXED_SINGLE_FRAME,WORLD_FIXED,0.0008849557489156723,,0.28625149093568325,3072,OUTPUT
public_sf_021,0,public_sf_021_f000,CURRENT_FIXED_SINGLE_FRAME,CAMERA_LOCAL,0.0008849557489156723,,0.541723970323801,0,OUTPUT
public_sf_021,1,public_sf_021_f001,CURRENT_FIXED_SINGLE_FRAME,WORLD_FIXED,0.0007800087332725525,,0.23338835313916206,3072,OUTPUT
public_sf_021,1,public_sf_021_f001,CURRENT_FIXED_SINGLE_FRAME,CAMERA_LOCAL,0.0007800087332725525,,0.44091799296438694,0,OUTPUT
public_sf_022,0,public_sf_022_f000,CURRENT_FIXED_SINGLE_FRAME,WORLD_FIXED,0.000345597043633461,,1.3299286365509033e-05,0,STOPPED_NO_TARGET_EVIDENCE
public_sf_022,0,public_sf_022_f000,CURRENT_FIXED_SINGLE_FRAME,CAMERA_LOCAL,0.000345597043633461,,1.6801059246063232e-06,0,STOPPED_NO_TARGET_EVIDENCE
public_sf_022,1,public_sf_022_f001,CURRENT_FIXED_SINGLE_FRAME,WORLD_FIXED,0.0002743806689977646,,1.1507421731948853e-05,0,STOPPED_NO_TARGET_EVIDENCE
public_sf_022,1,public_sf_022_f001,CURRENT_FIXED_SINGLE_FRAME,CAMERA_LOCAL,0.0002743806689977646,,1.5832483768463135e-06,0,STOPPED_NO_TARGET_EVIDENCE
public_sf_001,0,public_sf_001_f000,OPEN3D_OFFICIAL_SINGLE_FRAME,WORLD_FIXED,0.00041450001299381256,0.004977110773324966,0.020715270191431046,6144,OUTPUT
public_sf_001,0,public_sf_001_f000,OPEN3D_OFFICIAL_SINGLE_FRAME,CAMERA_LOCAL,0.00041450001299381256,0.004977110773324966,0.018847953528165817,0,OUTPUT
public_sf_001,1,public_sf_001_f001,OPEN3D_OFFICIAL_SINGLE_FRAME,WORLD_FIXED,0.000299304723739624,0.004977110773324966,0.020105836912989616,6144,OUTPUT
public_sf_001,1,public_sf_001_f001,OPEN3D_OFFICIAL_SINGLE_FRAME,CAMERA_LOCAL,0.000299304723739624,0.004977110773324966,0.021526753902435303,0,OUTPUT
public_sf_002,0,public_sf_002_f000,OPEN3D_OFFICIAL_SINGLE_FRAME,WORLD_FIXED,0.0014402475208044052,0.008925803005695343,0.02097667008638382,3072,OUTPUT
public_sf_002,0,public_sf_002_f000,OPEN3D_OFFICIAL_SINGLE_FRAME,CAMERA_LOCAL,0.0014402475208044052,0.008925803005695343,0.020173728466033936,0,OUTPUT
public_sf_002,1,public_sf_002_f001,OPEN3D_OFFICIAL_SINGLE_FRAME,WORLD_FIXED,0.0012991279363632202,0.008925803005695343,0.021712113171815872,6144,OUTPUT
public_sf_002,1,public_sf_002_f001,OPEN3D_OFFICIAL_SINGLE_FRAME,CAMERA_LOCAL,0.0012991279363632202,0.008925803005695343,0.020136002451181412,0,OUTPUT
public_sf_003,0,public_sf_003_f000,OPEN3D_OFFICIAL_SINGLE_FRAME,WORLD_FIXED,0.000398857519030571,0.004820722155272961,0.019682234153151512,6144,OUTPUT
public_sf_003,0,public_sf_003_f000,OPEN3D_OFFICIAL_SINGLE_FRAME,CAMERA_LOCAL,0.000398857519030571,0.004820722155272961,0.018833613023161888,0,OUTPUT
public_sf_003,1,public_sf_003_f001,OPEN3D_OFFICIAL_SINGLE_FRAME,WORLD_FIXED,0.000310434028506279,0.004820722155272961,0.020364442840218544,6144,OUTPUT
public_sf_003,1,public_sf_003_f001,OPEN3D_OFFICIAL_SINGLE_FRAME,CAMERA_LOCAL,0.000310434028506279,0.004820722155272961,0.018598051741719246,0,OUTPUT
public_sf_004,0,public_sf_004_f000,OPEN3D_OFFICIAL_SINGLE_FRAME,WORLD_FIXED,0.0014539267867803574,0.009083133190870285,0.021851420402526855,3072,OUTPUT
public_sf_004,0,public_sf_004_f000,OPEN3D_OFFICIAL_SINGLE_FRAME,CAMERA_LOCAL,0.0014539267867803574,0.009083133190870285,0.02182294800877571,0,OUTPUT
public_sf_004,1,public_sf_004_f001,OPEN3D_OFFICIAL_SINGLE_FRAME,WORLD_FIXED,0.0012919120490550995,0.009083133190870285,0.021186577156186104,3072,OUTPUT
public_sf_004,1,public_sf_004_f001,OPEN3D_OFFICIAL_SINGLE_FRAME,CAMERA_LOCAL,0.0012919120490550995,0.009083133190870285,0.021021056920289993,0,OUTPUT
public_sf_005,0,public_sf_005_f000,OPEN3D_OFFICIAL_SINGLE_FRAME,WORLD_FIXED,0.00038196146488189697,0.004847581498324871,0.02045917697250843,6144,OUTPUT
public_sf_005,0,public_sf_005_f000,OPEN3D_OFFICIAL_SINGLE_FRAME,CAMERA_LOCAL,0.00038196146488189697,0.004847581498324871,0.019098548218607903,0,OUTPUT
public_sf_005,1,public_sf_005_f001,OPEN3D_OFFICIAL_SINGLE_FRAME,WORLD_FIXED,0.0002927985042333603,0.004847581498324871,0.020152928307652473,6144,OUTPUT
public_sf_005,1,public_sf_005_f001,OPEN3D_OFFICIAL_SINGLE_FRAME,CAMERA_LOCAL,0.0002927985042333603,0.004847581498324871,0.019163677468895912,0,OUTPUT
public_sf_006,0,public_sf_006_f000,OPEN3D_OFFICIAL_SINGLE_FRAME,WORLD_FIXED,0.0014968905597925186,0.008964565582573414,0.02382393553853035,3072,OUTPUT
public_sf_006,0,public_sf_006_f000,OPEN3D_OFFICIAL_SINGLE_FRAME,CAMERA_LOCAL,0.0014968905597925186,0.008964565582573414,0.022719213739037514,0,OUTPUT
public_sf_006,1,public_sf_006_f001,OPEN3D_OFFICIAL_SINGLE_FRAME,WORLD_FIXED,0.001347055658698082,0.008964565582573414,0.024820568040013313,3072,OUTPUT
public_sf_006,1,public_sf_006_f001,OPEN3D_OFFICIAL_SINGLE_FRAME,CAMERA_LOCAL,0.001347055658698082,0.008964565582573414,0.023551899939775467,0,OUTPUT
public_sf_007,0,public_sf_007_f000,OPEN3D_OFFICIAL_SINGLE_FRAME,WORLD_FIXED,0.0004260260611772537,0.004804551601409912,0.020291196182370186,6144,OUTPUT
public_sf_007,0,public_sf_007_f000,OPEN3D_OFFICIAL_SINGLE_FRAME,CAMERA_LOCAL,0.0004260260611772537,0.004804551601409912,0.01991259679198265,0,OUTPUT
public_sf_007,1,public_sf_007_f001,OPEN3D_OFFICIAL_SINGLE_FRAME,WORLD_FIXED,0.000372396782040596,0.004804551601409912,0.02039365842938423,9216,OUTPUT
public_sf_007,1,public_sf_007_f001,OPEN3D_OFFICIAL_SINGLE_FRAME,CAMERA_LOCAL,0.000372396782040596,0.004804551601409912,0.01874019205570221,0,OUTPUT
public_sf_008,0,public_sf_008_f000,OPEN3D_OFFICIAL_SINGLE_FRAME,WORLD_FIXED,0.0014447234570980072,0.008955968543887138,0.023136628791689873,3072,OUTPUT
public_sf_008,0,public_sf_008_f000,OPEN3D_OFFICIAL_SINGLE_FRAME,CAMERA_LOCAL,0.0014447234570980072,0.008955968543887138,0.023285280913114548,0,OUTPUT
public_sf_008,1,public_sf_008_f001,OPEN3D_OFFICIAL_SINGLE_FRAME,WORLD_FIXED,0.0013101212680339813,0.008955968543887138,0.023871205747127533,3072,OUTPUT
public_sf_008,1,public_sf_008_f001,OPEN3D_OFFICIAL_SINGLE_FRAME,CAMERA_LOCAL,0.0013101212680339813,0.008955968543887138,0.022365963086485863,0,OUTPUT
public_sf_009,0,public_sf_009_f000,OPEN3D_OFFICIAL_SINGLE_FRAME,WORLD_FIXED,0.0008556153625249863,0.00483863428235054,0.02099212445318699,6144,OUTPUT
public_sf_009,0,public_sf_009_f000,OPEN3D_OFFICIAL_SINGLE_FRAME,CAMERA_LOCAL,0.0008556153625249863,0.00483863428235054,0.02008504793047905,0,OUTPUT
public_sf_009,1,public_sf_009_f001,OPEN3D_OFFICIAL_SINGLE_FRAME,WORLD_FIXED,0.0003172140568494797,0.00483863428235054,0.0208514966070652,3072,OUTPUT
public_sf_009,1,public_sf_009_f001,OPEN3D_OFFICIAL_SINGLE_FRAME,CAMERA_LOCAL,0.0003172140568494797,0.00483863428235054,0.01989615149796009,0,OUTPUT
public_sf_010,0,public_sf_010_f000,OPEN3D_OFFICIAL_SINGLE_FRAME,WORLD_FIXED,0.0003825817257165909,0.005134758539497852,0.020136674866080284,6144,OUTPUT
public_sf_010,0,public_sf_010_f000,OPEN3D_OFFICIAL_SINGLE_FRAME,CAMERA_LOCAL,0.0003825817257165909,0.005134758539497852,0.018811149522662163,0,OUTPUT
public_sf_010,1,public_sf_010_f001,OPEN3D_OFFICIAL_SINGLE_FRAME,WORLD_FIXED,0.0003033056855201721,0.005134758539497852,0.0204218327999115,6144,OUTPUT
public_sf_010,1,public_sf_010_f001,OPEN3D_OFFICIAL_SINGLE_FRAME,CAMERA_LOCAL,0.0003033056855201721,0.005134758539497852,0.01953616552054882,0,OUTPUT
public_sf_011,0,public_sf_011_f000,OPEN3D_OFFICIAL_SINGLE_FRAME,WORLD_FIXED,0.00040696747601032257,0.004745233803987503,0.02015133760869503,6144,OUTPUT
public_sf_011,0,public_sf_011_f000,OPEN3D_OFFICIAL_SINGLE_FRAME,CAMERA_LOCAL,0.00040696747601032257,0.004745233803987503,0.01968545839190483,0,OUTPUT
public_sf_011,1,public_sf_011_f001,OPEN3D_OFFICIAL_SINGLE_FRAME,WORLD_FIXED,0.00036920420825481415,0.004745233803987503,0.019996564835309982,6144,OUTPUT
public_sf_011,1,public_sf_011_f001,OPEN3D_OFFICIAL_SINGLE_FRAME,CAMERA_LOCAL,0.00036920420825481415,0.004745233803987503,0.019048787653446198,0,OUTPUT
public_sf_012,0,public_sf_012_f000,OPEN3D_OFFICIAL_SINGLE_FRAME,WORLD_FIXED,0.0004294831305742264,0.004740176722407341,0.020596943795681,6144,OUTPUT
public_sf_012,0,public_sf_012_f000,OPEN3D_OFFICIAL_SINGLE_FRAME,CAMERA_LOCAL,0.0004294831305742264,0.004740176722407341,0.019990969449281693,0,OUTPUT
public_sf_012,1,public_sf_012_f001,OPEN3D_OFFICIAL_SINGLE_FRAME,WORLD_FIXED,0.00030432455241680145,0.004740176722407341,0.020863905549049377,3072,OUTPUT
public_sf_012,1,public_sf_012_f001,OPEN3D_OFFICIAL_SINGLE_FRAME,CAMERA_LOCAL,0.00030432455241680145,0.004740176722407341,0.019775064662098885,0,OUTPUT
public_sf_013,0,public_sf_013_f000,OPEN3D_OFFICIAL_SINGLE_FRAME,WORLD_FIXED,0.00037608295679092407,0.004716956987977028,0.020422261208295822,6144,OUTPUT
public_sf_013,0,public_sf_013_f000,OPEN3D_OFFICIAL_SINGLE_FRAME,CAMERA_LOCAL,0.00037608295679092407,0.004716956987977028,0.019468912854790688,0,OUTPUT
public_sf_013,1,public_sf_013_f001,OPEN3D_OFFICIAL_SINGLE_FRAME,WORLD_FIXED,0.0003931596875190735,0.004716956987977028,0.02084794081747532,6144,OUTPUT
public_sf_013,1,public_sf_013_f001,OPEN3D_OFFICIAL_SINGLE_FRAME,CAMERA_LOCAL,0.0003931596875190735,0.004716956987977028,0.019485021010041237,0,OUTPUT
public_sf_014,0,public_sf_014_f000,OPEN3D_OFFICIAL_SINGLE_FRAME,WORLD_FIXED,0.0004261154681444168,0.004693802446126938,0.023803625255823135,6144,OUTPUT
public_sf_014,0,public_sf_014_f000,OPEN3D_OFFICIAL_SINGLE_FRAME,CAMERA_LOCAL,0.0004261154681444168,0.004693802446126938,0.023618018254637718,0,OUTPUT
public_sf_014,1,public_sf_014_f001,OPEN3D_OFFICIAL_SINGLE_FRAME,WORLD_FIXED,0.000319628044962883,0.004693802446126938,0.020262520760297775,3072,OUTPUT
public_sf_014,1,public_sf_014_f001,OPEN3D_OFFICIAL_SINGLE_FRAME,CAMERA_LOCAL,0.000319628044962883,0.004693802446126938,0.01939389295876026,0,OUTPUT
public_sf_015,0,public_sf_015_f000,OPEN3D_OFFICIAL_SINGLE_FRAME,WORLD_FIXED,0.001386146992444992,0.004652003757655621,0.019837886095046997,6144,STOPPED_INSUFFICIENT_CORRESPONDENCES
public_sf_015,0,public_sf_015_f000,OPEN3D_OFFICIAL_SINGLE_FRAME,CAMERA_LOCAL,0.001386146992444992,0.004652003757655621,0.019265148788690567,0,STOPPED_INSUFFICIENT_CORRESPONDENCES
public_sf_015,1,public_sf_015_f001,OPEN3D_OFFICIAL_SINGLE_FRAME,WORLD_FIXED,0.00048132985830307007,0.004652003757655621,0.019956694915890694,6144,STOPPED_INSUFFICIENT_CORRESPONDENCES
public_sf_015,1,public_sf_015_f001,OPEN3D_OFFICIAL_SINGLE_FRAME,CAMERA_LOCAL,0.00048132985830307007,0.004652003757655621,0.01853089965879917,0,STOPPED_INSUFFICIENT_CORRESPONDENCES
public_sf_016,0,public_sf_016_f000,OPEN3D_OFFICIAL_SINGLE_FRAME,WORLD_FIXED,0.0008231606334447861,0.009013134054839611,0.02220037579536438,3072,STOPPED_INSUFFICIENT_CORRESPONDENCES
public_sf_016,0,public_sf_016_f000,OPEN3D_OFFICIAL_SINGLE_FRAME,CAMERA_LOCAL,0.0008231606334447861,0.009013134054839611,0.019396984949707985,0,STOPPED_INSUFFICIENT_CORRESPONDENCES
public_sf_016,1,public_sf_016_f001,OPEN3D_OFFICIAL_SINGLE_FRAME,WORLD_FIXED,0.0004153735935688019,0.009013134054839611,0.01961291953921318,3072,STOPPED_INSUFFICIENT_CORRESPONDENCES
public_sf_016,1,public_sf_016_f001,OPEN3D_OFFICIAL_SINGLE_FRAME,CAMERA_LOCAL,0.0004153735935688019,0.009013134054839611,0.018050892278552055,0,STOPPED_INSUFFICIENT_CORRESPONDENCES
public_sf_017,0,public_sf_017_f000,OPEN3D_OFFICIAL_SINGLE_FRAME,WORLD_FIXED,0.0008725281804800034,0.006229270249605179,0.019684938713908195,6144,STOPPED_INSUFFICIENT_CORRESPONDENCES
public_sf_017,0,public_sf_017_f000,OPEN3D_OFFICIAL_SINGLE_FRAME,CAMERA_LOCAL,0.0008725281804800034,0.006229270249605179,0.018431570380926132,0,STOPPED_INSUFFICIENT_CORRESPONDENCES
public_sf_017,1,public_sf_017_f001,OPEN3D_OFFICIAL_SINGLE_FRAME,WORLD_FIXED,0.0004491228610277176,0.006229270249605179,0.019874954596161842,6144,STOPPED_INSUFFICIENT_CORRESPONDENCES
public_sf_017,1,public_sf_017_f001,OPEN3D_OFFICIAL_SINGLE_FRAME,CAMERA_LOCAL,0.0004491228610277176,0.006229270249605179,0.018450729548931122,0,STOPPED_INSUFFICIENT_CORRESPONDENCES
public_sf_018,0,public_sf_018_f000,OPEN3D_OFFICIAL_SINGLE_FRAME,WORLD_FIXED,0.0008155684918165207,0.010390955954790115,0.020396383479237556,3072,STOPPED_INSUFFICIENT_CORRESPONDENCES
public_sf_018,0,public_sf_018_f000,OPEN3D_OFFICIAL_SINGLE_FRAME,CAMERA_LOCAL,0.0008155684918165207,0.010390955954790115,0.018469467759132385,0,STOPPED_INSUFFICIENT_CORRESPONDENCES
public_sf_018,1,public_sf_018_f001,OPEN3D_OFFICIAL_SINGLE_FRAME,WORLD_FIXED,0.0005529690533876419,0.010390955954790115,0.020025167614221573,3072,STOPPED_INSUFFICIENT_CORRESPONDENCES
public_sf_018,1,public_sf_018_f001,OPEN3D_OFFICIAL_SINGLE_FRAME,CAMERA_LOCAL,0.0005529690533876419,0.010390955954790115,0.018526524305343628,0,STOPPED_INSUFFICIENT_CORRESPONDENCES
public_sf_019,0,public_sf_019_f000,OPEN3D_OFFICIAL_SINGLE_FRAME,WORLD_FIXED,0.0004318561404943466,0.0031074161330858865,0.02100164070725441,6144,OUTPUT
public_sf_019,0,public_sf_019_f000,OPEN3D_OFFICIAL_SINGLE_FRAME,CAMERA_LOCAL,0.0004318561404943466,0.0031074161330858865,0.02100030705332756,0,OUTPUT
public_sf_019,1,public_sf_019_f001,OPEN3D_OFFICIAL_SINGLE_FRAME,WORLD_FIXED,0.00036665983498096466,0.0031074161330858865,0.021788831800222397,9216,OUTPUT
public_sf_019,1,public_sf_019_f001,OPEN3D_OFFICIAL_SINGLE_FRAME,CAMERA_LOCAL,0.00036665983498096466,0.0031074161330858865,0.02668740414083004,0,OUTPUT
public_sf_019,2,public_sf_019_f002,OPEN3D_OFFICIAL_SINGLE_FRAME,WORLD_FIXED,0.0003083422780036926,0.0031074161330858865,0.02070220187306404,3072,OUTPUT
public_sf_019,2,public_sf_019_f002,OPEN3D_OFFICIAL_SINGLE_FRAME,CAMERA_LOCAL,0.0003083422780036926,0.0031074161330858865,0.02154732681810856,0,OUTPUT
public_sf_020,0,public_sf_020_f000,OPEN3D_OFFICIAL_SINGLE_FRAME,WORLD_FIXED,0.0014390721917152405,0.00606406790514787,0.025169478729367256,3072,OUTPUT
public_sf_020,0,public_sf_020_f000,OPEN3D_OFFICIAL_SINGLE_FRAME,CAMERA_LOCAL,0.0014390721917152405,0.00606406790514787,0.02605043165385723,0,OUTPUT
public_sf_020,1,public_sf_020_f001,OPEN3D_OFFICIAL_SINGLE_FRAME,WORLD_FIXED,0.0012536272406578064,0.00606406790514787,0.025753598660230637,3072,OUTPUT
public_sf_020,1,public_sf_020_f001,OPEN3D_OFFICIAL_SINGLE_FRAME,CAMERA_LOCAL,0.0012536272406578064,0.00606406790514787,0.032950833439826965,0,OUTPUT
public_sf_020,2,public_sf_020_f002,OPEN3D_OFFICIAL_SINGLE_FRAME,WORLD_FIXED,0.0012572519481182098,0.00606406790514787,0.023771708831191063,3072,OUTPUT
public_sf_020,2,public_sf_020_f002,OPEN3D_OFFICIAL_SINGLE_FRAME,CAMERA_LOCAL,0.0012572519481182098,0.00606406790514787,0.024610845372080803,3072,OUTPUT
public_sf_021,0,public_sf_021_f000,OPEN3D_OFFICIAL_SINGLE_FRAME,WORLD_FIXED,0.0008849557489156723,0.005416489206254482,0.025370914489030838,6144,OUTPUT
public_sf_021,0,public_sf_021_f000,OPEN3D_OFFICIAL_SINGLE_FRAME,CAMERA_LOCAL,0.0008849557489156723,0.005416489206254482,0.02683880366384983,0,OUTPUT
public_sf_021,1,public_sf_021_f001,OPEN3D_OFFICIAL_SINGLE_FRAME,WORLD_FIXED,0.0007800087332725525,0.005416489206254482,0.027543678879737854,3072,OUTPUT
public_sf_021,1,public_sf_021_f001,OPEN3D_OFFICIAL_SINGLE_FRAME,CAMERA_LOCAL,0.0007800087332725525,0.005416489206254482,0.03390352427959442,0,OUTPUT
public_sf_022,0,public_sf_022_f000,OPEN3D_OFFICIAL_SINGLE_FRAME,WORLD_FIXED,0.000345597043633461,0.004848717711865902,1.0227784514427185e-05,0,STOPPED_NO_TARGET_EVIDENCE
public_sf_022,0,public_sf_022_f000,OPEN3D_OFFICIAL_SINGLE_FRAME,CAMERA_LOCAL,0.000345597043633461,0.004848717711865902,1.562759280204773e-06,0,STOPPED_NO_TARGET_EVIDENCE
public_sf_022,1,public_sf_022_f001,OPEN3D_OFFICIAL_SINGLE_FRAME,WORLD_FIXED,0.0002743806689977646,0.004848717711865902,9.875744581222534e-06,0,STOPPED_NO_TARGET_EVIDENCE
public_sf_022,1,public_sf_022_f001,OPEN3D_OFFICIAL_SINGLE_FRAME,CAMERA_LOCAL,0.0002743806689977646,0.004848717711865902,1.5925616025924683e-06,0,STOPPED_NO_TARGET_EVIDENCE
public_sf_001,0,public_sf_001_f000,OPEN3D_HUBER_SINGLE_FRAME,WORLD_FIXED,0.00041450001299381256,0.004977110773324966,0.019843025133013725,6144,OUTPUT
public_sf_001,0,public_sf_001_f000,OPEN3D_HUBER_SINGLE_FRAME,CAMERA_LOCAL,0.00041450001299381256,0.004977110773324966,0.01921824924647808,0,OUTPUT
public_sf_001,1,public_sf_001_f001,OPEN3D_HUBER_SINGLE_FRAME,WORLD_FIXED,0.000299304723739624,0.004977110773324966,0.01961117796599865,6144,OUTPUT
public_sf_001,1,public_sf_001_f001,OPEN3D_HUBER_SINGLE_FRAME,CAMERA_LOCAL,0.000299304723739624,0.004977110773324966,0.018892424181103706,0,OUTPUT
public_sf_002,0,public_sf_002_f000,OPEN3D_HUBER_SINGLE_FRAME,WORLD_FIXED,0.0014402475208044052,0.008925803005695343,0.021822771057486534,3072,OUTPUT
public_sf_002,0,public_sf_002_f000,OPEN3D_HUBER_SINGLE_FRAME,CAMERA_LOCAL,0.0014402475208044052,0.008925803005695343,0.020860780030488968,0,OUTPUT
public_sf_002,1,public_sf_002_f001,OPEN3D_HUBER_SINGLE_FRAME,WORLD_FIXED,0.0012991279363632202,0.008925803005695343,0.021984020248055458,3072,OUTPUT
public_sf_002,1,public_sf_002_f001,OPEN3D_HUBER_SINGLE_FRAME,CAMERA_LOCAL,0.0012991279363632202,0.008925803005695343,0.0218051765114069,0,OUTPUT
public_sf_003,0,public_sf_003_f000,OPEN3D_HUBER_SINGLE_FRAME,WORLD_FIXED,0.000398857519030571,0.004820722155272961,0.020615000277757645,6144,OUTPUT
public_sf_003,0,public_sf_003_f000,OPEN3D_HUBER_SINGLE_FRAME,CAMERA_LOCAL,0.000398857519030571,0.004820722155272961,0.019539251923561096,0,OUTPUT
public_sf_003,1,public_sf_003_f001,OPEN3D_HUBER_SINGLE_FRAME,WORLD_FIXED,0.000310434028506279,0.004820722155272961,0.019822556525468826,6144,OUTPUT
public_sf_003,1,public_sf_003_f001,OPEN3D_HUBER_SINGLE_FRAME,CAMERA_LOCAL,0.000310434028506279,0.004820722155272961,0.01864597387611866,0,OUTPUT
public_sf_004,0,public_sf_004_f000,OPEN3D_HUBER_SINGLE_FRAME,WORLD_FIXED,0.0014539267867803574,0.009083133190870285,0.02130170166492462,3072,OUTPUT
public_sf_004,0,public_sf_004_f000,OPEN3D_HUBER_SINGLE_FRAME,CAMERA_LOCAL,0.0014539267867803574,0.009083133190870285,0.02058163285255432,0,OUTPUT
public_sf_004,1,public_sf_004_f001,OPEN3D_HUBER_SINGLE_FRAME,WORLD_FIXED,0.0012919120490550995,0.009083133190870285,0.02124384418129921,6144,OUTPUT
public_sf_004,1,public_sf_004_f001,OPEN3D_HUBER_SINGLE_FRAME,CAMERA_LOCAL,0.0012919120490550995,0.009083133190870285,0.02025296911597252,0,OUTPUT
public_sf_005,0,public_sf_005_f000,OPEN3D_HUBER_SINGLE_FRAME,WORLD_FIXED,0.00038196146488189697,0.004847581498324871,0.020132308825850487,6144,OUTPUT
public_sf_005,0,public_sf_005_f000,OPEN3D_HUBER_SINGLE_FRAME,CAMERA_LOCAL,0.00038196146488189697,0.004847581498324871,0.019141243770718575,0,OUTPUT
public_sf_005,1,public_sf_005_f001,OPEN3D_HUBER_SINGLE_FRAME,WORLD_FIXED,0.0002927985042333603,0.004847581498324871,0.0203210711479187,6144,OUTPUT
public_sf_005,1,public_sf_005_f001,OPEN3D_HUBER_SINGLE_FRAME,CAMERA_LOCAL,0.0002927985042333603,0.004847581498324871,0.019068436697125435,0,OUTPUT
public_sf_006,0,public_sf_006_f000,OPEN3D_HUBER_SINGLE_FRAME,WORLD_FIXED,0.0014968905597925186,0.008964565582573414,0.02371007576584816,3072,OUTPUT
public_sf_006,0,public_sf_006_f000,OPEN3D_HUBER_SINGLE_FRAME,CAMERA_LOCAL,0.0014968905597925186,0.008964565582573414,0.021682992577552795,0,OUTPUT
public_sf_006,1,public_sf_006_f001,OPEN3D_HUBER_SINGLE_FRAME,WORLD_FIXED,0.001347055658698082,0.008964565582573414,0.025742892175912857,3072,OUTPUT
public_sf_006,1,public_sf_006_f001,OPEN3D_HUBER_SINGLE_FRAME,CAMERA_LOCAL,0.001347055658698082,0.008964565582573414,0.026701975613832474,0,OUTPUT
public_sf_007,0,public_sf_007_f000,OPEN3D_HUBER_SINGLE_FRAME,WORLD_FIXED,0.0004260260611772537,0.004804551601409912,0.019846921786665916,3072,OUTPUT
public_sf_007,0,public_sf_007_f000,OPEN3D_HUBER_SINGLE_FRAME,CAMERA_LOCAL,0.0004260260611772537,0.004804551601409912,0.018718291074037552,0,OUTPUT
public_sf_007,1,public_sf_007_f001,OPEN3D_HUBER_SINGLE_FRAME,WORLD_FIXED,0.000372396782040596,0.004804551601409912,0.02460375614464283,6144,OUTPUT
public_sf_007,1,public_sf_007_f001,OPEN3D_HUBER_SINGLE_FRAME,CAMERA_LOCAL,0.000372396782040596,0.004804551601409912,0.023594334721565247,0,OUTPUT
public_sf_008,0,public_sf_008_f000,OPEN3D_HUBER_SINGLE_FRAME,WORLD_FIXED,0.0014447234570980072,0.008955968543887138,0.02493642456829548,3072,OUTPUT
public_sf_008,0,public_sf_008_f000,OPEN3D_HUBER_SINGLE_FRAME,CAMERA_LOCAL,0.0014447234570980072,0.008955968543887138,0.022601116448640823,0,OUTPUT
public_sf_008,1,public_sf_008_f001,OPEN3D_HUBER_SINGLE_FRAME,WORLD_FIXED,0.0013101212680339813,0.008955968543887138,0.025083424523472786,3072,OUTPUT
public_sf_008,1,public_sf_008_f001,OPEN3D_HUBER_SINGLE_FRAME,CAMERA_LOCAL,0.0013101212680339813,0.008955968543887138,0.02126382291316986,2864,OUTPUT
public_sf_009,0,public_sf_009_f000,OPEN3D_HUBER_SINGLE_FRAME,WORLD_FIXED,0.0008556153625249863,0.00483863428235054,0.02185286581516266,3072,OUTPUT
public_sf_009,0,public_sf_009_f000,OPEN3D_HUBER_SINGLE_FRAME,CAMERA_LOCAL,0.0008556153625249863,0.00483863428235054,0.0207278523594141,0,OUTPUT
public_sf_009,1,public_sf_009_f001,OPEN3D_HUBER_SINGLE_FRAME,WORLD_FIXED,0.0003172140568494797,0.00483863428235054,0.021409112960100174,6144,STOPPED_INSUFFICIENT_CORRESPONDENCES
public_sf_009,1,public_sf_009_f001,OPEN3D_HUBER_SINGLE_FRAME,CAMERA_LOCAL,0.0003172140568494797,0.00483863428235054,0.020015375688672066,0,STOPPED_INSUFFICIENT_CORRESPONDENCES
public_sf_010,0,public_sf_010_f000,OPEN3D_HUBER_SINGLE_FRAME,WORLD_FIXED,0.0003825817257165909,0.005134758539497852,0.020281314849853516,6144,OUTPUT
public_sf_010,0,public_sf_010_f000,OPEN3D_HUBER_SINGLE_FRAME,CAMERA_LOCAL,0.0003825817257165909,0.005134758539497852,0.019211390987038612,0,OUTPUT
public_sf_010,1,public_sf_010_f001,OPEN3D_HUBER_SINGLE_FRAME,WORLD_FIXED,0.0003033056855201721,0.005134758539497852,0.02541431225836277,3072,OUTPUT
public_sf_010,1,public_sf_010_f001,OPEN3D_HUBER_SINGLE_FRAME,CAMERA_LOCAL,0.0003033056855201721,0.005134758539497852,0.024822531268000603,2280,OUTPUT
public_sf_011,0,public_sf_011_f000,OPEN3D_HUBER_SINGLE_FRAME,WORLD_FIXED,0.00040696747601032257,0.004745233803987503,0.019535835832357407,3072,OUTPUT
public_sf_011,0,public_sf_011_f000,OPEN3D_HUBER_SINGLE_FRAME,CAMERA_LOCAL,0.00040696747601032257,0.004745233803987503,0.019026635214686394,0,OUTPUT
public_sf_011,1,public_sf_011_f001,OPEN3D_HUBER_SINGLE_FRAME,WORLD_FIXED,0.00036920420825481415,0.004745233803987503,0.01968947798013687,6144,OUTPUT
public_sf_011,1,public_sf_011_f001,OPEN3D_HUBER_SINGLE_FRAME,CAMERA_LOCAL,0.00036920420825481415,0.004745233803987503,0.018917540088295937,0,OUTPUT
public_sf_012,0,public_sf_012_f000,OPEN3D_HUBER_SINGLE_FRAME,WORLD_FIXED,0.0004294831305742264,0.004740176722407341,0.020790426060557365,6144,OUTPUT
public_sf_012,0,public_sf_012_f000,OPEN3D_HUBER_SINGLE_FRAME,CAMERA_LOCAL,0.0004294831305742264,0.004740176722407341,0.01967758871614933,0,OUTPUT
public_sf_012,1,public_sf_012_f001,OPEN3D_HUBER_SINGLE_FRAME,WORLD_FIXED,0.00030432455241680145,0.004740176722407341,0.02206226997077465,6144,OUTPUT
public_sf_012,1,public_sf_012_f001,OPEN3D_HUBER_SINGLE_FRAME,CAMERA_LOCAL,0.00030432455241680145,0.004740176722407341,0.02025613561272621,0,OUTPUT
public_sf_013,0,public_sf_013_f000,OPEN3D_HUBER_SINGLE_FRAME,WORLD_FIXED,0.00037608295679092407,0.004716956987977028,0.020278390496969223,6144,OUTPUT
public_sf_013,0,public_sf_013_f000,OPEN3D_HUBER_SINGLE_FRAME,CAMERA_LOCAL,0.00037608295679092407,0.004716956987977028,0.019240593537688255,0,OUTPUT
public_sf_013,1,public_sf_013_f001,OPEN3D_HUBER_SINGLE_FRAME,WORLD_FIXED,0.0003931596875190735,0.004716956987977028,0.02064831368625164,6144,OUTPUT
public_sf_013,1,public_sf_013_f001,OPEN3D_HUBER_SINGLE_FRAME,CAMERA_LOCAL,0.0003931596875190735,0.004716956987977028,0.01963544450700283,0,OUTPUT
public_sf_014,0,public_sf_014_f000,OPEN3D_HUBER_SINGLE_FRAME,WORLD_FIXED,0.0004261154681444168,0.004693802446126938,0.02094775252044201,6144,OUTPUT
public_sf_014,0,public_sf_014_f000,OPEN3D_HUBER_SINGLE_FRAME,CAMERA_LOCAL,0.0004261154681444168,0.004693802446126938,0.020733272656798363,0,OUTPUT
public_sf_014,1,public_sf_014_f001,OPEN3D_HUBER_SINGLE_FRAME,WORLD_FIXED,0.000319628044962883,0.004693802446126938,0.020677275955677032,6144,OUTPUT
public_sf_014,1,public_sf_014_f001,OPEN3D_HUBER_SINGLE_FRAME,CAMERA_LOCAL,0.000319628044962883,0.004693802446126938,0.021302243694663048,0,OUTPUT
public_sf_015,0,public_sf_015_f000,OPEN3D_HUBER_SINGLE_FRAME,WORLD_FIXED,0.001386146992444992,0.004652003757655621,0.020306700840592384,6144,STOPPED_INSUFFICIENT_CORRESPONDENCES
public_sf_015,0,public_sf_015_f000,OPEN3D_HUBER_SINGLE_FRAME,CAMERA_LOCAL,0.001386146992444992,0.004652003757655621,0.019190041348338127,0,STOPPED_INSUFFICIENT_CORRESPONDENCES
public_sf_015,1,public_sf_015_f001,OPEN3D_HUBER_SINGLE_FRAME,WORLD_FIXED,0.00048132985830307007,0.004652003757655621,0.01966932788491249,6144,STOPPED_INSUFFICIENT_CORRESPONDENCES
public_sf_015,1,public_sf_015_f001,OPEN3D_HUBER_SINGLE_FRAME,CAMERA_LOCAL,0.00048132985830307007,0.004652003757655621,0.018577391281723976,0,STOPPED_INSUFFICIENT_CORRESPONDENCES
public_sf_016,0,public_sf_016_f000,OPEN3D_HUBER_SINGLE_FRAME,WORLD_FIXED,0.0008231606334447861,0.009013134054839611,0.020428523421287537,3072,STOPPED_INSUFFICIENT_CORRESPONDENCES
public_sf_016,0,public_sf_016_f000,OPEN3D_HUBER_SINGLE_FRAME,CAMERA_LOCAL,0.0008231606334447861,0.009013134054839611,0.018596520647406578,0,STOPPED_INSUFFICIENT_CORRESPONDENCES
public_sf_016,1,public_sf_016_f001,OPEN3D_HUBER_SINGLE_FRAME,WORLD_FIXED,0.0004153735935688019,0.009013134054839611,0.020203646272420883,3072,STOPPED_INSUFFICIENT_CORRESPONDENCES
public_sf_016,1,public_sf_016_f001,OPEN3D_HUBER_SINGLE_FRAME,CAMERA_LOCAL,0.0004153735935688019,0.009013134054839611,0.01853501796722412,0,STOPPED_INSUFFICIENT_CORRESPONDENCES
public_sf_017,0,public_sf_017_f000,OPEN3D_HUBER_SINGLE_FRAME,WORLD_FIXED,0.0008725281804800034,0.006229270249605179,0.019998639822006226,6144,STOPPED_INSUFFICIENT_CORRESPONDENCES
public_sf_017,0,public_sf_017_f000,OPEN3D_HUBER_SINGLE_FRAME,CAMERA_LOCAL,0.0008725281804800034,0.006229270249605179,0.018966572359204292,0,STOPPED_INSUFFICIENT_CORRESPONDENCES
public_sf_017,1,public_sf_017_f001,OPEN3D_HUBER_SINGLE_FRAME,WORLD_FIXED,0.0004491228610277176,0.006229270249605179,0.019689438864588737,6144,STOPPED_INSUFFICIENT_CORRESPONDENCES
public_sf_017,1,public_sf_017_f001,OPEN3D_HUBER_SINGLE_FRAME,CAMERA_LOCAL,0.0004491228610277176,0.006229270249605179,0.01899714209139347,0,STOPPED_INSUFFICIENT_CORRESPONDENCES
public_sf_018,0,public_sf_018_f000,OPEN3D_HUBER_SINGLE_FRAME,WORLD_FIXED,0.0008155684918165207,0.010390955954790115,0.020145801827311516,3072,STOPPED_INSUFFICIENT_CORRESPONDENCES
public_sf_018,0,public_sf_018_f000,OPEN3D_HUBER_SINGLE_FRAME,CAMERA_LOCAL,0.0008155684918165207,0.010390955954790115,0.019090332090854645,0,STOPPED_INSUFFICIENT_CORRESPONDENCES
public_sf_018,1,public_sf_018_f001,OPEN3D_HUBER_SINGLE_FRAME,WORLD_FIXED,0.0005529690533876419,0.010390955954790115,0.02012326568365097,3072,STOPPED_INSUFFICIENT_CORRESPONDENCES
public_sf_018,1,public_sf_018_f001,OPEN3D_HUBER_SINGLE_FRAME,CAMERA_LOCAL,0.0005529690533876419,0.010390955954790115,0.018569231033325195,0,STOPPED_INSUFFICIENT_CORRESPONDENCES
public_sf_019,0,public_sf_019_f000,OPEN3D_HUBER_SINGLE_FRAME,WORLD_FIXED,0.0004318561404943466,0.0031074161330858865,0.021142151206731796,3072,OUTPUT
public_sf_019,0,public_sf_019_f000,OPEN3D_HUBER_SINGLE_FRAME,CAMERA_LOCAL,0.0004318561404943466,0.0031074161330858865,0.022122232243418694,0,OUTPUT
public_sf_019,1,public_sf_019_f001,OPEN3D_HUBER_SINGLE_FRAME,WORLD_FIXED,0.00036665983498096466,0.0031074161330858865,0.021602453663945198,6144,OUTPUT
public_sf_019,1,public_sf_019_f001,OPEN3D_HUBER_SINGLE_FRAME,CAMERA_LOCAL,0.00036665983498096466,0.0031074161330858865,0.02122410759329796,0,OUTPUT
public_sf_019,2,public_sf_019_f002,OPEN3D_HUBER_SINGLE_FRAME,WORLD_FIXED,0.0003083422780036926,0.0031074161330858865,0.02829531952738762,6144,OUTPUT
public_sf_019,2,public_sf_019_f002,OPEN3D_HUBER_SINGLE_FRAME,CAMERA_LOCAL,0.0003083422780036926,0.0031074161330858865,0.022182893007993698,0,OUTPUT
public_sf_020,0,public_sf_020_f000,OPEN3D_HUBER_SINGLE_FRAME,WORLD_FIXED,0.0014390721917152405,0.00606406790514787,0.026516301557421684,3072,OUTPUT
public_sf_020,0,public_sf_020_f000,OPEN3D_HUBER_SINGLE_FRAME,CAMERA_LOCAL,0.0014390721917152405,0.00606406790514787,0.025378938764333725,0,OUTPUT
public_sf_020,1,public_sf_020_f001,OPEN3D_HUBER_SINGLE_FRAME,WORLD_FIXED,0.0012536272406578064,0.00606406790514787,0.027645563706755638,3072,OUTPUT
public_sf_020,1,public_sf_020_f001,OPEN3D_HUBER_SINGLE_FRAME,CAMERA_LOCAL,0.0012536272406578064,0.00606406790514787,0.02680307999253273,0,OUTPUT
public_sf_020,2,public_sf_020_f002,OPEN3D_HUBER_SINGLE_FRAME,WORLD_FIXED,0.0012572519481182098,0.00606406790514787,0.024947384372353554,3072,OUTPUT
public_sf_020,2,public_sf_020_f002,OPEN3D_HUBER_SINGLE_FRAME,CAMERA_LOCAL,0.0012572519481182098,0.00606406790514787,0.024521753191947937,0,OUTPUT
public_sf_021,0,public_sf_021_f000,OPEN3D_HUBER_SINGLE_FRAME,WORLD_FIXED,0.0008849557489156723,0.005416489206254482,0.027557112276554108,6144,OUTPUT
public_sf_021,0,public_sf_021_f000,OPEN3D_HUBER_SINGLE_FRAME,CAMERA_LOCAL,0.0008849557489156723,0.005416489206254482,0.027547316625714302,0,OUTPUT
public_sf_021,1,public_sf_021_f001,OPEN3D_HUBER_SINGLE_FRAME,WORLD_FIXED,0.0007800087332725525,0.005416489206254482,0.025072447955608368,6144,OUTPUT
public_sf_021,1,public_sf_021_f001,OPEN3D_HUBER_SINGLE_FRAME,CAMERA_LOCAL,0.0007800087332725525,0.005416489206254482,0.02626531571149826,0,OUTPUT
public_sf_022,0,public_sf_022_f000,OPEN3D_HUBER_SINGLE_FRAME,WORLD_FIXED,0.000345597043633461,0.004848717711865902,1.0889023542404175e-05,0,STOPPED_NO_TARGET_EVIDENCE
public_sf_022,0,public_sf_022_f000,OPEN3D_HUBER_SINGLE_FRAME,CAMERA_LOCAL,0.000345597043633461,0.004848717711865902,1.7210841178894043e-06,0,STOPPED_NO_TARGET_EVIDENCE
public_sf_022,1,public_sf_022_f001,OPEN3D_HUBER_SINGLE_FRAME,WORLD_FIXED,0.0002743806689977646,0.004848717711865902,1.1056661605834961e-05,0,STOPPED_NO_TARGET_EVIDENCE
public_sf_022,1,public_sf_022_f001,OPEN3D_HUBER_SINGLE_FRAME,CAMERA_LOCAL,0.0002743806689977646,0.004848717711865902,1.560896635055542e-06,0,STOPPED_NO_TARGET_EVIDENCE
