case_id,method,coordinate_model,successful_frames,total_frames,truth_pair_count,truth_translation_median_mm,truth_translation_max_mm,truth_rotation_median_deg,truth_rotation_max_deg,output_pair_count,output_translation_median_mm,output_translation_max_mm,output_rotation_median_deg,output_rotation_max_deg
public_sf_001,CURRENT_FIXED_SINGLE_FRAME,WORLD_FIXED,2,2,1,0.0,0.0,0.0,0.0,1,0.0,0.0,0.0,0.0
public_sf_001,CURRENT_FIXED_SINGLE_FRAME,CAMERA_LOCAL,2,2,1,7.359808400080195e-15,7.359808400080195e-15,0.0,0.0,1,1.10944962565458e-06,1.10944962565458e-06,0.0,0.0
public_sf_002,CURRENT_FIXED_SINGLE_FRAME,WORLD_FIXED,2,2,1,0.0,0.0,0.0,0.0,1,8.200510025835979e-07,8.200510025835979e-07,0.0,0.0
public_sf_002,CURRENT_FIXED_SINGLE_FRAME,CAMERA_LOCAL,2,2,1,1.993045536433795e-14,1.993045536433795e-14,0.0,0.0,1,8.124263478341541e-07,8.124263478341541e-07,0.0,0.0
public_sf_003,CURRENT_FIXED_SINGLE_FRAME,WORLD_FIXED,2,2,1,0.0,0.0,1.2074182697257333e-06,1.2074182697257333e-06,1,1.5118756885879846e-06,1.5118756885879846e-06,0.0,0.0
public_sf_003,CURRENT_FIXED_SINGLE_FRAME,CAMERA_LOCAL,2,2,1,0.0,0.0,0.0,0.0,1,1.3612867851901413e-07,1.3612867851901413e-07,0.0,0.0
public_sf_004,CURRENT_FIXED_SINGLE_FRAME,WORLD_FIXED,2,2,1,0.0,0.0,0.0,0.0,1,4.61130561964234e-06,4.61130561964234e-06,0.0,0.0
public_sf_004,CURRENT_FIXED_SINGLE_FRAME,CAMERA_LOCAL,2,2,1,0.0,0.0,0.0,0.0,1,2.5448523522449234e-07,2.5448523522449234e-07,0.0,0.0
public_sf_005,CURRENT_FIXED_SINGLE_FRAME,WORLD_FIXED,2,2,1,0.0,0.0,0.0,0.0,1,0.045223999979847065,0.045223999979847065,0.0033737658308976336,0.0033737658308976336
public_sf_005,CURRENT_FIXED_SINGLE_FRAME,CAMERA_LOCAL,2,2,1,0.4011639708481282,0.4011639708481282,0.0,0.0,1,0.3970320376617084,0.3970320376617084,0.0006233576739290082,0.0006233576739290082
public_sf_006,CURRENT_FIXED_SINGLE_FRAME,WORLD_FIXED,0,2,1,0.0,0.0,0.0,0.0,0,,,,
public_sf_006,CURRENT_FIXED_SINGLE_FRAME,CAMERA_LOCAL,0,2,1,0.22328508615257617,0.22328508615257617,1.2074182697257333e-06,1.2074182697257333e-06,0,,,,
public_sf_007,CURRENT_FIXED_SINGLE_FRAME,WORLD_FIXED,2,2,1,0.5672919188038612,0.5672919188038612,0.0,0.0,1,0.5045055850835981,0.5045055850835981,0.00616453839367623,0.00616453839367623
public_sf_007,CURRENT_FIXED_SINGLE_FRAME,CAMERA_LOCAL,2,2,1,0.0,0.0,0.0,0.0,1,0.02196427556396992,0.02196427556396992,0.0013725653461964347,0.0013725653461964347
public_sf_008,CURRENT_FIXED_SINGLE_FRAME,WORLD_FIXED,0,2,1,0.27882611177422306,0.27882611177422306,0.0,0.0,0,,,,
public_sf_008,CURRENT_FIXED_SINGLE_FRAME,CAMERA_LOCAL,0,2,1,0.0,0.0,0.0,0.0,0,,,,
public_sf_009,CURRENT_FIXED_SINGLE_FRAME,WORLD_FIXED,2,2,1,0.0,0.0,0.0,0.0,1,17.277257621986188,17.277257621986188,1.31284873171228,1.31284873171228
public_sf_009,CURRENT_FIXED_SINGLE_FRAME,CAMERA_LOCAL,2,2,1,0.8943699963332261,0.8943699963332261,0.019002836556739764,0.019002836556739764,1,19.537204612328313,19.537204612328313,1.3137158294836044,1.3137158294836044
public_sf_010,CURRENT_FIXED_SINGLE_FRAME,WORLD_FIXED,2,2,1,0.0,0.0,0.0,0.0,1,0.0009532499334899552,0.0009532499334899552,6.425462117768298e-05,6.425462117768298e-05
public_sf_010,CURRENT_FIXED_SINGLE_FRAME,CAMERA_LOCAL,2,2,1,0.19937728369571628,0.19937728369571628,0.1928614143741937,0.1928614143741937,1,0.5057048433972601,0.5057048433972601,0.19057632951593917,0.19057632951593917
public_sf_011,CURRENT_FIXED_SINGLE_FRAME,WORLD_FIXED,2,2,1,0.0,0.0,0.0,0.0,1,4.4042519596858665e-05,4.4042519596858665e-05,4.829673078902935e-06,4.829673078902935e-06
public_sf_011,CURRENT_FIXED_SINGLE_FRAME,CAMERA_LOCAL,2,2,1,0.9887832955476619,0.9887832955476619,0.10836742485829509,0.10836742485829509,1,0.9888261366768595,0.9888261366768595,0.10835891563129549,0.10835891563129549
public_sf_012,CURRENT_FIXED_SINGLE_FRAME,WORLD_FIXED,2,2,1,0.0,0.0,0.0,0.0,1,35.2163514944312,35.2163514944312,2.552232278196719,2.552232278196719
public_sf_012,CURRENT_FIXED_SINGLE_FRAME,CAMERA_LOCAL,2,2,1,0.3338056063797057,0.3338056063797057,0.16755446773199784,0.16755446773199784,1,37.953577258895486,37.953577258895486,2.735608923675267,2.735608923675267
public_sf_013,CURRENT_FIXED_SINGLE_FRAME,WORLD_FIXED,2,2,1,0.0,0.0,0.0,0.0,1,18.955402499265745,18.955402499265745,1.6760981765021035,1.6760981765021035
public_sf_013,CURRENT_FIXED_SINGLE_FRAME,CAMERA_LOCAL,2,2,1,0.5599441272689784,0.5599441272689784,0.14198038398373303,0.14198038398373303,1,20.021482604916923,20.021482604916923,1.647063946511823,1.647063946511823
public_sf_014,CURRENT_FIXED_SINGLE_FRAME,WORLD_FIXED,2,2,1,0.0,0.0,0.0,0.0,1,47.6400522535988,47.6400522535988,5.975238984569746,5.975238984569746
public_sf_014,CURRENT_FIXED_SINGLE_FRAME,CAMERA_LOCAL,2,2,1,1.4124768190911496,1.4124768190911496,0.12846174159467197,0.12846174159467197,1,51.130436809158255,51.130436809158255,5.714720554101922,5.714720554101922
public_sf_015,CURRENT_FIXED_SINGLE_FRAME,WORLD_FIXED,0,2,1,0.8821612453304928,0.8821612453304928,0.07532208908749839,0.07532208908749839,0,,,,
public_sf_015,CURRENT_FIXED_SINGLE_FRAME,CAMERA_LOCAL,0,2,1,0.8745804008672722,0.8745804008672722,0.07502456347866573,0.07502456347866573,0,,,,
public_sf_016,CURRENT_FIXED_SINGLE_FRAME,WORLD_FIXED,0,2,1,0.73816396463817,0.73816396463817,0.13069219590354395,0.13069219590354395,0,,,,
public_sf_016,CURRENT_FIXED_SINGLE_FRAME,CAMERA_LOCAL,0,2,1,0.7298718801782784,0.7298718801782784,0.1317213484300207,0.1317213484300207,0,,,,
public_sf_017,CURRENT_FIXED_SINGLE_FRAME,WORLD_FIXED,0,2,1,0.8529721572659537,0.8529721572659537,0.17261433800675463,0.17261433800675463,0,,,,
public_sf_017,CURRENT_FIXED_SINGLE_FRAME,CAMERA_LOCAL,0,2,1,0.8698310735967465,0.8698310735967465,0.17424763081935535,0.17424763081935535,0,,,,
public_sf_018,CURRENT_FIXED_SINGLE_FRAME,WORLD_FIXED,0,2,1,0.678169402185358,0.678169402185358,0.1446559295258471,0.1446559295258471,0,,,,
public_sf_018,CURRENT_FIXED_SINGLE_FRAME,CAMERA_LOCAL,0,2,1,0.6726959177319178,0.6726959177319178,0.14617824234216908,0.14617824234216908,0,,,,
public_sf_019,CURRENT_FIXED_SINGLE_FRAME,WORLD_FIXED,3,3,3,28.680242781886452,32.166858765681724,3.8987101922283065,4.318546416231325,3,28.68021434163518,32.16682209021101,3.898705436860517,4.318543999164269
public_sf_019,CURRENT_FIXED_SINGLE_FRAME,CAMERA_LOCAL,3,3,3,28.30417825720809,37.12419599172421,3.8607748664657007,4.30076964685179,3,28.30419617227114,37.124253217946034,3.8607756192983786,4.300768684082483
public_sf_020,CURRENT_FIXED_SINGLE_FRAME,WORLD_FIXED,2,3,3,23.82169042035829,24.614384319044238,5.259731057331912,5.300767382772914,1,24.614669311255764,24.614669311255764,5.300750449182145,5.300750449182145
public_sf_020,CURRENT_FIXED_SINGLE_FRAME,CAMERA_LOCAL,2,3,3,19.37700265885732,23.13874118173653,5.263917763234183,5.307432921405982,1,18.63619643113052,18.63619643113052,5.307406105083829,5.307406105083829
public_sf_021,CURRENT_FIXED_SINGLE_FRAME,WORLD_FIXED,2,2,1,0.0,0.0,0.0,0.0,1,0.0012405752283969524,0.0012405752283969524,8.077980154859961e-05,8.077980154859961e-05
public_sf_021,CURRENT_FIXED_SINGLE_FRAME,CAMERA_LOCAL,2,2,1,0.7274475161366036,0.7274475161366036,0.24504824914526754,0.24504824914526754,1,1.2084804911293114,1.2084804911293114,0.24258794491232274,0.24258794491232274
public_sf_022,CURRENT_FIXED_SINGLE_FRAME,WORLD_FIXED,0,2,1,0.0,0.0,0.0,0.0,0,,,,
public_sf_022,CURRENT_FIXED_SINGLE_FRAME,CAMERA_LOCAL,0,2,1,0.8532863245441329,0.8532863245441329,0.3814361124525769,0.3814361124525769,0,,,,
public_sf_001,OPEN3D_OFFICIAL_SINGLE_FRAME,WORLD_FIXED,2,2,1,0.0,0.0,0.0,0.0,1,5.87473317789003e-13,5.87473317789003e-13,0.0,0.0
public_sf_001,OPEN3D_OFFICIAL_SINGLE_FRAME,CAMERA_LOCAL,2,2,1,7.359808400080195e-15,7.359808400080195e-15,0.0,0.0,1,3.0684752104518384e-13,3.0684752104518384e-13,0.0,0.0
public_sf_002,OPEN3D_OFFICIAL_SINGLE_FRAME,WORLD_FIXED,2,2,1,0.0,0.0,0.0,0.0,1,0.017260526833185255,0.017260526833185255,0.0011940945487955582,0.0011940945487955582
public_sf_002,OPEN3D_OFFICIAL_SINGLE_FRAME,CAMERA_LOCAL,2,2,1,1.993045536433795e-14,1.993045536433795e-14,0.0,0.0,1,0.026324741984944878,0.026324741984944878,0.0019345508575762795,0.0019345508575762795
public_sf_003,OPEN3D_OFFICIAL_SINGLE_FRAME,WORLD_FIXED,2,2,1,0.0,0.0,1.2074182697257333e-06,1.2074182697257333e-06,1,7.28677707500337e-13,7.28677707500337e-13,0.0,0.0
public_sf_003,OPEN3D_OFFICIAL_SINGLE_FRAME,CAMERA_LOCAL,2,2,1,0.0,0.0,0.0,0.0,1,7.365271890243368e-13,7.365271890243368e-13,0.0,0.0
public_sf_004,OPEN3D_OFFICIAL_SINGLE_FRAME,WORLD_FIXED,2,2,1,0.0,0.0,0.0,0.0,1,0.010942368041554455,0.010942368041554455,0.0006942613053681206,0.0006942613053681206
public_sf_004,OPEN3D_OFFICIAL_SINGLE_FRAME,CAMERA_LOCAL,2,2,1,0.0,0.0,0.0,0.0,1,0.01628970142432732,0.01628970142432732,0.0008863667304461214,0.0008863667304461214
public_sf_005,OPEN3D_OFFICIAL_SINGLE_FRAME,WORLD_FIXED,2,2,1,0.0,0.0,0.0,0.0,1,1.167675580091974e-10,1.167675580091974e-10,0.0,0.0
public_sf_005,OPEN3D_OFFICIAL_SINGLE_FRAME,CAMERA_LOCAL,2,2,1,0.4011639708481282,0.4011639708481282,0.0,0.0,1,0.40116397077400145,0.40116397077400145,0.0,0.0
public_sf_006,OPEN3D_OFFICIAL_SINGLE_FRAME,WORLD_FIXED,2,2,1,0.0,0.0,0.0,0.0,1,0.15389968419120534,0.15389968419120534,0.01173304709396118,0.01173304709396118
public_sf_006,OPEN3D_OFFICIAL_SINGLE_FRAME,CAMERA_LOCAL,2,2,1,0.22328508615257617,0.22328508615257617,1.2074182697257333e-06,1.2074182697257333e-06,1,0.2139277904605098,0.2139277904605098,0.001940159612724843,0.001940159612724843
public_sf_007,OPEN3D_OFFICIAL_SINGLE_FRAME,WORLD_FIXED,2,2,1,0.5672919188038612,0.5672919188038612,0.0,0.0,1,0.5672919188049002,0.5672919188049002,0.0,0.0
public_sf_007,OPEN3D_OFFICIAL_SINGLE_FRAME,CAMERA_LOCAL,2,2,1,0.0,0.0,0.0,0.0,1,8.533466509350596e-13,8.533466509350596e-13,1.2074182697257333e-06,1.2074182697257333e-06
public_sf_008,OPEN3D_OFFICIAL_SINGLE_FRAME,WORLD_FIXED,2,2,1,0.27882611177422306,0.27882611177422306,0.0,0.0,1,0.27755503608175897,0.27755503608175897,0.0012698407093761736,0.0012698407093761736
public_sf_008,OPEN3D_OFFICIAL_SINGLE_FRAME,CAMERA_LOCAL,2,2,1,0.0,0.0,0.0,0.0,1,0.03722989147827679,0.03722989147827679,0.002694320524928233,0.002694320524928233
public_sf_009,OPEN3D_OFFICIAL_SINGLE_FRAME,WORLD_FIXED,2,2,1,0.0,0.0,0.0,0.0,1,17.311955532478787,17.311955532478787,1.314294302775531,1.314294302775531
public_sf_009,OPEN3D_OFFICIAL_SINGLE_FRAME,CAMERA_LOCAL,2,2,1,0.8943699963332261,0.8943699963332261,0.019002836556739764,0.019002836556739764,1,19.53311858372296,19.53311858372296,1.3136912406941774,1.3136912406941774
public_sf_010,OPEN3D_OFFICIAL_SINGLE_FRAME,WORLD_FIXED,2,2,1,0.0,0.0,0.0,0.0,1,5.589633729087815e-07,5.589633729087815e-07,0.0,0.0
public_sf_010,OPEN3D_OFFICIAL_SINGLE_FRAME,CAMERA_LOCAL,2,2,1,0.19937728369571628,0.19937728369571628,0.1928614143741937,0.1928614143741937,1,0.19937728459549217,0.19937728459549217,0.1928614145518329,0.1928614145518329
public_sf_011,OPEN3D_OFFICIAL_SINGLE_FRAME,WORLD_FIXED,2,2,1,0.0,0.0,0.0,0.0,1,9.476858548964092e-10,9.476858548964092e-10,0.0,0.0
public_sf_011,OPEN3D_OFFICIAL_SINGLE_FRAME,CAMERA_LOCAL,2,2,1,0.9887832955476619,0.9887832955476619,0.10836742485829509,0.10836742485829509,1,0.9886824102293799,0.9886824102293799,0.10836549699543446,0.10836549699543446
public_sf_012,OPEN3D_OFFICIAL_SINGLE_FRAME,WORLD_FIXED,2,2,1,0.0,0.0,0.0,0.0,1,46.05111865500587,46.05111865500587,3.8021822227732756,3.8021822227732756
public_sf_012,OPEN3D_OFFICIAL_SINGLE_FRAME,CAMERA_LOCAL,2,2,1,0.3338056063797057,0.3338056063797057,0.16755446773199784,0.16755446773199784,1,50.581220314606725,50.581220314606725,3.7908962482059105,3.7908962482059105
public_sf_013,OPEN3D_OFFICIAL_SINGLE_FRAME,WORLD_FIXED,2,2,1,0.0,0.0,0.0,0.0,1,42.090171898270114,42.090171898270114,3.332945497277257,3.332945497277257
public_sf_013,OPEN3D_OFFICIAL_SINGLE_FRAME,CAMERA_LOCAL,2,2,1,0.5599441272689784,0.5599441272689784,0.14198038398373303,0.14198038398373303,1,48.12309769989064,48.12309769989064,3.4911873109121063,3.4911873109121063
public_sf_014,OPEN3D_OFFICIAL_SINGLE_FRAME,WORLD_FIXED,2,2,1,0.0,0.0,0.0,0.0,1,36.45877481924534,36.45877481924534,4.9889235178374065,4.9889235178374065
public_sf_014,OPEN3D_OFFICIAL_SINGLE_FRAME,CAMERA_LOCAL,2,2,1,1.4124768190911496,1.4124768190911496,0.12846174159467197,0.12846174159467197,1,229.1684635719469,229.1684635719469,18.08469762678384,18.08469762678384
public_sf_015,OPEN3D_OFFICIAL_SINGLE_FRAME,WORLD_FIXED,2,2,1,0.8821612453304928,0.8821612453304928,0.07532208908749839,0.07532208908749839,1,0.3592073873611003,0.3592073873611003,0.11304916727736311,0.11304916727736311
public_sf_015,OPEN3D_OFFICIAL_SINGLE_FRAME,CAMERA_LOCAL,2,2,1,0.8745804008672722,0.8745804008672722,0.07502456347866573,0.07502456347866573,1,0.5216669950219139,0.5216669950219139,0.15508407622338016,0.15508407622338016
public_sf_016,OPEN3D_OFFICIAL_SINGLE_FRAME,WORLD_FIXED,2,2,1,0.73816396463817,0.73816396463817,0.13069219590354395,0.13069219590354395,1,7.985935182621598,7.985935182621598,3.174191697962885,3.174191697962885
public_sf_016,OPEN3D_OFFICIAL_SINGLE_FRAME,CAMERA_LOCAL,2,2,1,0.7298718801782784,0.7298718801782784,0.1317213484300207,0.1317213484300207,1,7.729386764241522,7.729386764241522,3.173905212952776,3.173905212952776
public_sf_017,OPEN3D_OFFICIAL_SINGLE_FRAME,WORLD_FIXED,2,2,1,0.8529721572659537,0.8529721572659537,0.17261433800675463,0.17261433800675463,1,1.0175325025674513,1.0175325025674513,0.17420800877840112,0.17420800877840112
public_sf_017,OPEN3D_OFFICIAL_SINGLE_FRAME,CAMERA_LOCAL,2,2,1,0.8698310735967465,0.8698310735967465,0.17424763081935535,0.17424763081935535,1,8.136677765302728,8.136677765302728,0.5969777779480212,0.5969777779480212
public_sf_018,OPEN3D_OFFICIAL_SINGLE_FRAME,WORLD_FIXED,2,2,1,0.678169402185358,0.678169402185358,0.1446559295258471,0.1446559295258471,1,6.9765331962178205,6.9765331962178205,1.5031204155176376,1.5031204155176376
public_sf_018,OPEN3D_OFFICIAL_SINGLE_FRAME,CAMERA_LOCAL,2,2,1,0.6726959177319178,0.6726959177319178,0.14617824234216908,0.14617824234216908,1,7.078788767206586,7.078788767206586,1.499477710000448,1.499477710000448
public_sf_019,OPEN3D_OFFICIAL_SINGLE_FRAME,WORLD_FIXED,3,3,3,28.680242781886452,32.166858765681724,3.8987101922283065,4.318546416231325,3,28.680236205507693,32.16685246390451,3.898710260543157,4.318546404312045
public_sf_019,OPEN3D_OFFICIAL_SINGLE_FRAME,CAMERA_LOCAL,3,3,3,28.30417825720809,37.12419599172421,3.8607748664657007,4.30076964685179,3,28.30417825720733,37.124195991724896,3.860774866465512,4.30076964685179
public_sf_020,OPEN3D_OFFICIAL_SINGLE_FRAME,WORLD_FIXED,3,3,3,23.82169042035829,24.614384319044238,5.259731057331912,5.300767382772914,3,23.80825253035432,24.603719218231134,5.2605473054271155,5.300721813946779
public_sf_020,OPEN3D_OFFICIAL_SINGLE_FRAME,CAMERA_LOCAL,3,3,3,19.37700265885732,23.13874118173653,5.263917763234183,5.307432921405982,3,19.361669290245253,23.12318158190445,5.267774504041992,5.309974178678198
public_sf_021,OPEN3D_OFFICIAL_SINGLE_FRAME,WORLD_FIXED,2,2,1,0.0,0.0,0.0,0.0,1,260.915865188518,260.915865188518,17.38690108936151,17.38690108936151
public_sf_021,OPEN3D_OFFICIAL_SINGLE_FRAME,CAMERA_LOCAL,2,2,1,0.7274475161366036,0.7274475161366036,0.24504824914526754,0.24504824914526754,1,243.9452848392966,243.9452848392966,15.103233886187734,15.103233886187734
public_sf_022,OPEN3D_OFFICIAL_SINGLE_FRAME,WORLD_FIXED,0,2,1,0.0,0.0,0.0,0.0,0,,,,
public_sf_022,OPEN3D_OFFICIAL_SINGLE_FRAME,CAMERA_LOCAL,0,2,1,0.8532863245441329,0.8532863245441329,0.3814361124525769,0.3814361124525769,0,,,,
public_sf_001,OPEN3D_HUBER_SINGLE_FRAME,WORLD_FIXED,2,2,1,0.0,0.0,0.0,0.0,1,5.87473317789003e-13,5.87473317789003e-13,0.0,0.0
public_sf_001,OPEN3D_HUBER_SINGLE_FRAME,CAMERA_LOCAL,2,2,1,7.359808400080195e-15,7.359808400080195e-15,0.0,0.0,1,3.0684752104511114e-13,3.0684752104511114e-13,0.0,0.0
public_sf_002,OPEN3D_HUBER_SINGLE_FRAME,WORLD_FIXED,2,2,1,0.0,0.0,0.0,0.0,1,0.01726052683314865,0.01726052683314865,0.0011940945487955582,0.0011940945487955582
public_sf_002,OPEN3D_HUBER_SINGLE_FRAME,CAMERA_LOCAL,2,2,1,1.993045536433795e-14,1.993045536433795e-14,0.0,0.0,1,0.0263247419849497,0.0263247419849497,0.0019345508575762795,0.0019345508575762795
public_sf_003,OPEN3D_HUBER_SINGLE_FRAME,WORLD_FIXED,2,2,1,0.0,0.0,1.2074182697257333e-06,1.2074182697257333e-06,1,7.28677707500337e-13,7.28677707500337e-13,0.0,0.0
public_sf_003,OPEN3D_HUBER_SINGLE_FRAME,CAMERA_LOCAL,2,2,1,0.0,0.0,0.0,0.0,1,7.365271890243368e-13,7.365271890243368e-13,0.0,0.0
public_sf_004,OPEN3D_HUBER_SINGLE_FRAME,WORLD_FIXED,2,2,1,0.0,0.0,0.0,0.0,1,0.010942368041498398,0.010942368041498398,0.0006942613053681206,0.0006942613053681206
public_sf_004,OPEN3D_HUBER_SINGLE_FRAME,CAMERA_LOCAL,2,2,1,0.0,0.0,0.0,0.0,1,0.016289701424295065,0.016289701424295065,0.0008863667304461214,0.0008863667304461214
public_sf_005,OPEN3D_HUBER_SINGLE_FRAME,WORLD_FIXED,2,2,1,0.0,0.0,0.0,0.0,1,1.167675580091974e-10,1.167675580091974e-10,0.0,0.0
public_sf_005,OPEN3D_HUBER_SINGLE_FRAME,CAMERA_LOCAL,2,2,1,0.4011639708481282,0.4011639708481282,0.0,0.0,1,0.40116397077400145,0.40116397077400145,0.0,0.0
public_sf_006,OPEN3D_HUBER_SINGLE_FRAME,WORLD_FIXED,2,2,1,0.0,0.0,0.0,0.0,1,0.15389968419131922,0.15389968419131922,0.011733047156087363,0.011733047156087363
public_sf_006,OPEN3D_HUBER_SINGLE_FRAME,CAMERA_LOCAL,2,2,1,0.22328508615257617,0.22328508615257617,1.2074182697257333e-06,1.2074182697257333e-06,1,0.21392779046076485,0.21392779046076485,0.0019401592370188933,0.0019401592370188933
public_sf_007,OPEN3D_HUBER_SINGLE_FRAME,WORLD_FIXED,2,2,1,0.5672919188038612,0.5672919188038612,0.0,0.0,1,0.5672919188042974,0.5672919188042974,0.0,0.0
public_sf_007,OPEN3D_HUBER_SINGLE_FRAME,CAMERA_LOCAL,2,2,1,0.0,0.0,0.0,0.0,1,5.270428873970371e-13,5.270428873970371e-13,0.0,0.0
public_sf_008,OPEN3D_HUBER_SINGLE_FRAME,WORLD_FIXED,2,2,1,0.27882611177422306,0.27882611177422306,0.0,0.0,1,0.2775550360819297,0.2775550360819297,0.0012698401353438572,0.0012698401353438572
public_sf_008,OPEN3D_HUBER_SINGLE_FRAME,CAMERA_LOCAL,2,2,1,0.0,0.0,0.0,0.0,1,0.03722989147813035,0.03722989147813035,0.002694320524928233,0.002694320524928233
public_sf_009,OPEN3D_HUBER_SINGLE_FRAME,WORLD_FIXED,2,2,1,0.0,0.0,0.0,0.0,1,217.9945869398534,217.9945869398534,20.414360045621986,20.414360045621986
public_sf_009,OPEN3D_HUBER_SINGLE_FRAME,CAMERA_LOCAL,2,2,1,0.8943699963332261,0.8943699963332261,0.019002836556739764,0.019002836556739764,1,253.08246663713274,253.08246663713274,31.0636962935827,31.0636962935827
public_sf_010,OPEN3D_HUBER_SINGLE_FRAME,WORLD_FIXED,2,2,1,0.0,0.0,0.0,0.0,1,1.9249246028836912e-09,1.9249246028836912e-09,0.0,0.0
public_sf_010,OPEN3D_HUBER_SINGLE_FRAME,CAMERA_LOCAL,2,2,1,0.19937728369571628,0.19937728369571628,0.1928614143741937,0.1928614143741937,1,0.19937718849917954,0.19937718849917954,0.19286141312316016,0.19286141312316016
public_sf_011,OPEN3D_HUBER_SINGLE_FRAME,WORLD_FIXED,2,2,1,0.0,0.0,0.0,0.0,1,9.481267597231933e-13,9.481267597231933e-13,0.0,0.0
public_sf_011,OPEN3D_HUBER_SINGLE_FRAME,CAMERA_LOCAL,2,2,1,0.9887832955476619,0.9887832955476619,0.10836742485829509,0.10836742485829509,1,0.9887832955454796,0.9887832955454796,0.10836742485156864,0.10836742485156864
public_sf_012,OPEN3D_HUBER_SINGLE_FRAME,WORLD_FIXED,2,2,1,0.0,0.0,0.0,0.0,1,41.564888324173886,41.564888324173886,3.3144246628472773,3.3144246628472773
public_sf_012,OPEN3D_HUBER_SINGLE_FRAME,CAMERA_LOCAL,2,2,1,0.3338056063797057,0.3338056063797057,0.16755446773199784,0.16755446773199784,1,45.55066724432823,45.55066724432823,3.310434077175335,3.310434077175335
public_sf_013,OPEN3D_HUBER_SINGLE_FRAME,WORLD_FIXED,2,2,1,0.0,0.0,0.0,0.0,1,21.467776982822283,21.467776982822283,1.883361613027854,1.883361613027854
public_sf_013,OPEN3D_HUBER_SINGLE_FRAME,CAMERA_LOCAL,2,2,1,0.5599441272689784,0.5599441272689784,0.14198038398373303,0.14198038398373303,1,25.06413697969325,25.06413697969325,2.002229093909946,2.002229093909946
public_sf_014,OPEN3D_HUBER_SINGLE_FRAME,WORLD_FIXED,2,2,1,0.0,0.0,0.0,0.0,1,101.20281647349604,101.20281647349604,10.377520324157055,10.377520324157055
public_sf_014,OPEN3D_HUBER_SINGLE_FRAME,CAMERA_LOCAL,2,2,1,1.4124768190911496,1.4124768190911496,0.12846174159467197,0.12846174159467197,1,112.85138976520038,112.85138976520038,10.282737767381045,10.282737767381045
public_sf_015,OPEN3D_HUBER_SINGLE_FRAME,WORLD_FIXED,2,2,1,0.8821612453304928,0.8821612453304928,0.07532208908749839,0.07532208908749839,1,0.3592073873611003,0.3592073873611003,0.11304916727736311,0.11304916727736311
public_sf_015,OPEN3D_HUBER_SINGLE_FRAME,CAMERA_LOCAL,2,2,1,0.8745804008672722,0.8745804008672722,0.07502456347866573,0.07502456347866573,1,0.5216669950219139,0.5216669950219139,0.15508407622338016,0.15508407622338016
public_sf_016,OPEN3D_HUBER_SINGLE_FRAME,WORLD_FIXED,2,2,1,0.73816396463817,0.73816396463817,0.13069219590354395,0.13069219590354395,1,7.985935182621598,7.985935182621598,3.174191697962885,3.174191697962885
public_sf_016,OPEN3D_HUBER_SINGLE_FRAME,CAMERA_LOCAL,2,2,1,0.7298718801782784,0.7298718801782784,0.1317213484300207,0.1317213484300207,1,7.729386764241522,7.729386764241522,3.173905212952776,3.173905212952776
public_sf_017,OPEN3D_HUBER_SINGLE_FRAME,WORLD_FIXED,2,2,1,0.8529721572659537,0.8529721572659537,0.17261433800675463,0.17261433800675463,1,1.0175325025674513,1.0175325025674513,0.17420800877840112,0.17420800877840112
public_sf_017,OPEN3D_HUBER_SINGLE_FRAME,CAMERA_LOCAL,2,2,1,0.8698310735967465,0.8698310735967465,0.17424763081935535,0.17424763081935535,1,8.136677765302728,8.136677765302728,0.5969777779480212,0.5969777779480212
public_sf_018,OPEN3D_HUBER_SINGLE_FRAME,WORLD_FIXED,2,2,1,0.678169402185358,0.678169402185358,0.1446559295258471,0.1446559295258471,1,6.9765331962178205,6.9765331962178205,1.5031204155176376,1.5031204155176376
public_sf_018,OPEN3D_HUBER_SINGLE_FRAME,CAMERA_LOCAL,2,2,1,0.6726959177319178,0.6726959177319178,0.14617824234216908,0.14617824234216908,1,7.078788767206586,7.078788767206586,1.499477710000448,1.499477710000448
public_sf_019,OPEN3D_HUBER_SINGLE_FRAME,WORLD_FIXED,3,3,3,28.680242781886452,32.166858765681724,3.8987101922283065,4.318546416231325,3,28.680236347139097,32.16685263115299,3.8987102593349814,4.318546405210692
public_sf_019,OPEN3D_HUBER_SINGLE_FRAME,CAMERA_LOCAL,3,3,3,28.30417825720809,37.12419599172421,3.8607748664657007,4.30076964685179,3,28.304178257360416,37.1241959918857,3.8607748662406642,4.300769646667723
public_sf_020,OPEN3D_HUBER_SINGLE_FRAME,WORLD_FIXED,3,3,3,23.82169042035829,24.614384319044238,5.259731057331912,5.300767382772914,3,23.818800139835016,24.597963421728767,5.259676333920065,5.302667254888534
public_sf_020,OPEN3D_HUBER_SINGLE_FRAME,CAMERA_LOCAL,3,3,3,19.37700265885732,23.13874118173653,5.263917763234183,5.307432921405982,3,19.413109707569593,23.145207235420663,5.264850032177372,5.309313548470495
public_sf_021,OPEN3D_HUBER_SINGLE_FRAME,WORLD_FIXED,2,2,1,0.0,0.0,0.0,0.0,1,239.9273666265289,239.9273666265289,18.958100697491727,18.958100697491727
public_sf_021,OPEN3D_HUBER_SINGLE_FRAME,CAMERA_LOCAL,2,2,1,0.7274475161366036,0.7274475161366036,0.24504824914526754,0.24504824914526754,1,215.55168088954477,215.55168088954477,14.37405299449001,14.37405299449001
public_sf_022,OPEN3D_HUBER_SINGLE_FRAME,WORLD_FIXED,0,2,1,0.0,0.0,0.0,0.0,0,,,,
public_sf_022,OPEN3D_HUBER_SINGLE_FRAME,CAMERA_LOCAL,0,2,1,0.8532863245441329,0.8532863245441329,0.3814361124525769,0.3814361124525769,0,,,,
